<?xml version="1.0" encoding="utf-8"?>
<COLLADA xmlns="http://www.collada.org/2005/11/COLLADASchema" version="1.4.1" xmlns:xsi="http://www.w3.org/2001/XMLSchema-instance">
  <asset>
    <contributor>
      <author>Blender User</author>
      <authoring_tool>Blender 3.0.1</authoring_tool>
    </contributor>
    <created>2025-10-09T18:39:46</created>
    <modified>2025-10-09T18:39:46</modified>
    <unit name="meter" meter="1"/>
    <up_axis>Z_UP</up_axis>
  </asset>
  <library_images/>
  <library_geometries>
    <geometry id="Mesh-1_002-mesh" name="Mesh-1.002">
      <mesh>
        <source id="Mesh-1_002-mesh-positions">
          <float_array id="Mesh-1_002-mesh-positions-array" count="20028">2.38419e-7 -0.06986099 -0.004395246 2.38419e-7 -0.06986099 0.004395246 2.38419e-7 -0.0687592 -0.01311647 2.38419e-7 -0.0687592 0.01311647 2.38419e-7 -0.06657314 -0.02163088 2.38419e-7 -0.06657314 0.02163088 2.38419e-7 -0.06499916 0 2.38419e-7 -0.06389236 -0.01194351 2.38419e-7 -0.06389236 0.01194351 2.38419e-7 -0.06333708 -0.02980417 2.38419e-7 -0.06333708 0.02980417 2.38419e-7 -0.06060987 -0.02348035 2.38419e-7 -0.06060987 0.02348035 2.38419e-7 -0.05910223 -0.03750741 2.38419e-7 -0.05910223 0.03750741 2.38419e-7 -0.05599927 0 2.38419e-7 -0.05526334 -0.03421765 2.38419e-7 -0.05526334 0.03421765 2.38419e-7 -0.05485296 -0.01127254 2.38419e-7 -0.05485296 0.01127254 2.38419e-7 -0.05393517 -0.04461908 2.38419e-7 -0.05393517 0.04461908 2.38419e-7 -0.05374926 -0.00849986 2.38419e-7 -0.05374926 0.00849986 2.38419e-7 -0.05299931 -0.007999897 2.38419e-7 -0.05299931 0.007999897 2.38419e-7 -0.05146092 -0.02208358 2.38419e-7 -0.05146092 0.02208358 2.38419e-7 -0.04803496 -0.04378962 2.38419e-7 -0.04803496 0.04378962 2.38419e-7 -0.04791766 -0.05102711 2.38419e-7 -0.04791766 0.05102711 2.38419e-7 -0.04596209 -0.03199058 2.38419e-7 -0.04596209 0.03199058 2.38419e-7 -0.0456494 0 2.38419e-7 -0.04542827 -8.24989e-4 2.38419e-7 -0.04542827 8.24989e-4 2.38419e-7 -0.04482442 -0.001428902 2.38419e-7 -0.04482442 0.001428902 2.38419e-7 -0.04399943 -0.007999897 2.38419e-7 -0.04399943 -0.007499873 2.38419e-7 -0.04399943 -0.001649975 2.38419e-7 -0.04399943 0.001649975 2.38419e-7 -0.04399943 0.007499873 2.38419e-7 -0.04399943 0.007999897 2.38419e-7 -0.04317444 -0.001428902 2.38419e-7 -0.04317444 0.001428902 2.38419e-7 -0.04257053 -8.24989e-4 2.38419e-7 -0.04257053 8.24989e-4 2.38419e-7 -0.04234945 0 2.38419e-7 -0.04114443 -0.05663043 2.38419e-7 -0.04114443 0.05663043 2.38419e-7 -0.03999948 -0.007499873 2.38419e-7 -0.03999948 0.007499873 2.38419e-7 -0.0391708 -0.0518704 2.38419e-7 -0.0391708 0.0518704 2.38419e-7 -0.0385816 -0.04058784 2.38419e-7 -0.0385816 0.04058784 2.38419e-7 -0.03524953 -0.02724963 2.38419e-7 -0.03524953 -0.00849986 2.38419e-7 -0.03524953 0.00849986 2.38419e-7 -0.03524953 0.03524953 2.38419e-7 -0.03499954 -0.02599966 2.38419e-7 -0.03499954 -0.00849986 2.38419e-7 -0.03499954 0.00849986 2.38419e-7 -0.03499954 0.03499954 2.38419e-7 -0.03431445 -0.0294438 2.38419e-7 -0.03417772 -0.03124958 2.38419e-7 -0.03372234 -0.06134068 2.38419e-7 -0.03372234 0.06134068 2.38419e-7 -0.03236359 -0.03236353 2.38419e-7 -0.03124958 -0.03417772 2.38419e-7 -0.0309996 -0.02599966 2.38419e-7 -0.0309996 -0.00849986 2.38419e-7 -0.0309996 0.00849986 2.38419e-7 -0.0309996 0.03499954 2.38419e-7 -0.0303297 -0.0284996 2.38419e-7 -0.0296216 -0.04752343 2.38419e-7 -0.0296216 0.04752343 2.38419e-7 -0.0294438 -0.03431445 2.38419e-7 -0.02897262 -0.0581848 2.38419e-7 -0.02897262 0.0581848 2.38419e-7 -0.0284996 -0.0303297 2.38419e-7 -0.02724963 -0.03524953 2.38419e-7 -0.02599966 -0.03499954 2.38419e-7 -0.02599966 -0.0309996 2.38419e-7 -0.02576833 -0.06508356 2.38419e-7 -0.02576833 0.06508356 2.38419e-7 -0.01944881 -0.05251342 2.38419e-7 -0.01944881 0.05251342 2.38419e-7 -0.01778787 -0.06251788 2.38419e-7 -0.01778787 0.06251788 2.38419e-7 -0.01740807 -0.06779992 2.38419e-7 -0.01740807 0.06779992 2.38419e-7 -0.008773207 -0.0694471 2.38419e-7 -0.008773207 0.0694471 2.38419e-7 -0.00849986 -0.05374926 2.38419e-7 -0.00849986 -0.03524953 2.38419e-7 -0.00849986 -0.03499954 2.38419e-7 -0.00849986 -0.0309996 2.38419e-7 -0.008479833 -0.05535346 2.38419e-7 -0.008479833 0.05535346 2.38419e-7 -0.007999897 -0.05299931 2.38419e-7 -0.007999897 -0.04449939 2.38419e-7 -0.007749855 -0.0444324 2.38419e-7 -0.007566869 -0.04424941 2.38419e-7 -0.007499873 -0.04399943 2.38419e-7 -0.007499873 -0.03999948 2.38419e-7 -0.005997359 -0.06472182 2.38419e-7 -0.005997359 0.06472182 2.38419e-7 -0.004999935 0.03524953 2.38419e-7 -0.004999935 0.03824949 2.38419e-7 -0.001649975 -0.04399943 2.38419e-7 -0.001428902 -0.04482442 2.38419e-7 -0.001428902 -0.04317444 2.38419e-7 -8.24993e-4 -0.04542827 2.38419e-7 -8.24993e-4 -0.04257053 2.38419e-7 0 0.06999909 2.38419e-7 0 -0.04234945 2.38419e-7 0 -0.0456494 2.38419e-7 0 -0.06999909 2.38419e-7 8.24986e-4 -0.04542827 2.38419e-7 8.24986e-4 -0.04257053 2.38419e-7 0.001428902 -0.04482442 2.38419e-7 0.001428902 -0.04317444 2.38419e-7 0.001649916 -0.04399943 2.38419e-7 0.002836287 -0.05592733 2.38419e-7 0.002836287 0.05592733 2.38419e-7 0.004999876 0.03524953 2.38419e-7 0.004999876 0.03824949 2.38419e-7 0.0059973 -0.06472182 2.38419e-7 0.0059973 0.06472182 2.38419e-7 0.007499873 -0.04399943 2.38419e-7 0.007499873 -0.03999948 2.38419e-7 0.007566869 -0.04424941 2.38419e-7 0.007749855 -0.0444324 2.38419e-7 0.007999837 -0.05299931 2.38419e-7 0.007999837 -0.04449939 2.38419e-7 0.00849986 -0.05374926 2.38419e-7 0.00849986 -0.03524953 2.38419e-7 0.00849986 -0.03499954 2.38419e-7 0.00849986 -0.0309996 2.38419e-7 0.008773207 -0.0694471 2.38419e-7 0.008773207 0.0694471 2.38419e-7 0.01403629 -0.05421155 2.38419e-7 0.01403629 0.05421155 2.38419e-7 0.01740807 -0.06779992 2.38419e-7 0.01740807 0.06779992 2.38419e-7 0.01778781 -0.06251788 2.38419e-7 0.01778781 0.06251788 2.38419e-7 0.02466177 -0.05027639 2.38419e-7 0.02466177 0.05027639 2.38419e-7 0.02576833 -0.06508356 2.38419e-7 0.02576833 0.06508356 2.38419e-7 0.02599966 -0.03499954 2.38419e-7 0.02599966 -0.0309996 2.38419e-7 0.02724963 -0.03524953 2.38419e-7 0.0284996 -0.0303297 2.38419e-7 0.02897262 -0.0581848 2.38419e-7 0.02897262 0.0581848 2.38419e-7 0.0294438 -0.03431445 2.38419e-7 0.0303297 -0.0284996 2.38419e-7 0.0309996 -0.02599966 2.38419e-7 0.0309996 -0.00849986 2.38419e-7 0.0309996 0.00849986 2.38419e-7 0.0309996 0.03499954 2.38419e-7 0.03124958 -0.03417772 2.38419e-7 0.03236353 -0.03236353 2.38419e-7 0.03372234 -0.06134068 2.38419e-7 0.03372234 0.06134068 2.38419e-7 0.03417772 -0.03124958 2.38419e-7 0.03427743 -0.04428279 2.38419e-7 0.03427743 0.04428279 2.38419e-7 0.03431445 -0.0294438 2.38419e-7 0.03499954 -0.02599966 2.38419e-7 0.03499954 -0.00849986 2.38419e-7 0.03499954 0.00849986 2.38419e-7 0.03499954 0.03499954 2.38419e-7 0.03524953 -0.02724963 2.38419e-7 0.03524953 -0.00849986 2.38419e-7 0.03524953 0.00849986 2.38419e-7 0.03524953 0.03524953 2.38419e-7 0.03917074 -0.0518704 2.38419e-7 0.03917074 0.0518704 2.38419e-7 0.03999948 -0.007499873 2.38419e-7 0.03999948 0.007499873 2.38419e-7 0.04114443 -0.05663043 2.38419e-7 0.04114443 0.05663043 2.38419e-7 0.04234939 0 2.38419e-7 0.04248994 -0.03647643 2.38419e-7 0.04248994 0.03647643 2.38419e-7 0.04257053 -8.24989e-4 2.38419e-7 0.04257053 8.24989e-4 2.38419e-7 0.04317444 -0.001428902 2.38419e-7 0.04317444 0.001428902 2.38419e-7 0.04399943 -0.007499873 2.38419e-7 0.04399943 -0.001649975 2.38419e-7 0.04399943 0.001649975 2.38419e-7 0.04399943 0.007499873 2.38419e-7 0.04424941 -0.007566869 2.38419e-7 0.04424941 0.007566869 2.38419e-7 0.0444324 -0.007749855 2.38419e-7 0.0444324 0.007749855 2.38419e-7 0.04449939 -0.007999897 2.38419e-7 0.04449939 0.007999897 2.38419e-7 0.04482442 -0.001428902 2.38419e-7 0.04482442 0.001428902 2.38419e-7 0.04542827 -8.24989e-4 2.38419e-7 0.04542827 8.24989e-4 2.38419e-7 0.0456494 0 2.38419e-7 0.04791766 -0.05102711 2.38419e-7 0.04791766 0.05102711 2.38419e-7 0.04803496 -0.04378962 2.38419e-7 0.04803496 0.04378962 2.38419e-7 0.04896271 -0.02717649 2.38419e-7 0.04896271 0.02717649 2.38419e-7 0.05299931 -0.007999897 2.38419e-7 0.05299931 0.007999897 2.38419e-7 0.05343109 -0.01676404 2.38419e-7 0.05343109 0.01676404 2.38419e-7 0.05374926 -0.00849986 2.38419e-7 0.05374926 0.00849986 2.38419e-7 0.05393517 -0.04461908 2.38419e-7 0.05393517 0.04461908 2.38419e-7 0.05526334 -0.03421765 2.38419e-7 0.05526334 0.03421765 2.38419e-7 0.05571192 -0.005665302 2.38419e-7 0.05571192 0.005665302 2.38419e-7 0.05910223 -0.03750741 2.38419e-7 0.05910223 0.03750741 2.38419e-7 0.06060987 -0.02348035 2.38419e-7 0.06060987 0.02348035 2.38419e-7 0.06333702 -0.02980417 2.38419e-7 0.06333702 0.02980417 2.38419e-7 0.06389236 -0.01194351 2.38419e-7 0.06389236 0.01194351 2.38419e-7 0.06499916 0 2.38419e-7 0.06657314 -0.02163088 2.38419e-7 0.06657314 0.02163088 2.38419e-7 0.0687592 -0.01311647 2.38419e-7 0.0687592 0.01311647 2.38419e-7 0.06986099 -0.004395246 2.38419e-7 0.06986099 0.004395246 2.00212e-4 -0.06399917 0 2.00212e-4 -0.06317037 -0.01026612 2.00212e-4 -0.06317037 0.01026612 2.00212e-4 -0.06070548 -0.02026653 2.00212e-4 -0.06070548 0.02026653 2.00212e-4 -0.05699926 0 2.00212e-4 -0.05666846 -0.02974188 2.00212e-4 -0.05666846 0.02974188 2.00212e-4 -0.05617934 -0.009632885 2.00212e-4 -0.05617934 0.009632885 2.00212e-4 -0.0537433 -0.01898872 2.00212e-4 -0.0537433 0.01898872 2.00212e-4 -0.05116361 -0.03844696 2.00212e-4 -0.05116361 0.03844696 2.00212e-4 -0.04976111 -0.02779823 2.00212e-4 -0.04976111 0.02779823 2.00212e-4 -0.0443474 -0.03580802 2.00212e-4 -0.0443474 0.03580802 2.00212e-4 -0.04433381 -0.0461564 2.00212e-4 -0.04433381 0.0461564 2.00212e-4 -0.03765797 -0.04278773 2.00212e-4 -0.03765797 0.04278773 2.00212e-4 -0.03635561 -0.0526703 2.00212e-4 -0.03635561 0.0526703 2.00212e-4 -0.02988511 -0.04853653 2.00212e-4 -0.02988511 0.04853653 2.00212e-4 -0.02743589 -0.05782002 2.00212e-4 -0.02743589 0.05782002 2.00212e-4 -0.02125251 -0.05288898 2.00212e-4 -0.02125251 0.05288898 2.00212e-4 -0.01780563 -0.06147235 2.00212e-4 -0.01780563 0.06147235 2.00212e-4 -0.01200854 -0.05571985 2.00212e-4 -0.01200854 0.05571985 2.00212e-4 -0.007714211 -0.06353259 2.00212e-4 -0.007714211 0.06353259 2.00212e-4 -0.002419114 -0.05694782 2.00212e-4 -0.002419114 0.05694782 2.00212e-4 0.002576947 -0.06394726 2.00212e-4 0.002576947 0.06394726 2.00212e-4 0.007239878 -0.05653756 2.00212e-4 0.007239878 0.05653756 2.00212e-4 0.0128014 -0.06270575 2.00212e-4 0.0128014 0.06270575 2.00212e-4 0.01669067 -0.05450075 2.00212e-4 0.01669067 0.05450075 2.00212e-4 0.0226944 -0.0598402 2.00212e-4 0.0226944 0.0598402 2.00212e-4 0.02566123 -0.0508961 2.00212e-4 0.02566123 0.0508961 2.00212e-4 0.03199958 -0.05542486 2.00212e-4 0.03199958 0.05542486 2.00212e-4 0.03389364 -0.0458272 2.00212e-4 0.03389364 0.0458272 2.00212e-4 0.04047596 -0.04957401 2.00212e-4 0.04047596 0.04957401 2.00212e-4 0.04115092 -0.03943997 2.00212e-4 0.04115092 0.03943997 2.00212e-4 0.04722446 -0.03191816 2.00212e-4 0.04722446 0.03191816 2.00212e-4 0.04790407 -0.04243934 2.00212e-4 0.04790407 0.04243934 2.00212e-4 0.0519393 -0.02347809 2.00212e-4 0.0519393 0.02347809 2.00212e-4 0.05409145 -0.03420531 2.00212e-4 0.05409145 0.03420531 2.00212e-4 0.05516004 -0.01436257 2.00212e-4 0.05516004 0.01436257 2.00212e-4 0.05679392 -0.004833877 2.00212e-4 0.05679392 0.004833877 2.00212e-4 0.05887788 -0.02508556 2.00212e-4 0.05887788 0.02508556 2.00212e-4 0.06213945 -0.01531594 2.00212e-4 0.06213945 0.01531594 2.00212e-4 0.06379163 -0.005149781 2.00212e-4 0.06379163 0.005149781 6.85215e-4 -0.03655529 -0.007499873 6.85215e-4 -0.03655529 0.007499873 6.85215e-4 -0.007499873 -0.03655529 6.85215e-4 0.007499873 -0.03655529 6.85215e-4 0.03655529 -0.007499873 6.85215e-4 0.03655529 0.007499873 7.00206e-4 -0.06499916 0 7.00206e-4 -0.06399917 0 7.00206e-4 -0.06399917 0 7.00206e-4 -0.06389236 -0.01194351 7.00206e-4 -0.06389236 0.01194351 7.00206e-4 -0.06317037 -0.01026612 7.00206e-4 -0.06317037 0.01026612 7.00206e-4 -0.06070548 -0.02026653 7.00206e-4 -0.06070548 0.02026653 7.00206e-4 -0.06060987 -0.02348035 7.00206e-4 -0.06060987 0.02348035 7.00206e-4 -0.05699926 0 7.00206e-4 -0.05699926 0 7.00206e-4 -0.05666846 -0.02974188 7.00206e-4 -0.05666846 0.02974188 7.00206e-4 -0.05617934 -0.009632885 7.00206e-4 -0.05617934 0.009632885 7.00206e-4 -0.05599927 0 7.00206e-4 -0.05526334 -0.03421765 7.00206e-4 -0.05526334 0.03421765 7.00206e-4 -0.05485296 -0.01127254 7.00206e-4 -0.05485296 0.01127254 7.00206e-4 -0.0537433 -0.01898872 7.00206e-4 -0.0537433 0.01898872 7.00206e-4 -0.05146092 -0.02208358 7.00206e-4 -0.05146092 0.02208358 7.00206e-4 -0.05116361 -0.03844696 7.00206e-4 -0.05116361 0.03844696 7.00206e-4 -0.04976111 -0.02779823 7.00206e-4 -0.04976111 0.02779823 7.00206e-4 -0.04803496 -0.04378962 7.00206e-4 -0.04803496 0.04378962 7.00206e-4 -0.04596209 -0.03199058 7.00206e-4 -0.04596209 0.03199058 7.00206e-4 -0.0443474 -0.03580802 7.00206e-4 -0.0443474 0.03580802 7.00206e-4 -0.04433381 -0.0461564 7.00206e-4 -0.04433381 0.0461564 7.00206e-4 -0.0391708 -0.0518704 7.00206e-4 -0.0391708 0.0518704 7.00206e-4 -0.0385816 -0.04058784 7.00206e-4 -0.0385816 0.04058784 7.00206e-4 -0.03765797 -0.04278773 7.00206e-4 -0.03765797 0.04278773 7.00206e-4 -0.03635561 -0.0526703 7.00206e-4 -0.03635561 0.0526703 7.00206e-4 -0.02988511 -0.04853653 7.00206e-4 -0.02988511 0.04853653 7.00206e-4 -0.0296216 -0.04752343 7.00206e-4 -0.0296216 0.04752343 7.00206e-4 -0.02897262 -0.0581848 7.00206e-4 -0.02897262 0.0581848 7.00206e-4 -0.02743589 -0.05782002 7.00206e-4 -0.02743589 0.05782002 7.00206e-4 -0.02125251 -0.05288898 7.00206e-4 -0.02125251 0.05288898 7.00206e-4 -0.01944881 -0.05251342 7.00206e-4 -0.01944881 0.05251342 7.00206e-4 -0.01780563 -0.06147235 7.00206e-4 -0.01780563 0.06147235 7.00206e-4 -0.01778787 -0.06251788 7.00206e-4 -0.01778787 0.06251788 7.00206e-4 -0.01200854 -0.05571985 7.00206e-4 -0.01200854 0.05571985 7.00206e-4 -0.008479833 -0.05535346 7.00206e-4 -0.008479833 0.05535346 7.00206e-4 -0.007714211 -0.06353259 7.00206e-4 -0.007714211 0.06353259 7.00206e-4 -0.005997359 -0.06472182 7.00206e-4 -0.005997359 0.06472182 7.00206e-4 -0.002419114 -0.05694782 7.00206e-4 -0.002419114 0.05694782 7.00206e-4 0.002576947 -0.06394726 7.00206e-4 0.002576947 0.06394726 7.00206e-4 0.002836287 -0.05592733 7.00206e-4 0.002836287 0.05592733 7.00206e-4 0.0059973 -0.06472182 7.00206e-4 0.0059973 0.06472182 7.00206e-4 0.007239878 -0.05653756 7.00206e-4 0.007239878 0.05653756 7.00206e-4 0.0128014 -0.06270575 7.00206e-4 0.0128014 0.06270575 7.00206e-4 0.01403629 -0.05421155 7.00206e-4 0.01403629 0.05421155 7.00206e-4 0.01669067 -0.05450075 7.00206e-4 0.01669067 0.05450075 7.00206e-4 0.01778781 -0.06251788 7.00206e-4 0.01778781 0.06251788 7.00206e-4 0.0226944 -0.0598402 7.00206e-4 0.0226944 0.0598402 7.00206e-4 0.02466177 -0.05027639 7.00206e-4 0.02466177 0.05027639 7.00206e-4 0.02566123 -0.0508961 7.00206e-4 0.02566123 0.0508961 7.00206e-4 0.02897262 -0.0581848 7.00206e-4 0.02897262 0.0581848 7.00206e-4 0.03199958 -0.05542486 7.00206e-4 0.03199958 0.05542486 7.00206e-4 0.03389364 -0.0458272 7.00206e-4 0.03389364 0.0458272 7.00206e-4 0.03427743 -0.04428279 7.00206e-4 0.03427743 0.04428279 7.00206e-4 0.03917074 -0.0518704 7.00206e-4 0.03917074 0.0518704 7.00206e-4 0.04047596 -0.04957401 7.00206e-4 0.04047596 0.04957401 7.00206e-4 0.04115092 -0.03943997 7.00206e-4 0.04115092 0.03943997 7.00206e-4 0.04248994 -0.03647643 7.00206e-4 0.04248994 0.03647643 7.00206e-4 0.04722446 -0.03191816 7.00206e-4 0.04722446 0.03191816 7.00206e-4 0.04790407 -0.04243934 7.00206e-4 0.04790407 0.04243934 7.00206e-4 0.04803496 -0.04378962 7.00206e-4 0.04803496 0.04378962 7.00206e-4 0.04896271 -0.02717649 7.00206e-4 0.04896271 0.02717649 7.00206e-4 0.0519393 -0.02347809 7.00206e-4 0.0519393 0.02347809 7.00206e-4 0.05343109 -0.01676404 7.00206e-4 0.05343109 0.01676404 7.00206e-4 0.05409145 -0.03420531 7.00206e-4 0.05409145 0.03420531 7.00206e-4 0.05516004 -0.01436257 7.00206e-4 0.05516004 0.01436257 7.00206e-4 0.05526334 -0.03421765 7.00206e-4 0.05526334 0.03421765 7.00206e-4 0.05571192 -0.005665302 7.00206e-4 0.05571192 0.005665302 7.00206e-4 0.05679392 -0.004833877 7.00206e-4 0.05679392 0.004833877 7.00206e-4 0.05887788 -0.02508556 7.00206e-4 0.05887788 0.02508556 7.00206e-4 0.06060987 -0.02348035 7.00206e-4 0.06060987 0.02348035 7.00206e-4 0.06213945 -0.01531594 7.00206e-4 0.06213945 0.01531594 7.00206e-4 0.06379163 -0.005149781 7.00206e-4 0.06379163 0.005149781 7.00206e-4 0.06389236 -0.01194351 7.00206e-4 0.06389236 0.01194351 7.00206e-4 0.06499916 0 0.002636194 -0.03363555 -0.007499873 0.002636194 -0.03363555 0.007499873 0.002636194 -0.007499873 -0.03363555 0.002636194 0.007499873 -0.03363555 0.002636194 0.03363555 -0.007499873 0.002636194 0.03363555 0.007499873 0.004000186 -0.05299931 -0.007999897 0.004000186 -0.05299931 0.007999897 0.004000186 -0.0456494 0 0.004000186 -0.04542827 -8.24989e-4 0.004000186 -0.04542827 8.24989e-4 0.004000186 -0.04482442 -0.001428902 0.004000186 -0.04482442 0.001428902 0.004000186 -0.04399943 -0.007999897 0.004000186 -0.04399943 -0.007499873 0.004000186 -0.04399943 -0.001649975 0.004000186 -0.04399943 0.001649975 0.004000186 -0.04399943 0.007499873 0.004000186 -0.04399943 0.007999897 0.004000186 -0.04317444 -0.001428902 0.004000186 -0.04317444 0.001428902 0.004000186 -0.04257053 -8.24989e-4 0.004000186 -0.04257053 8.24989e-4 0.004000186 -0.04234945 0 0.004000186 -0.03999948 -0.007499873 0.004000186 -0.03999948 0.007499873 0.004000186 -0.007999897 -0.05299931 0.004000186 -0.007999897 -0.04449939 0.004000186 -0.007749855 -0.0444324 0.004000186 -0.007566869 -0.04424941 0.004000186 -0.007499873 -0.04399943 0.004000186 -0.007499873 -0.03999948 0.004000186 -0.001649975 -0.04399943 0.004000186 -0.001428902 -0.04482442 0.004000186 -0.001428902 -0.04317444 0.004000186 -8.24993e-4 -0.04542827 0.004000186 -8.24993e-4 -0.04257053 0.004000186 0 -0.04234945 0.004000186 0 -0.0456494 0.004000186 8.24986e-4 -0.04542827 0.004000186 8.24986e-4 -0.04257053 0.004000186 0.001428902 -0.04482442 0.004000186 0.001428902 -0.04317444 0.004000186 0.001649916 -0.04399943 0.004000186 0.007499873 -0.04399943 0.004000186 0.007499873 -0.03999948 0.004000186 0.007566869 -0.04424941 0.004000186 0.007749855 -0.0444324 0.004000186 0.007999837 -0.05299931 0.004000186 0.007999837 -0.04449939 0.004000186 0.03999948 -0.007499873 0.004000186 0.03999948 0.007499873 0.004000186 0.04234939 0 0.004000186 0.04257053 -8.24989e-4 0.004000186 0.04257053 8.24989e-4 0.004000186 0.04317444 -0.001428902 0.004000186 0.04317444 0.001428902 0.004000186 0.04399943 -0.007499873 0.004000186 0.04399943 -0.001649975 0.004000186 0.04399943 0.001649975 0.004000186 0.04399943 0.007499873 0.004000186 0.04424941 -0.007566869 0.004000186 0.04424941 0.007566869 0.004000186 0.0444324 -0.007749855 0.004000186 0.0444324 0.007749855 0.004000186 0.04449939 -0.007999897 0.004000186 0.04449939 0.007999897 0.004000186 0.04482442 -0.001428902 0.004000186 0.04482442 0.001428902 0.004000186 0.04542827 -8.24989e-4 0.004000186 0.04542827 8.24989e-4 0.004000186 0.0456494 0 0.004000186 0.05299931 -0.007999897 0.004000186 0.05299931 0.007999897 0.004670143 -0.03749948 -0.007499873 0.004670143 -0.03749948 0.007499873 0.004670143 -0.007499873 -0.03749948 0.004670143 0.007499873 -0.03749948 0.004670143 0.03749948 -0.007499873 0.004670143 0.03749948 0.007499873 0.005000174 -0.05374926 -0.00849986 0.005000174 -0.05374926 0.00849986 0.005000174 -0.04124945 -0.00849986 0.005000174 -0.04124945 0.00849986 0.005000174 -0.00849986 -0.05374926 0.005000174 -0.00849986 -0.04124945 0.005000174 0.00849986 -0.05374926 0.005000174 0.00849986 -0.04124945 0.005000174 0.04124945 -0.00849986 0.005000174 0.04124945 0.00849986 0.005000174 0.05374926 -0.00849986 0.005000174 0.05374926 0.00849986 0.005556166 -0.03168469 -0.007499873 0.005556166 -0.03168469 0.007499873 0.005556166 -0.007499873 -0.03168463 0.005556166 0.007499873 -0.03168463 0.005556166 0.03168463 -0.007499873 0.005556166 0.03168463 0.007499873 0.005804121 -0.03824949 -0.00849986 0.005804121 -0.03824949 0.00849986 0.005804121 -0.00849986 -0.03824949 0.005804121 0.00849986 -0.03824949 0.005804121 0.03824949 -0.00849986 0.005804121 0.03824949 0.00849986 0.006500124 -0.03566944 -0.007499873 0.006500124 -0.03566944 0.007499873 0.006500124 -0.007499873 -0.03566938 0.006500124 0.007499873 -0.03566938 0.006500124 0.03566938 -0.007499873 0.006500124 0.03566938 0.007499873 0.008000135 -0.03605329 -0.00849986 0.008000135 -0.03605329 0.00849986 0.008000135 -0.00849986 -0.03605329 0.008000135 0.00849986 -0.03605329 0.008000135 0.03605329 -0.00849986 0.008000135 0.03605329 0.00849986 0.009000122 -0.03499954 -0.007499873 0.009000122 -0.03499954 0.007499873 0.009000122 -0.0309996 -0.007499873 0.009000122 -0.0309996 0.007499873 0.009000122 -0.007499873 -0.03499954 0.009000122 -0.007499873 -0.0309996 0.009000122 0.007499873 -0.03499954 0.009000122 0.007499873 -0.0309996 0.009000122 0.0309996 -0.007499873 0.009000122 0.0309996 0.007499873 0.009000122 0.03499954 -0.007499873 0.009000122 0.03499954 0.007499873 0.009532094 -0.06843632 -0.004305601 0.009532094 -0.06843632 0.004305601 0.009532094 -0.067357 -0.01284903 0.009532094 -0.067357 0.01284903 0.009532094 -0.06521546 -0.0211898 0.009532094 -0.06521546 0.0211898 0.009532094 -0.06204539 -0.02919632 0.009532094 -0.06204539 0.02919632 0.009532094 -0.05789685 -0.0367425 0.009532094 -0.05789685 0.0367425 0.009532094 -0.05283528 -0.04370909 0.009532094 -0.05283528 0.04370909 0.009532094 -0.04694044 -0.04998654 0.009532094 -0.04694044 0.04998654 0.009532094 -0.04030537 -0.05547553 0.009532094 -0.04030537 0.05547553 0.009532094 -0.03303456 -0.0600897 0.009532094 -0.03303456 0.0600897 0.009532094 -0.02524286 -0.06375628 0.009532094 -0.02524286 0.06375628 0.009532094 -0.01705306 -0.06641721 0.009532094 -0.01705306 0.06641721 0.009532094 -0.008594274 -0.06803089 0.009532094 -0.008594274 0.06803089 0.009532094 0 0.06857156 0.009532094 0 0.06857156 0.009532094 0 -0.06857156 0.009532094 0 -0.06857156 0.009532094 0.008594274 -0.06803089 0.009532094 0.008594274 0.06803089 0.009532094 0.01705306 -0.06641721 0.009532094 0.01705306 0.06641721 0.009532094 0.02524286 -0.06375628 0.009532094 0.02524286 0.06375628 0.009532094 0.03303456 -0.0600897 0.009532094 0.03303456 0.0600897 0.009532094 0.04030537 -0.05547553 0.009532094 0.04030537 0.05547553 0.009532094 0.04694044 -0.04998654 0.009532094 0.04694044 0.04998654 0.009532094 0.05283528 -0.04370909 0.009532094 0.05283528 0.04370909 0.009532094 0.05789685 -0.0367425 0.009532094 0.05789685 0.0367425 0.009532094 0.06204539 -0.02919632 0.009532094 0.06204539 0.02919632 0.009532094 0.0652154 -0.0211898 0.009532094 0.0652154 0.0211898 0.009532094 0.067357 -0.01284903 0.009532094 0.067357 0.01284903 0.009532094 0.06843626 -0.004305601 0.009532094 0.06843626 0.004305601 0.01100009 -0.03524953 -0.00849986 0.01100009 -0.03524953 0.00849986 0.01100009 -0.00849986 -0.03524953 0.01100009 0.00849986 -0.03524953 0.01100009 0.03524953 -0.00849986 0.01100009 0.03524953 0.00849986 0.01300007 -0.03499954 -0.00849986 0.01300007 -0.03499954 -0.007499873 0.01300007 -0.03499954 0.007499873 0.01300007 -0.03499954 0.00849986 0.01300007 -0.0309996 -0.00849986 0.01300007 -0.0309996 -0.007499873 0.01300007 -0.0309996 0.007499873 0.01300007 -0.0309996 0.00849986 0.01300007 -0.00849986 -0.03499954 0.01300007 -0.00849986 -0.0309996 0.01300007 -0.007499873 -0.03499954 0.01300007 -0.007499873 -0.0309996 0.01300007 0.007499873 -0.03499954 0.01300007 0.007499873 -0.0309996 0.01300007 0.00849986 -0.03499954 0.01300007 0.00849986 -0.0309996 0.01300007 0.0309996 -0.00849986 0.01300007 0.0309996 -0.007499873 0.01300007 0.0309996 0.007499873 0.01300007 0.0309996 0.00849986 0.01300007 0.03499954 -0.00849986 0.01300007 0.03499954 -0.007499873 0.01300007 0.03499954 0.007499873 0.01300007 0.03499954 0.00849986 0.01324999 -0.03499954 -0.008432865 0.01324999 -0.03499954 -0.007566869 0.01324999 -0.03499954 0.007566869 0.01324999 -0.03499954 0.008432865 0.01324999 -0.0309996 -0.008432865 0.01324999 -0.0309996 -0.007566869 0.01324999 -0.0309996 0.007566869 0.01324999 -0.0309996 0.008432865 0.01343303 -0.03499954 -0.008249878 0.01343303 -0.03499954 -0.007749855 0.01343303 -0.03499954 0.007749855 0.01343303 -0.03499954 0.008249878 0.01343303 -0.0309996 -0.008249878 0.01343303 -0.0309996 -0.007749855 0.01343303 -0.0309996 0.007749855 0.01343303 -0.0309996 0.008249878 0.01350003 -0.03499954 -0.007999897 0.01350003 -0.03499954 0.007999897 0.01350003 -0.0309996 -0.007999897 0.01350003 -0.0309996 0.007999897 0.0293498 -0.06596124 -0.004149913 0.0293498 -0.06596124 0.004149913 0.0293498 -0.06492096 -0.01238429 0.0293498 -0.06492096 0.01238429 0.0293498 -0.06285685 -0.02042341 0.0293498 -0.06285685 0.02042341 0.0293498 -0.05980151 -0.02814042 0.0293498 -0.05980151 0.02814042 0.0293498 -0.05580294 -0.03541362 0.0293498 -0.05580294 0.03541362 0.0293498 -0.05092442 -0.04212832 0.0293498 -0.05092442 0.04212832 0.0293498 -0.04524278 -0.04817873 0.0293498 -0.04524278 0.04817873 0.0293498 -0.03884768 -0.0534693 0.0293498 -0.03884768 0.0534693 0.0293498 -0.03183984 -0.05791652 0.0293498 -0.03183984 0.05791652 0.0293498 -0.02432996 -0.06145036 0.0293498 -0.02432996 0.06145036 0.0293498 -0.01643627 -0.06401526 0.0293498 -0.01643627 0.06401526 0.0293498 -0.008283436 -0.06557041 0.0293498 -0.008283436 0.06557041 0.0293498 0 0.06609165 0.0293498 0 0.06609165 0.0293498 0 -0.06609165 0.0293498 0 -0.06609165 0.0293498 0.008283436 -0.06557041 0.0293498 0.008283436 0.06557041 0.0293498 0.01643627 -0.06401526 0.0293498 0.01643627 0.06401526 0.0293498 0.02432996 -0.06145036 0.0293498 0.02432996 0.06145036 0.0293498 0.03183984 -0.05791652 0.0293498 0.03183984 0.05791652 0.0293498 0.03884768 -0.0534693 0.0293498 0.03884768 0.0534693 0.0293498 0.04524278 -0.04817873 0.0293498 0.04524278 0.04817873 0.0293498 0.05092442 -0.04212832 0.0293498 0.05092442 0.04212832 0.0293498 0.05580294 -0.03541362 0.0293498 0.05580294 0.03541362 0.0293498 0.05980151 -0.02814042 0.0293498 0.05980151 0.02814042 0.0293498 0.06285685 -0.02042341 0.0293498 0.06285685 0.02042341 0.0293498 0.06492096 -0.01238429 0.0293498 0.06492096 0.01238429 0.0293498 0.06596124 -0.004149913 0.0293498 0.06596124 0.004149913 0.05399954 -0.06379747 0 0.05399954 -0.06379747 0 0.05399954 -0.06367158 -0.004005849 0.05399954 -0.06367158 0.004005849 0.05399954 -0.06333225 -0.007689893 0.05399954 -0.06333225 0.007689893 0.05399954 -0.06266736 -0.01195442 0.05399954 -0.06266736 0.01195442 0.05399954 -0.06194359 -0.01526767 0.05399954 -0.06194359 0.01526767 0.05399954 -0.06067502 -0.01971453 0.05399954 -0.06067502 0.01971453 0.05399954 -0.05965161 -0.02262288 0.05399954 -0.05965161 0.02262288 0.05399954 -0.0577256 -0.02716362 0.05399954 -0.0577256 0.02716362 0.05399954 -0.05648982 -0.02964806 0.05399954 -0.05648982 0.02964806 0.05399954 -0.05599927 0 0.05399954 -0.05504578 -0.01028984 0.05399954 -0.05504578 0.01028984 0.05399954 -0.05471706 -0.005564153 0.05399954 -0.05471706 0.005564153 0.05399954 -0.05386596 -0.03418433 0.05399954 -0.05386596 0.03418433 0.05399954 -0.0525043 -0.03624111 0.05399954 -0.0525043 0.03624111 0.05399954 -0.052477 -0.01646476 0.05399954 -0.052477 0.01646476 0.05399954 -0.05221772 -0.02022922 0.05399954 -0.05221772 0.02022922 0.05399954 -0.04915672 -0.04066604 0.05399954 -0.04915672 0.04066604 0.05399954 -0.04808843 -0.02669125 0.05399954 -0.04808843 0.02669125 0.05399954 -0.04775303 -0.04230552 0.05399954 -0.04775303 0.04230552 0.05399954 -0.04761159 -0.0294798 0.05399954 -0.04761159 0.0294798 0.05399954 -0.04367232 -0.04650628 0.05399954 -0.04367232 0.04650628 0.05399954 -0.04230552 -0.04775303 0.05399954 -0.04230552 0.04775303 0.05399954 -0.04173111 -0.03582501 0.05399954 -0.04173111 0.03582501 0.05399954 -0.04138392 -0.03772646 0.05399954 -0.04138392 0.03772646 0.05399954 -0.03749918 -0.05161321 0.05399954 -0.03749918 0.05161321 0.05399954 -0.03624111 -0.0525043 0.05399954 -0.03624111 0.0525043 0.05399954 -0.03374701 -0.0446884 0.05399954 -0.03374701 0.0446884 0.05399954 -0.03366535 -0.04349213 0.05399954 -0.03366535 0.04349213 0.05399954 -0.03073465 -0.05590617 0.05399954 -0.03073465 0.05590617 0.05399954 -0.02964812 -0.05648982 0.05399954 -0.02964812 0.05648982 0.05399954 -0.02496093 -0.0501284 0.05399954 -0.02496093 0.0501284 0.05399954 -0.02422136 -0.04937851 0.05399954 -0.02422136 0.04937851 0.05399954 -0.02348536 -0.05931729 0.05399954 -0.02348536 0.05931729 0.05399954 -0.02262288 -0.05965161 0.05399954 -0.02262288 0.05965161 0.05399954 -0.0158658 -0.06179308 0.05399954 -0.0158658 0.06179308 0.05399954 -0.01532489 -0.05386149 0.05399954 -0.01532489 0.05386149 0.05399954 -0.01526767 -0.06194359 0.05399954 -0.01526767 0.06194359 0.05399954 -0.01378571 -0.05324351 0.05399954 -0.01378571 0.05324351 0.05399954 -0.007995903 -0.06329435 0.05399954 -0.007995903 0.06329435 0.05399954 -0.007689893 -0.06333225 0.05399954 -0.007689893 0.06333225 0.05399954 -0.005166947 -0.05576038 0.05399954 -0.005166947 0.05576038 0.05399954 -0.002785623 -0.05492866 0.05399954 -0.002785623 0.05492866 0.05399954 0 0.06379747 0.05399954 0 0.06379747 0.05399954 0 -0.06379747 0.05399954 0 -0.06379747 0.05399954 0.005166947 -0.05576038 0.05399954 0.005166947 0.05576038 0.05399954 0.007689893 -0.06333225 0.05399954 0.007689893 0.06333225 0.05399954 0.007995903 -0.06329435 0.05399954 0.007995903 0.06329435 0.05399954 0.008328378 -0.05436509 0.05399954 0.008328378 0.05436509 0.05399954 0.01526767 -0.06194359 0.05399954 0.01526767 0.06194359 0.05399954 0.01532489 -0.05386149 0.05399954 0.01532489 0.05386149 0.05399954 0.01586574 -0.06179308 0.05399954 0.01586574 0.06179308 0.05399954 0.0191015 -0.05157572 0.05399954 0.0191015 0.05157572 0.05399954 0.02262288 -0.05965161 0.05399954 0.02262288 0.05965161 0.05399954 0.02348536 -0.05931729 0.05399954 0.02348536 0.05931729 0.05399954 0.02496093 -0.0501284 0.05399954 0.02496093 0.0501284 0.05399954 0.0290926 -0.04667478 0.05399954 0.0290926 0.04667478 0.05399954 0.02964806 -0.05648982 0.05399954 0.02964806 0.05648982 0.05399954 0.03073465 -0.05590617 0.05399954 0.03073465 0.05590617 0.05399954 0.03374701 -0.0446884 0.05399954 0.03374701 0.0446884 0.05399954 0.03624111 -0.0525043 0.05399954 0.03624111 0.0525043 0.05399954 0.03749918 -0.05161321 0.05399954 0.03749918 0.05161321 0.05399954 0.03789269 -0.03986304 0.05399954 0.03789269 0.03986304 0.05399954 0.04138392 -0.03772646 0.05399954 0.04138392 0.03772646 0.05399954 0.04230552 -0.04775303 0.05399954 0.04230552 0.04775303 0.05399954 0.04367232 -0.04650628 0.05399954 0.04367232 0.04650628 0.05399954 0.04514139 -0.03141939 0.05399954 0.04514139 0.03141939 0.05399954 0.04761153 -0.0294798 0.05399954 0.04761153 0.0294798 0.05399954 0.04775303 -0.04230552 0.05399954 0.04775303 0.04230552 0.05399954 0.04915672 -0.04066604 0.05399954 0.04915672 0.04066604 0.05399954 0.05054199 -0.02168929 0.05399954 0.05054199 0.02168929 0.05399954 0.05221772 -0.02022922 0.05399954 0.05221772 0.02022922 0.05399954 0.0525043 -0.03624111 0.05399954 0.0525043 0.03624111 0.05399954 0.05386596 -0.03418433 0.05399954 0.05386596 0.03418433 0.05399954 0.05387336 -0.0110712 0.05399954 0.05387336 0.0110712 0.05399954 0.05499929 0 0.05399954 0.05504578 -0.01028984 0.05399954 0.05504578 0.01028984 0.05399954 0.05599927 0 0.05399954 0.05599927 0 0.05399954 0.05648982 -0.02964806 0.05399954 0.05648982 0.02964806 0.05399954 0.0577256 -0.02716362 0.05399954 0.0577256 0.02716362 0.05399954 0.05965161 -0.02262288 0.05399954 0.05965161 0.02262288 0.05399954 0.06067496 -0.01971453 0.05399954 0.06067496 0.01971453 0.05399954 0.06194359 -0.01526767 0.05399954 0.06194359 0.01526767 0.05399954 0.06266736 -0.01195442 0.05399954 0.06266736 0.01195442 0.05399954 0.06333225 -0.007689893 0.05399954 0.06333225 0.007689893 0.05399954 0.06367152 -0.004005849 0.05399954 0.06367152 0.004005849 0.05399954 0.06379747 0 0.05399954 0.06379747 0 0.05974942 -0.01099985 0.03524953 0.05974942 -0.004999935 0.03524953 0.05974942 0.004999876 0.03524953 0.05974942 0.01099985 0.03524953 0.06174939 -0.008999884 0.03578543 0.06174939 -0.004999935 0.03578543 0.06174939 0.004999876 0.03578543 0.06174939 0.008999824 0.03578543 0.0632134 -0.007535755 0.0372495 0.0632134 -0.004999935 0.0372495 0.0632134 0.004999876 0.0372495 0.0632134 0.007535755 0.0372495 0.06361341 -0.007136166 0.0382142 0.06361341 0.007136166 0.0382142 0.06362241 -0.004999935 0.03824949 0.06362241 0.004999876 0.03824949 0.06374937 -0.06226915 -0.00108689 0.06374937 -0.06226915 0.00108689 0.06374937 -0.06175369 -0.008069097 0.06374937 -0.06175369 0.008069097 0.06374937 -0.06045782 -0.01494938 0.06374937 -0.06045782 0.01494938 0.06374937 -0.05839782 -0.02164059 0.06374937 -0.05839782 0.02164059 0.06374937 -0.05599075 -9.77322e-4 0.06374937 -0.05599075 9.77322e-4 0.06374937 -0.05559998 -0.02805852 0.06374937 -0.05559998 0.02805852 0.06374937 -0.05504578 -0.01028984 0.06374937 -0.05504578 0.01028984 0.06374937 -0.05471706 -0.005564153 0.06374937 -0.05471706 0.005564153 0.06374937 -0.052477 -0.01646476 0.06374937 -0.052477 0.01646476 0.06374937 -0.05221772 -0.02022922 0.06374937 -0.05221772 0.02022922 0.06374937 -0.05209928 -0.03412175 0.06374937 -0.05209928 0.03412175 0.06374937 -0.04935675 -0.003754794 0.06374937 -0.04903137 0.006790757 0.06374937 -0.04808843 -0.02669125 0.06374937 -0.04808843 0.02669125 0.06374937 -0.04794025 -0.03975367 0.06374937 -0.04794025 0.03975367 0.06374937 -0.04761159 -0.0294798 0.06374937 -0.04761159 0.0294798 0.06374937 -0.04743975 -0.01412981 0.06374937 -0.04647839 0.01702785 0.06374937 -0.0433675 -0.02386289 0.06374937 -0.04317539 -0.04488331 0.06374937 -0.04317539 0.04488331 0.06374937 -0.04181373 0.02649134 0.06374937 -0.04173111 -0.03582501 0.06374937 -0.04173111 0.03582501 0.06374937 -0.04138392 -0.03772646 0.06374937 -0.04138392 0.03772646 0.06374937 -0.03786486 -0.04944574 0.06374937 -0.03786486 0.04944574 0.06374937 -0.03732508 -0.03251183 0.06374937 -0.03524953 0.03475135 0.06374937 -0.03524953 0.03524953 0.06374937 -0.03475135 0.03524953 0.06374937 -0.03374701 -0.0446884 0.06374937 -0.03374701 0.0446884 0.06374937 -0.03366535 -0.04349213 0.06374937 -0.03366535 0.04349213 0.06374937 -0.03207588 -0.05338317 0.06374937 -0.03207588 0.05338317 0.06374937 -0.03019326 -0.05447018 0.06374937 -0.03019326 0.05447018 0.06374937 -0.02958691 -0.03968375 0.06374937 -0.02884173 -0.04800075 0.06374937 -0.02884173 0.04800075 0.06374937 -0.02795952 0.04084664 0.06374937 -0.0271489 -0.04897803 0.06374937 -0.0271489 0.04897803 0.06374937 -0.02496093 -0.0501284 0.06374937 -0.02496093 0.0501284 0.06374937 -0.02453416 0.05724251 0.06374937 -0.02422136 -0.04937851 0.06374937 -0.02422136 0.04937851 0.06374937 -0.02388876 -0.05751484 0.06374937 -0.02050453 -0.04505276 0.06374937 -0.02028381 0.04515248 0.06374937 -0.01862382 0.05942881 0.06374937 -0.01728236 -0.05983269 0.06374937 -0.01532489 -0.05386149 0.06374937 -0.01532489 0.05386149 0.06374937 -0.01378571 -0.05324351 0.06374937 -0.01378571 0.05324351 0.06374937 -0.01252281 0.0610066 0.06374937 -0.01196682 0.04803103 0.06374937 -0.01049053 -0.04837495 0.06374937 -0.01045751 -0.06139439 0.06374937 -0.01016777 0.04806214 0.06374937 -0.008536934 0.04730147 0.06374937 -0.007404625 0.04590296 0.06374937 -0.006999909 0.03924947 0.06374937 -0.006999909 0.04414969 0.06374937 -0.006293594 0.0619598 0.06374937 -0.005166947 -0.05576038 0.06374937 -0.005166947 0.05576038 0.06374937 -0.00350058 -0.06218016 0.06374937 -0.002785623 -0.05492866 0.06374937 -0.002785623 0.05492866 0.06374937 0 0.06227868 0.06374937 0 -0.04949933 0.06374937 0 -0.04949933 0.06374937 0.00350058 -0.06218016 0.06374937 0.005166947 -0.05576038 0.06374937 0.005166947 0.05576038 0.06374937 0.006293594 0.0619598 0.06374937 0.00699985 0.03924947 0.06374937 0.00699985 0.04414969 0.06374937 0.007404625 0.04590296 0.06374937 0.008328378 -0.05436509 0.06374937 0.008328378 0.05436509 0.06374937 0.008536934 0.04730147 0.06374937 0.01016771 0.04806214 0.06374937 0.01045751 -0.06139439 0.06374937 0.01049053 -0.04837495 0.06374937 0.01196682 0.04803103 0.06374937 0.01252281 0.0610066 0.06374937 0.01532489 -0.05386149 0.06374937 0.01532489 0.05386149 0.06374937 0.01728236 -0.05983269 0.06374937 0.01862382 0.05942881 0.06374937 0.0191015 -0.05157572 0.06374937 0.0191015 0.05157572 0.06374937 0.02028381 0.04515248 0.06374937 0.02050453 -0.04505276 0.06374937 0.02388876 -0.05751484 0.06374937 0.02453416 0.05724251 0.06374937 0.02496093 -0.0501284 0.06374937 0.02496093 0.0501284 0.06374937 0.0271489 -0.04897803 0.06374937 0.0271489 0.04897803 0.06374937 0.02795952 0.04084664 0.06374937 0.02884167 -0.04800075 0.06374937 0.02884167 0.04800075 0.06374937 0.0290926 -0.04667478 0.06374937 0.0290926 0.04667478 0.06374937 0.02958691 -0.03968375 0.06374937 0.03019326 -0.05447018 0.06374937 0.03019326 0.05447018 0.06374937 0.03207588 -0.05338317 0.06374937 0.03207588 0.05338317 0.06374937 0.03374701 -0.0446884 0.06374937 0.03374701 0.0446884 0.06374937 0.03475129 0.03524953 0.06374937 0.03524953 0.03475135 0.06374937 0.03524953 0.03524953 0.06374937 0.03732508 -0.03251183 0.06374937 0.03786486 -0.04944574 0.06374937 0.03786486 0.04944574 0.06374937 0.03789269 -0.03986304 0.06374937 0.03789269 0.03986304 0.06374937 0.04138392 -0.03772646 0.06374937 0.04138392 0.03772646 0.06374937 0.04181373 0.02649134 0.06374937 0.04317539 -0.04488331 0.06374937 0.04317539 0.04488331 0.06374937 0.0433675 -0.02386289 0.06374937 0.04514139 -0.03141939 0.06374937 0.04514139 0.03141939 0.06374937 0.04647839 0.01702785 0.06374937 0.04743975 -0.01412981 0.06374937 0.04761153 -0.0294798 0.06374937 0.04761153 0.0294798 0.06374937 0.04794025 -0.03975367 0.06374937 0.04794025 0.03975367 0.06374937 0.04903131 0.006790757 0.06374937 0.04935675 -0.003754794 0.06374937 0.05054199 -0.02168929 0.06374937 0.05054199 0.02168929 0.06374937 0.05209928 -0.03412175 0.06374937 0.05209928 0.03412175 0.06374937 0.05221772 -0.02022922 0.06374937 0.05221772 0.02022922 0.06374937 0.05387336 -0.0110712 0.06374937 0.05387336 0.0110712 0.06374937 0.05499929 0 0.06374937 0.05504578 -0.01028984 0.06374937 0.05504578 0.01028984 0.06374937 0.05559992 -0.02805852 0.06374937 0.05559992 0.02805852 0.06374937 0.05599075 -9.77322e-4 0.06374937 0.05599075 9.77322e-4 0.06374937 0.05839782 -0.02164059 0.06374937 0.05839782 0.02164059 0.06374937 0.06045776 -0.01494938 0.06374937 0.06045776 0.01494938 0.06374937 0.06175369 -0.008069097 0.06374937 0.06175369 0.008069097 0.06374937 0.06226915 -0.00108689 0.06374937 0.06226915 0.00108689 0.06910932 -0.06274175 0 0.06910932 -0.06228435 -0.007562637 0.06910932 -0.06228435 0.007562637 0.06910932 -0.06091856 -0.01501506 0.06910932 -0.06091856 0.01501506 0.06910932 -0.05866461 -0.0222485 0.06910932 -0.05866461 0.0222485 0.06910932 -0.05555504 -0.02915751 0.06910932 -0.05555504 0.02915751 0.06910932 -0.0516355 -0.03564143 0.06910932 -0.0516355 0.03564143 0.06910932 -0.04696285 -0.04160553 0.06910932 -0.04696285 0.04160553 0.06910932 -0.04160553 -0.04696285 0.06910932 -0.04160553 0.04696285 0.06910932 -0.03564143 -0.0516355 0.06910932 -0.03564143 0.0516355 0.06910932 -0.02915751 -0.05555504 0.06910932 -0.02915751 0.05555504 0.06910932 -0.0222485 -0.05866461 0.06910932 -0.0222485 0.05866461 0.06910932 -0.01501506 -0.06091856 0.06910932 -0.01501506 0.06091856 0.06910932 -0.007562696 -0.06228435 0.06910932 -0.007562696 0.06228435 0.06910932 0 0.06274175 0.06910932 0 0.06274175 0.06910932 0 -0.06274175 0.06910932 0 -0.06274175 0.06910932 0.007562637 -0.06228435 0.06910932 0.007562637 0.06228435 0.06910932 0.01501506 -0.06091856 0.06910932 0.01501506 0.06091856 0.06910932 0.0222485 -0.05866461 0.06910932 0.0222485 0.05866461 0.06910932 0.02915751 -0.05555504 0.06910932 0.02915751 0.05555504 0.06910932 0.03564143 -0.0516355 0.06910932 0.03564143 0.0516355 0.06910932 0.04160553 -0.04696285 0.06910932 0.04160553 0.04696285 0.06910932 0.04696285 -0.04160553 0.06910932 0.04696285 0.04160553 0.06910932 0.0516355 -0.03564143 0.06910932 0.0516355 0.03564143 0.06910932 0.05555504 -0.02915751 0.06910932 0.05555504 0.02915751 0.06910932 0.05866461 -0.0222485 0.06910932 0.05866461 0.0222485 0.06910932 0.06091856 -0.01501506 0.06910932 0.06091856 0.01501506 0.06910932 0.06228435 -0.007562637 0.06910932 0.06228435 0.007562637 0.06910932 0.06274175 0 0.07010334 -0.06185895 -0.001079738 0.07010334 -0.06185895 0.001079738 0.07010334 -0.06134688 -0.00801593 0.07010334 -0.06134688 0.00801593 0.07010334 -0.06005948 -0.01485085 0.07010334 -0.06005948 0.01485085 0.07010334 -0.05801326 -0.02149808 0.07010334 -0.05801326 0.02149808 0.07010334 -0.05523365 -0.02787363 0.07010334 -0.05523365 0.02787363 0.07010334 -0.05175608 -0.03389692 0.07010334 -0.05175608 0.03389692 0.07010334 -0.04762446 -0.03949189 0.07010334 -0.04762446 0.03949189 0.07010334 -0.04289102 -0.04458761 0.07010334 -0.04289102 0.04458761 0.07010334 -0.03761547 -0.04911994 0.07010334 -0.03761547 0.04911994 0.07010334 -0.03186458 -0.05303156 0.07010334 -0.03186458 0.05303156 0.07010334 -0.02999436 -0.0541113 0.07010334 -0.02999436 0.0541113 0.07010334 -0.02437257 0.05686545 0.07010334 -0.02373135 -0.05713593 0.07010334 -0.01850116 0.05903732 0.07010334 -0.01716858 -0.05943852 0.07010334 -0.01244032 0.06060469 0.07010334 -0.01038867 -0.06098991 0.07010334 -0.006252169 0.06155169 0.07010334 -0.003477513 -0.06177055 0.07010334 0 0.06186836 0.07010334 0 0.06186836 0.07010334 0.003477513 -0.06177055 0.07010334 0.006252169 0.06155169 0.07010334 0.01038861 -0.06098991 0.07010334 0.01244032 0.06060469 0.07010334 0.01716858 -0.05943852 0.07010334 0.01850116 0.05903732 0.07010334 0.02373135 -0.05713593 0.07010334 0.02437257 0.05686545 0.07010334 0.02999436 -0.0541113 0.07010334 0.02999436 0.0541113 0.07010334 0.03186458 -0.05303156 0.07010334 0.03186458 0.05303156 0.07010334 0.03761547 -0.04911994 0.07010334 0.03761547 0.04911994 0.07010334 0.04289102 -0.04458761 0.07010334 0.04289102 0.04458761 0.07010334 0.04762446 -0.03949189 0.07010334 0.04762446 0.03949189 0.07010334 0.05175608 -0.03389692 0.07010334 0.05175608 0.03389692 0.07010334 0.05523365 -0.02787363 0.07010334 0.05523365 0.02787363 0.07010334 0.0580132 -0.02149808 0.07010334 0.0580132 0.02149808 0.07010334 0.06005948 -0.01485085 0.07010334 0.06005948 0.01485085 0.07010334 0.06134688 -0.00801593 0.07010334 0.06134688 0.00801593 0.07010334 0.06185895 -0.001079738 0.07010334 0.06185895 0.001079738 0.07624918 -0.06149441 -0.00107336 0.07624918 -0.06149441 0.00107336 0.07624918 -0.06098526 -0.007968664 0.07624918 -0.06098526 0.007968664 0.07624918 -0.05970549 -0.01476329 0.07624918 -0.05970549 0.01476329 0.07624918 -0.05767124 -0.02137142 0.07624918 -0.05767124 0.02137142 0.07624918 -0.05599075 -9.77322e-4 0.07624918 -0.05599075 9.77322e-4 0.07624918 -0.05504578 -0.01028984 0.07624918 -0.05504578 0.01028984 0.07624918 -0.05490809 -0.0277093 0.07624918 -0.05490809 0.0277093 0.07624918 -0.05480325 -0.004639208 0.07624918 -0.05464398 0.00624144 0.07624918 -0.05281722 -0.01533836 0.07624918 -0.05234563 0.01687783 0.07624918 -0.05221772 -0.02022922 0.07624918 -0.05221772 0.02022922 0.07624918 -0.05145102 -0.03369712 0.07624918 -0.05145102 0.03369712 0.07624918 -0.04935675 -0.003754794 0.07624918 -0.04903137 0.006790757 0.07624918 -0.04876345 -0.02543705 0.07624918 -0.04799795 0.0268535 0.07624918 -0.04761159 -0.0294798 0.07624918 -0.04761159 0.0294798 0.07624918 -0.04743975 -0.01412981 0.07624918 -0.04734379 -0.03925907 0.07624918 -0.04734379 0.03925907 0.07624918 -0.04647839 0.01702785 0.07624918 -0.0433675 -0.02386289 0.07624918 -0.04280084 -0.03453993 0.07624918 -0.04263824 -0.04432481 0.07624918 -0.04263824 0.04432481 0.07624918 -0.04181373 0.02649134 0.07624918 -0.04177147 0.03577798 0.07624918 -0.04138392 -0.03772646 0.07624918 -0.04138392 0.03772646 0.07624918 -0.0373938 -0.04883044 0.07624918 -0.0373938 0.04883044 0.07624918 -0.03732508 -0.03251183 0.07624918 -0.03524953 0.03475135 0.07624918 -0.03524953 0.03524953 0.07624918 -0.03516274 -0.04229062 0.07624918 -0.03475135 0.03524953 0.07624918 -0.03390973 0.04330182 0.07624918 -0.03374701 -0.0446884 0.07624918 -0.03374701 0.0446884 0.07624918 -0.03167676 -0.05271899 0.07624918 -0.03167676 0.05271899 0.07624918 -0.02981758 -0.05379235 0.07624918 -0.02981758 0.05379235 0.07624918 -0.02958691 -0.03968375 0.07624918 -0.02884173 -0.04800075 0.07624918 -0.02884173 0.04800075 0.07624918 -0.02795952 0.04084664 0.07624918 -0.0271489 -0.04897803 0.07624918 -0.0271489 0.04897803 0.07624918 -0.02614802 -0.04838597 0.07624918 -0.02496093 -0.0501284 0.07624918 -0.02496093 0.0501284 0.07624918 -0.02472048 0.04913061 0.07624918 -0.02422887 0.05653023 0.07624918 -0.02359157 -0.05679917 0.07624918 -0.02050453 -0.04505276 0.07624918 -0.02028381 0.04515248 0.07624918 -0.01839214 0.05868929 0.07624918 -0.01706737 -0.05908823 0.07624918 -0.01610988 -0.05258697 0.07624918 -0.01532489 -0.05386149 0.07624918 -0.01532489 0.05386149 0.07624918 -0.01456362 0.05303597 0.07624918 -0.01236701 0.06024748 0.07624918 -0.01196682 0.04803103 0.07624918 -0.01049053 -0.04837495 0.07624918 -0.01032745 -0.06063038 0.07624918 -0.01016777 0.04806214 0.07624918 -0.008536934 0.04730147 0.07624918 -0.007404625 0.04590296 0.07624918 -0.006999909 0.03924947 0.07624918 -0.006999909 0.04414969 0.07624918 -0.006215333 0.06118887 0.07624918 -0.00544095 -0.05472946 0.07624918 -0.005166947 -0.05576038 0.07624918 -0.005166947 0.05576038 0.07624918 -0.003836512 0.05486524 0.07624918 -0.003457009 -0.06140649 0.07624918 -0.002929687 0.04189711 0.07624918 0 0.0615037 0.07624918 0 -0.04949933 0.07624918 0 -0.04949933 0.07624918 0.001734554 0.04196363 0.07624918 0.002929687 0.04189711 0.07624918 0.003457009 -0.06140649 0.07624918 0.003836512 0.05486524 0.07624918 0.005166947 -0.05576038 0.07624918 0.005166947 0.05576038 0.07624918 0.00544089 -0.05472946 0.07624918 0.006215333 0.06118887 0.07624918 0.00699985 0.03924947 0.07624918 0.00699985 0.04414969 0.07624918 0.007404625 0.04590296 0.07624918 0.008536934 0.04730147 0.07624918 0.01016771 0.04806214 0.07624918 0.01032745 -0.06063038 0.07624918 0.01049053 -0.04837495 0.07624918 0.01196682 0.04803103 0.07624918 0.01236701 0.06024748 0.07624918 0.01456356 0.05303597 0.07624918 0.01532489 -0.05386149 0.07624918 0.01532489 0.05386149 0.07624918 0.01610988 -0.05258697 0.07624918 0.01706737 -0.05908823 0.07624918 0.01839214 0.05868929 0.07624918 0.02028381 0.04515248 0.07624918 0.02050453 -0.04505276 0.07624918 0.02359157 -0.05679917 0.07624918 0.02422887 0.05653023 0.07624918 0.02472043 0.04913061 0.07624918 0.02496093 -0.0501284 0.07624918 0.02496093 0.0501284 0.07624918 0.02614802 -0.04838597 0.07624918 0.0271489 -0.04897803 0.07624918 0.0271489 0.04897803 0.07624918 0.02795952 0.04084664 0.07624918 0.02884167 -0.04800075 0.07624918 0.02884167 0.04800075 0.07624918 0.02958691 -0.03968375 0.07624918 0.02981758 -0.05379235 0.07624918 0.02981758 0.05379235 0.07624918 0.03167676 -0.05271899 0.07624918 0.03167676 0.05271899 0.07624918 0.03374701 -0.0446884 0.07624918 0.03374701 0.0446884 0.07624918 0.03390973 0.04330182 0.07624918 0.03475129 0.03524953 0.07624918 0.03516274 -0.04229062 0.07624918 0.03524953 0.03475135 0.07624918 0.03524953 0.03524953 0.07624918 0.03732508 -0.03251183 0.07624918 0.0373938 -0.04883044 0.07624918 0.0373938 0.04883044 0.07624918 0.04138392 -0.03772646 0.07624918 0.04138392 0.03772646 0.07624918 0.04177141 0.03577798 0.07624918 0.04181373 0.02649134 0.07624918 0.04263824 -0.04432481 0.07624918 0.04263824 0.04432481 0.07624918 0.04280084 -0.03453993 0.07624918 0.0433675 -0.02386289 0.07624918 0.04647839 0.01702785 0.07624918 0.04734379 -0.03925907 0.07624918 0.04734379 0.03925907 0.07624918 0.04743975 -0.01412981 0.07624918 0.04761153 -0.0294798 0.07624918 0.04761153 0.0294798 0.07624918 0.04799795 0.0268535 0.07624918 0.04876345 -0.02543705 0.07624918 0.04903131 0.006790757 0.07624918 0.04935675 -0.003754794 0.07624918 0.05145102 -0.03369712 0.07624918 0.05145102 0.03369712 0.07624918 0.05221772 -0.02022922 0.07624918 0.05221772 0.02022922 0.07624918 0.05234557 0.01687783 0.07624918 0.05281716 -0.01533836 0.07624918 0.05464398 0.00624144 0.07624918 0.05480325 -0.004639208 0.07624918 0.05490803 -0.0277093 0.07624918 0.05490803 0.0277093 0.07624918 0.05504578 -0.01028984 0.07624918 0.05504578 0.01028984 0.07624918 0.05599075 -9.77322e-4 0.07624918 0.05599075 9.77322e-4 0.07624918 0.05767124 -0.02137142 0.07624918 0.05767124 0.02137142 0.07624918 0.05970549 -0.01476329 0.07624918 0.05970549 0.01476329 0.07624918 0.06098526 -0.007968664 0.07624918 0.06098526 0.007968664 0.07624918 0.06149435 -0.00107336 0.07624918 0.06149435 0.00107336 0.07638525 -0.007136166 0.0382142 0.07638525 0.007136166 0.0382142 0.07649624 -0.003026306 0.04327821 0.07649624 0.003026306 0.04327821 0.07678526 -0.007535755 0.0372495 0.07678526 0.007535755 0.0372495 0.07742124 -0.003126978 0.04471862 0.07742124 0.003126978 0.04471862 0.07824915 -0.008999884 0.03578543 0.07824915 0.008999824 0.03578543 0.07886517 -0.003191471 0.0456407 0.07886517 0.003191471 0.0456407 0.08024913 -0.01099985 0.03524953 0.08024913 -0.003208756 0.04588729 0.08024913 0.003208696 0.04588729 0.08024913 0.01099985 0.03524953 0.08174914 -0.06119036 -0.001068055 0.08174914 -0.06119036 0.001068055 0.08174914 -0.0605663 -0.008781671 0.08174914 -0.0605663 0.008781671 0.08174914 -0.0589739 -0.01635485 0.08174914 -0.0589739 0.01635485 0.08174914 -0.05643832 -0.02366656 0.08174914 -0.05643832 0.02366656 0.08174914 -0.05599075 -9.77322e-4 0.08174914 -0.05599075 9.77322e-4 0.08174914 -0.05504578 -0.01028984 0.08174914 -0.05504578 0.01028984 0.08174914 -0.05480325 -0.004639208 0.08174914 -0.05464398 0.00624144 0.08174914 -0.0530005 -0.03059977 0.08174914 -0.0530005 0.03059977 0.08174914 -0.05281722 -0.01533836 0.08174914 -0.05234563 0.01687783 0.08174914 -0.05221772 -0.02022922 0.08174914 -0.05221772 0.02022922 0.08174914 -0.04935675 -0.003754794 0.08174914 -0.04903137 0.006790757 0.08174914 -0.04876345 -0.02543705 0.08174914 -0.04871505 -0.0370438 0.08174914 -0.04871505 0.0370438 0.08174914 -0.04799795 0.0268535 0.08174914 -0.04761159 -0.0294798 0.08174914 -0.04761159 0.0294798 0.08174914 -0.04743975 -0.01412981 0.08174914 -0.04647839 0.01702785 0.08174914 -0.04365068 -0.04289543 0.08174914 -0.04365068 0.04289543 0.08174914 -0.0433675 -0.02386289 0.08174914 -0.04280084 -0.03453993 0.08174914 -0.04181373 0.02649134 0.08174914 -0.04177147 0.03577798 0.08174914 -0.04138392 -0.03772646 0.08174914 -0.04138392 0.03772646 0.08174914 -0.0378884 -0.04806113 0.08174914 -0.0378884 0.04806113 0.08174914 -0.03732508 -0.03251183 0.08174914 -0.03524953 0.03475135 0.08174914 -0.03524953 0.03524953 0.08174914 -0.03516274 -0.04229062 0.08174914 -0.03475135 0.03524953 0.08174914 -0.03390973 0.04330182 0.08174914 -0.03374701 -0.0446884 0.08174914 -0.03374701 0.0446884 0.08174914 -0.03152018 -0.0524584 0.08174914 -0.03152018 0.0524584 0.08174914 -0.02967017 -0.0535264 0.08174914 -0.02967017 0.0535264 0.08174914 -0.02958691 -0.03968375 0.08174914 -0.02884173 -0.04800075 0.08174914 -0.02884173 0.04800075 0.08174914 -0.0271489 -0.04897803 0.08174914 -0.0271489 0.04897803 0.08174914 -0.02675515 0.04164546 0.08174914 -0.02614802 -0.04838597 0.08174914 -0.02496093 -0.0501284 0.08174914 -0.02496093 0.0501284 0.08174914 -0.02472048 0.04913061 0.08174914 -0.02267795 -0.05684286 0.08174914 -0.02267795 0.05684286 0.08174914 -0.02050453 -0.04505276 0.08174914 -0.01761412 0.0462594 0.08174914 -0.01610988 -0.05258697 0.08174914 -0.01532489 -0.05386149 0.08174914 -0.01532489 0.05386149 0.08174914 -0.01532316 -0.05925029 0.08174914 -0.01532316 0.05925029 0.08174914 -0.01456362 0.05303597 0.08174914 -0.01049053 -0.04837495 0.08174914 -0.007723331 -0.06071037 0.08174914 -0.007723331 0.06071037 0.08174914 -0.007719337 0.04889374 0.08174914 -0.005762577 0.04871404 0.08174914 -0.00544095 -0.05472946 0.08174914 -0.005166947 -0.05576038 0.08174914 -0.005166947 0.05576038 0.08174914 -0.004127562 0.04762423 0.08174914 -0.003836512 0.05486524 0.08174914 -0.003208756 0.04588729 0.08174914 0 -0.06119966 0.08174914 0 -0.06119966 0.08174914 0 0.06119966 0.08174914 0 -0.04949933 0.08174914 0 -0.04949933 0.08174914 0.003208696 0.04588729 0.08174914 0.003836512 0.05486524 0.08174914 0.004127562 0.04762423 0.08174914 0.005166947 -0.05576038 0.08174914 0.005166947 0.05576038 0.08174914 0.00544089 -0.05472946 0.08174914 0.005762577 0.04871404 0.08174914 0.007719337 0.04889374 0.08174914 0.007723331 -0.06071037 0.08174914 0.007723331 0.06071037 0.08174914 0.01049053 -0.04837495 0.08174914 0.01456356 0.05303597 0.08174914 0.01532316 -0.05925029 0.08174914 0.01532316 0.05925029 0.08174914 0.01532489 -0.05386149 0.08174914 0.01532489 0.05386149 0.08174914 0.01610988 -0.05258697 0.08174914 0.01761412 0.0462594 0.08174914 0.02050453 -0.04505276 0.08174914 0.02267795 -0.05684286 0.08174914 0.02267795 0.05684286 0.08174914 0.02472043 0.04913061 0.08174914 0.02496093 -0.0501284 0.08174914 0.02496093 0.0501284 0.08174914 0.02614802 -0.04838597 0.08174914 0.02675515 0.04164546 0.08174914 0.0271489 -0.04897803 0.08174914 0.0271489 0.04897803 0.08174914 0.02884167 -0.04800075 0.08174914 0.02884167 0.04800075 0.08174914 0.02958691 -0.03968375 0.08174914 0.02967017 -0.0535264 0.08174914 0.02967017 0.0535264 0.08174914 0.03152018 -0.0524584 0.08174914 0.03152018 0.0524584 0.08174914 0.03374701 -0.0446884 0.08174914 0.03374701 0.0446884 0.08174914 0.03390973 0.04330182 0.08174914 0.03475129 0.03524953 0.08174914 0.03516274 -0.04229062 0.08174914 0.03524953 0.03475135 0.08174914 0.03524953 0.03524953 0.08174914 0.03732508 -0.03251183 0.08174914 0.0378884 -0.04806113 0.08174914 0.0378884 0.04806113 0.08174914 0.04138392 -0.03772646 0.08174914 0.04138392 0.03772646 0.08174914 0.04177141 0.03577798 0.08174914 0.04181373 0.02649134 0.08174914 0.04280084 -0.03453993 0.08174914 0.0433675 -0.02386289 0.08174914 0.04365068 -0.04289543 0.08174914 0.04365068 0.04289543 0.08174914 0.04647839 0.01702785 0.08174914 0.04743975 -0.01412981 0.08174914 0.04761153 -0.0294798 0.08174914 0.04761153 0.0294798 0.08174914 0.04799795 0.0268535 0.08174914 0.04871505 -0.0370438 0.08174914 0.04871505 0.0370438 0.08174914 0.04876345 -0.02543705 0.08174914 0.04903131 0.006790757 0.08174914 0.04935675 -0.003754794 0.08174914 0.05221772 -0.02022922 0.08174914 0.05221772 0.02022922 0.08174914 0.05234557 0.01687783 0.08174914 0.05281716 -0.01533836 0.08174914 0.0530005 -0.03059977 0.08174914 0.0530005 0.03059977 0.08174914 0.05464398 0.00624144 0.08174914 0.05480325 -0.004639208 0.08174914 0.05504578 -0.01028984 0.08174914 0.05504578 0.01028984 0.08174914 0.05599075 -9.77322e-4 0.08174914 0.05599075 9.77322e-4 0.08174914 0.05643832 -0.02366656 0.08174914 0.05643832 0.02366656 0.08174914 0.0589739 -0.01635485 0.08174914 0.0589739 0.01635485 0.08174914 0.0605663 -0.008781671 0.08174914 0.0605663 0.008781671 0.08174914 0.06119036 -0.001068055 0.08174914 0.06119036 0.001068055 0.08815509 -0.06085628 -0.001062214 0.08815509 -0.06085628 0.001062214 0.08815509 -0.06023567 -0.008733749 0.08815509 -0.06023567 0.008733749 0.08815509 -0.05865192 -0.01626557 0.08815509 -0.05865192 0.01626557 0.08815509 -0.05613034 -0.02353739 0.08815509 -0.05613034 0.02353739 0.08815509 -0.05271118 -0.03043276 0.08815509 -0.05271118 0.03043276 0.08815509 -0.04844915 -0.03684157 0.08815509 -0.04844915 0.03684157 0.08815509 -0.04341244 -0.04266124 0.08815509 -0.04341244 0.04266124 0.08815509 -0.03768151 -0.04779875 0.08815509 -0.03768151 0.04779875 0.08815509 -0.03134804 -0.052172 0.08815509 -0.03134804 0.052172 0.08815509 -0.02950817 -0.05323427 0.08815509 -0.02950817 0.05323427 0.08815509 -0.02255415 -0.05653256 0.08815509 -0.02255415 0.05653256 0.08815509 -0.01523947 -0.05892693 0.08815509 -0.01523947 0.05892693 0.08815509 -0.007681131 -0.06037896 0.08815509 -0.007681131 0.06037896 0.08815509 0 -0.06086558 0.08815509 0 0.06086558 0.08815509 0 0.06086558 0.08815509 0.007681131 -0.06037896 0.08815509 0.007681131 0.06037896 0.08815509 0.01523947 -0.05892693 0.08815509 0.01523947 0.05892693 0.08815509 0.02255415 -0.05653256 0.08815509 0.02255415 0.05653256 0.08815509 0.02950817 -0.05323427 0.08815509 0.02950817 0.05323427 0.08815509 0.03134804 -0.052172 0.08815509 0.03134804 0.052172 0.08815509 0.03768146 -0.04779875 0.08815509 0.03768146 0.04779875 0.08815509 0.04341238 -0.04266124 0.08815509 0.04341238 0.04266124 0.08815509 0.04844915 -0.03684157 0.08815509 0.04844915 0.03684157 0.08815509 0.05271118 -0.03043276 0.08815509 0.05271118 0.03043276 0.08815509 0.05613034 -0.02353739 0.08815509 0.05613034 0.02353739 0.08815509 0.05865192 -0.01626557 0.08815509 0.05865192 0.01626557 0.08815509 0.06023567 -0.008733749 0.08815509 0.06023567 0.008733749 0.08815509 0.06085628 -0.001062214 0.08815509 0.06085628 0.001062214 0.09424895 -0.06055051 -0.001056909 0.09424895 -0.06055051 0.001056909 0.09424895 -0.059933 -0.00868982 0.09424895 -0.059933 0.00868982 0.09424895 -0.05835711 -0.01618385 0.09424895 -0.05835711 0.01618385 0.09424895 -0.05599075 -9.77322e-4 0.09424895 -0.05599075 9.77322e-4 0.09424895 -0.05584818 -0.02341908 0.09424895 -0.05584818 0.02341908 0.09424895 -0.05504578 -0.01028984 0.09424895 -0.05504578 0.01028984 0.09424895 -0.05480325 -0.004639208 0.09424895 -0.05464398 0.00624144 0.09424895 -0.05281722 -0.01533836 0.09424895 -0.05244618 -0.03027981 0.09424895 -0.05244618 0.03027981 0.09424895 -0.05234563 0.01687783 0.09424895 -0.05221772 -0.02022922 0.09424895 -0.05221772 0.02022922 0.09424895 -0.04935675 -0.003754794 0.09424895 -0.04903137 0.006790757 0.09424895 -0.04876345 -0.02543705 0.09424895 -0.04820567 -0.03665637 0.09424895 -0.04820567 0.03665637 0.09424895 -0.04799795 0.0268535 0.09424895 -0.04761159 -0.0294798 0.09424895 -0.04761159 0.0294798 0.09424895 -0.04743975 -0.01412981 0.09424895 -0.04647839 0.01702785 0.09424895 -0.0433675 -0.02386289 0.09424895 -0.04319423 -0.04244685 0.09424895 -0.04319423 0.04244685 0.09424895 -0.04280084 -0.03453993 0.09424895 -0.04181373 0.02649134 0.09424895 -0.04177147 0.03577798 0.09424895 -0.04138392 -0.03772646 0.09424895 -0.04138392 0.03772646 0.09424895 -0.03749209 -0.04755854 0.09424895 -0.03749209 0.04755854 0.09424895 -0.03732508 -0.03251183 0.09424895 -0.03524953 0.03475135 0.09424895 -0.03524953 0.03524953 0.09424895 -0.03516274 -0.04229062 0.09424895 -0.03475135 0.03524953 0.09424895 -0.03390973 0.04330182 0.09424895 -0.03374701 -0.0446884 0.09424895 -0.03374701 0.0446884 0.09424895 -0.03119057 -0.0519098 0.09424895 -0.03119057 0.0519098 0.09424895 -0.02958691 -0.03968375 0.09424895 -0.02935987 -0.05296671 0.09424895 -0.02935987 0.05296671 0.09424895 -0.02884173 -0.04800075 0.09424895 -0.02884173 0.04800075 0.09424895 -0.0271489 -0.04897803 0.09424895 -0.0271489 0.04897803 0.09424895 -0.02675515 0.04164546 0.09424895 -0.02614802 -0.04838597 0.09424895 -0.02496093 -0.0501284 0.09424895 -0.02496093 0.0501284 0.09424895 -0.02472048 0.04913061 0.09424895 -0.02244079 -0.05624842 0.09424895 -0.02244079 0.05624842 0.09424895 -0.02050453 -0.04505276 0.09424895 -0.01761412 0.0462594 0.09424895 -0.01610988 -0.05258697 0.09424895 -0.01532489 -0.05386149 0.09424895 -0.01532489 0.05386149 0.09424895 -0.01516288 -0.0586307 0.09424895 -0.01516288 0.0586307 0.09424895 -0.01456362 0.05303597 0.09424895 -0.01049053 -0.04837495 0.09424895 -0.007719337 0.04889374 0.09424895 -0.007642567 -0.06007552 0.09424895 -0.007642567 0.06007552 0.09424895 -0.005762577 0.04871404 0.09424895 -0.00544095 -0.05472946 0.09424895 -0.005166947 -0.05576038 0.09424895 -0.005166947 0.05576038 0.09424895 -0.004127562 0.04762423 0.09424895 -0.003836512 0.05486524 0.09424895 -0.003208756 0.04588729 0.09424895 0 -0.06055968 0.09424895 0 -0.06055968 0.09424895 0 0.06055968 0.09424895 0 -0.04949933 0.09424895 0 -0.04949933 0.09424895 0.003208696 0.04588729 0.09424895 0.003836512 0.05486524 0.09424895 0.004127562 0.04762423 0.09424895 0.005166947 -0.05576038 0.09424895 0.005166947 0.05576038 0.09424895 0.00544089 -0.05472946 0.09424895 0.005762577 0.04871404 0.09424895 0.007642567 -0.06007552 0.09424895 0.007642567 0.06007552 0.09424895 0.007719337 0.04889374 0.09424895 0.01049053 -0.04837495 0.09424895 0.01456356 0.05303597 0.09424895 0.01516288 -0.0586307 0.09424895 0.01516288 0.0586307 0.09424895 0.01532489 -0.05386149 0.09424895 0.01532489 0.05386149 0.09424895 0.01610988 -0.05258697 0.09424895 0.01761412 0.0462594 0.09424895 0.02050453 -0.04505276 0.09424895 0.02244079 -0.05624842 0.09424895 0.02244079 0.05624842 0.09424895 0.02472043 0.04913061 0.09424895 0.02496093 -0.0501284 0.09424895 0.02496093 0.0501284 0.09424895 0.02614802 -0.04838597 0.09424895 0.02675515 0.04164546 0.09424895 0.0271489 -0.04897803 0.09424895 0.0271489 0.04897803 0.09424895 0.02884167 -0.04800075 0.09424895 0.02884167 0.04800075 0.09424895 0.02935987 -0.05296671 0.09424895 0.02935987 0.05296671 0.09424895 0.02958691 -0.03968375 0.09424895 0.03119057 -0.0519098 0.09424895 0.03119057 0.0519098 0.09424895 0.03374701 -0.0446884 0.09424895 0.03374701 0.0446884 0.09424895 0.03390973 0.04330182 0.09424895 0.03475129 0.03524953 0.09424895 0.03516274 -0.04229062 0.09424895 0.03524953 0.03475135 0.09424895 0.03524953 0.03524953 0.09424895 0.03732508 -0.03251183 0.09424895 0.03749209 -0.04755854 0.09424895 0.03749209 0.04755854 0.09424895 0.04138392 -0.03772646 0.09424895 0.04138392 0.03772646 0.09424895 0.04177141 0.03577798 0.09424895 0.04181373 0.02649134 0.09424895 0.04280084 -0.03453993 0.09424895 0.04319423 -0.04244685 0.09424895 0.04319423 0.04244685 0.09424895 0.0433675 -0.02386289 0.09424895 0.04647839 0.01702785 0.09424895 0.04743975 -0.01412981 0.09424895 0.04761153 -0.0294798 0.09424895 0.04761153 0.0294798 0.09424895 0.04799795 0.0268535 0.09424895 0.04820567 -0.03665637 0.09424895 0.04820567 0.03665637 0.09424895 0.04876345 -0.02543705 0.09424895 0.04903131 0.006790757 0.09424895 0.04935675 -0.003754794 0.09424895 0.05221772 -0.02022922 0.09424895 0.05221772 0.02022922 0.09424895 0.05234557 0.01687783 0.09424895 0.05244618 -0.03027981 0.09424895 0.05244618 0.03027981 0.09424895 0.05281716 -0.01533836 0.09424895 0.05464398 0.00624144 0.09424895 0.05480325 -0.004639208 0.09424895 0.05504578 -0.01028984 0.09424895 0.05504578 0.01028984 0.09424895 0.05584818 -0.02341908 0.09424895 0.05584818 0.02341908 0.09424895 0.05599075 -9.77322e-4 0.09424895 0.05599075 9.77322e-4 0.09424895 0.05835711 -0.01618385 0.09424895 0.05835711 0.01618385 0.09424895 0.059933 -0.00868982 0.09424895 0.059933 0.00868982 0.09424895 0.06055051 -0.001056909 0.09424895 0.06055051 0.001056909 0.09670597 -0.06124818 0 0.09670597 -0.06080156 -0.007382631 0.09670597 -0.06080156 0.007382631 0.09670597 -0.05946838 -0.01465755 0.09670597 -0.05946838 0.01465755 0.09670597 -0.05726802 -0.02171891 0.09670597 -0.05726802 0.02171891 0.09670597 -0.05423259 -0.02846342 0.09670597 -0.05423259 0.02846342 0.09670597 -0.05040621 -0.0347929 0.09670597 -0.05040621 0.0347929 0.09670597 -0.04584491 -0.04061508 0.09670597 -0.04584491 0.04061508 0.09670597 -0.04061508 -0.04584485 0.09670597 -0.04061508 0.04584485 0.09670597 -0.03479295 -0.05040621 0.09670597 -0.03479295 0.05040621 0.09670597 -0.02846342 -0.05423259 0.09670597 -0.02846342 0.05423259 0.09670597 -0.02171891 -0.05726802 0.09670597 -0.02171891 0.05726802 0.09670597 -0.01465761 -0.05946838 0.09670597 -0.01465761 0.05946838 0.09670597 -0.007382631 -0.06080156 0.09670597 -0.007382631 0.06080156 0.09670597 0 0.06124818 0.09670597 0 0.06124818 0.09670597 0 -0.06124818 0.09670597 0 -0.06124818 0.09670597 0.007382631 -0.06080156 0.09670597 0.007382631 0.06080156 0.09670597 0.01465755 -0.05946838 0.09670597 0.01465755 0.05946838 0.09670597 0.02171891 -0.05726802 0.09670597 0.02171891 0.05726802 0.09670597 0.02846342 -0.05423259 0.09670597 0.02846342 0.05423259 0.09670597 0.0347929 -0.05040621 0.09670597 0.0347929 0.05040621 0.09670597 0.04061502 -0.04584485 0.09670597 0.04061502 0.04584485 0.09670597 0.04584485 -0.04061508 0.09670597 0.04584485 0.04061508 0.09670597 0.05040621 -0.0347929 0.09670597 0.05040621 0.0347929 0.09670597 0.05423259 -0.02846342 0.09670597 0.05423259 0.02846342 0.09670597 0.05726802 -0.02171891 0.09670597 0.05726802 0.02171891 0.09670597 0.05946838 -0.01465755 0.09670597 0.05946838 0.01465755 0.09670597 0.06080156 -0.007382631 0.09670597 0.06080156 0.007382631 0.09670597 0.06124818 0 0.0997489 -0.06027519 -0.001052081 0.0997489 -0.06027519 0.001052081 0.0997489 -0.05966061 -0.008650362 0.0997489 -0.05966061 0.008650362 0.0997489 -0.05809193 -0.01611024 0.0997489 -0.05809193 0.01611024 0.0997489 -0.05599075 -9.77322e-4 0.0997489 -0.05599075 9.77322e-4 0.0997489 -0.05559438 -0.02331268 0.0997489 -0.05559438 0.02331268 0.0997489 -0.05504578 -0.01028984 0.0997489 -0.05504578 0.01028984 0.0997489 -0.05480325 -0.004639208 0.0997489 -0.05464398 0.00624144 0.0997489 -0.05281722 -0.01533836 0.0997489 -0.05234563 0.01687783 0.0997489 -0.05221772 -0.02022922 0.0997489 -0.05221772 0.02022922 0.0997489 -0.05220782 -0.03014218 0.0997489 -0.05220782 0.03014218 0.0997489 -0.04935675 -0.003754794 0.0997489 -0.04903137 0.006790757 0.0997489 -0.04876345 -0.02543705 0.0997489 -0.04799795 0.0268535 0.0997489 -0.04798656 -0.03648978 0.0997489 -0.04798656 0.03648978 0.0997489 -0.04761159 -0.0294798 0.0997489 -0.04761159 0.0294798 0.0997489 -0.04743975 -0.01412981 0.0997489 -0.04647839 0.01702785 0.0997489 -0.0433675 -0.02386289 0.0997489 -0.04299789 -0.04225391 0.0997489 -0.04299789 0.04225391 0.0997489 -0.04280084 -0.03453993 0.0997489 -0.04181373 0.02649134 0.0997489 -0.04177147 0.03577798 0.0997489 -0.04138392 -0.03772646 0.0997489 -0.04138392 0.03772646 0.0997489 -0.03732508 -0.03251183 0.0997489 -0.03732168 -0.04734236 0.0997489 -0.03732168 0.04734236 0.0997489 -0.03524953 0.03475135 0.0997489 -0.03524953 0.03524953 0.0997489 -0.03516274 -0.04229062 0.0997489 -0.03475135 0.03524953 0.0997489 -0.03390973 0.04330182 0.0997489 -0.03374701 -0.0446884 0.0997489 -0.03374701 0.0446884 0.0997489 -0.03104877 -0.05167382 0.0997489 -0.03104877 0.05167382 0.0997489 -0.02958691 -0.03968375 0.0997489 -0.02922648 -0.05272591 0.0997489 -0.02922648 0.05272591 0.0997489 -0.02884173 -0.04800075 0.0997489 -0.02884173 0.04800075 0.0997489 -0.02728033 0.04130333 0.0997489 -0.0271489 -0.04897803 0.0997489 -0.0271489 0.04897803 0.0997489 -0.02614802 -0.04838597 0.0997489 -0.02496093 -0.0501284 0.0997489 -0.02496093 0.0501284 0.0997489 -0.02472048 0.04913061 0.0997489 -0.0223388 -0.05599278 0.0997489 -0.0223388 0.05599278 0.0997489 -0.02050453 -0.04505276 0.0997489 -0.01877975 0.04579859 0.0997489 -0.01610988 -0.05258697 0.0997489 -0.01532489 -0.05386149 0.0997489 -0.01532489 0.05386149 0.0997489 -0.01509398 -0.05836421 0.0997489 -0.01509398 0.05836421 0.0997489 -0.01456362 0.05303597 0.0997489 -0.01049053 -0.04837495 0.0997489 -0.009570419 0.04856532 0.0997489 -0.007719337 0.04889374 0.0997489 -0.007607817 -0.05980241 0.0997489 -0.007607817 0.05980241 0.0997489 -0.006385624 0.04887914 0.0997489 -0.00544095 -0.05472946 0.0997489 -0.005166947 -0.05576038 0.0997489 -0.005166947 0.05576038 0.0997489 -0.00487709 0.04827105 0.0997489 -0.003836512 0.05486524 0.0997489 -0.003735423 0.04711276 0.0997489 -0.003208756 0.04588729 0.0997489 0 -0.06028437 0.0997489 0 -0.06028437 0.0997489 0 0.06028437 0.0997489 0 -0.04949933 0.0997489 0 -0.04949933 0.0997489 0.003208696 0.04588729 0.0997489 0.003735363 0.04711276 0.0997489 0.003836512 0.05486524 0.0997489 0.00487709 0.04827105 0.0997489 0.005166947 -0.05576038 0.0997489 0.005166947 0.05576038 0.0997489 0.00544089 -0.05472946 0.0997489 0.006385624 0.04887914 0.0997489 0.007607817 -0.05980241 0.0997489 0.007607817 0.05980241 0.0997489 0.007719337 0.04889374 0.0997489 0.009570419 0.04856532 0.0997489 0.01049053 -0.04837495 0.0997489 0.01456356 0.05303597 0.0997489 0.01509398 -0.05836421 0.0997489 0.01509398 0.05836421 0.0997489 0.01532489 -0.05386149 0.0997489 0.01532489 0.05386149 0.0997489 0.01610988 -0.05258697 0.0997489 0.01877975 0.04579859 0.0997489 0.02050453 -0.04505276 0.0997489 0.0223388 -0.05599278 0.0997489 0.0223388 0.05599278 0.0997489 0.02472043 0.04913061 0.0997489 0.02496093 -0.0501284 0.0997489 0.02496093 0.0501284 0.0997489 0.02614802 -0.04838597 0.0997489 0.0271489 -0.04897803 0.0997489 0.0271489 0.04897803 0.0997489 0.02728033 0.04130333 0.0997489 0.02884167 -0.04800075 0.0997489 0.02884167 0.04800075 0.0997489 0.02922648 -0.05272591 0.0997489 0.02922648 0.05272591 0.0997489 0.02958691 -0.03968375 0.0997489 0.03104877 -0.05167382 0.0997489 0.03104877 0.05167382 0.0997489 0.03374701 -0.0446884 0.0997489 0.03374701 0.0446884 0.0997489 0.03390973 0.04330182 0.0997489 0.03475129 0.03524953 0.0997489 0.03516274 -0.04229062 0.0997489 0.03524953 0.03475135 0.0997489 0.03524953 0.03524953 0.0997489 0.03732168 -0.04734236 0.0997489 0.03732168 0.04734236 0.0997489 0.03732508 -0.03251183 0.0997489 0.04138392 -0.03772646 0.0997489 0.04138392 0.03772646 0.0997489 0.04177141 0.03577798 0.0997489 0.04181373 0.02649134 0.0997489 0.04280084 -0.03453993 0.0997489 0.04299789 -0.04225391 0.0997489 0.04299789 0.04225391 0.0997489 0.0433675 -0.02386289 0.0997489 0.04647839 0.01702785 0.0997489 0.04743975 -0.01412981 0.0997489 0.04761153 -0.0294798 0.0997489 0.04761153 0.0294798 0.0997489 0.04798656 -0.03648978 0.0997489 0.04798656 0.03648978 0.0997489 0.04799795 0.0268535 0.0997489 0.04876345 -0.02543705 0.0997489 0.04903131 0.006790757 0.0997489 0.04935675 -0.003754794 0.0997489 0.05220782 -0.03014218 0.0997489 0.05220782 0.03014218 0.0997489 0.05221772 -0.02022922 0.0997489 0.05221772 0.02022922 0.0997489 0.05234557 0.01687783 0.0997489 0.05281716 -0.01533836 0.0997489 0.05464398 0.00624144 0.0997489 0.05480325 -0.004639208 0.0997489 0.05504578 -0.01028984 0.0997489 0.05504578 0.01028984 0.0997489 0.05559438 -0.02331268 0.0997489 0.05559438 0.02331268 0.0997489 0.05599075 -9.77322e-4 0.0997489 0.05599075 9.77322e-4 0.0997489 0.05809193 -0.01611024 0.0997489 0.05809193 0.01611024 0.0997489 0.05966061 -0.008650362 0.0997489 0.05966061 0.008650362 0.0997489 0.06027519 -0.001052081 0.0997489 0.06027519 0.001052081 0.09982991 -0.003208756 0.04588729 0.09982991 0.003208696 0.04588729 0.1002679 -0.003490805 0.04665595 0.1002889 0.003500938 0.04663896 0.1003139 -0.00352025 0.04673629 0.1004309 0.003591418 0.04687154 0.1007139 0.003759443 0.04709517 0.1007229 -0.003764331 0.04709315 0.1010099 -0.003934979 0.04734265 0.1010139 0.003937125 0.04733145 0.1011929 -0.002977609 0.0459029 0.1012659 0.002950906 0.04590457 0.1012709 -0.002932846 0.04590547 0.1012779 0.002943873 0.04590511 0.1013319 -0.004127442 0.04762417 0.1015009 -0.003096818 0.04636889 0.1015009 0.003096818 0.04636889 0.1015749 0.004269182 0.04777318 0.1019529 0.002556622 0.04592728 0.1020269 -0.003457129 0.04706025 0.1020269 0.003457129 0.04706025 0.1021249 0.0027318 0.04630166 0.1023508 0.002328217 0.04594039 0.1023879 -0.002296686 0.045942 0.1025519 0.00310707 0.04698818 0.1025578 0.002081394 0.04595017 0.1025629 -0.002086758 0.04595029 0.1026619 -0.004897236 0.04824507 0.1026799 0.004906833 0.04822897 0.1026968 -0.002263724 0.04630374 0.1026968 0.002263724 0.04630374 0.1029539 -0.005066275 0.04838144 0.1029649 0.005071043 0.04834634 0.1030169 -0.005102992 0.04841107 0.1030439 -0.002691805 0.04698777 0.1030439 0.002691805 0.04698777 0.1030688 -0.001480162 0.04597407 0.1031859 -0.001713871 0.04637706 0.1032088 -0.001312017 0.04598069 0.1032229 0.001288533 0.04598128 0.1034059 -7.67947e-4 0.04598838 0.1034079 7.69248e-4 0.04598855 0.1034179 0.005332291 0.04853302 0.1034818 -0.002226114 0.04706066 0.1035689 -0.001111626 0.04651618 0.1035689 0.001111626 0.04651618 0.1035988 -0.004603624 0.04821348 0.1035988 0.004603624 0.04821348 0.1036828 0 0.0459994 0.1038519 -0.001728653 0.04720264 0.1038519 0.001728653 0.04720264 0.1039839 0 0.04690396 0.1039839 0 0.04690396 0.1040378 0 0.04706847 0.1042488 -0.004050791 0.04819077 0.1042488 0.004050731 0.04819077 0.1043688 7.45642e-4 0.04760557 0.1043698 -7.47537e-4 0.04760164 0.1046149 0.001302003 0.04800647 0.1046379 -0.001351773 0.04803276 0.1048388 -0.003451466 0.04833394 0.1048388 0.003451466 0.04833394 0.1048619 0.001832067 0.04821246 0.1048629 -0.001832604 0.04821074 0.1051058 -0.006286919 0.04886007 0.1052678 -0.006375849 0.04886215 0.1052728 0.006377398 0.04884153 0.1052879 -0.006386637 0.04886245 0.1053029 0.006394267 0.04884654 0.1053268 0.002829372 0.04860013 0.1053288 -0.002829968 0.04858005 0.1053378 0.002852439 0.04860913 0.1053419 -0.002857387 0.04859012 0.1054279 0.003045797 0.04868423 0.1055299 -0.003260314 0.04873937 0.1057149 0.006626129 0.04891502 0.1058898 -0.005822002 0.04886472 0.1058898 0.005822002 0.04886472 0.1062638 -0.002858579 0.04914265 0.1062638 0.002858579 0.04914265 0.1062698 -0.0599336 -0.001046121 0.1062698 -0.0599336 0.001046121 0.1062698 -0.05932241 -0.008601307 0.1062698 -0.05932241 0.008601307 0.1062698 -0.05776262 -0.01601898 0.1062698 -0.05776262 0.01601898 0.1062698 -0.05527925 -0.02318048 0.1062698 -0.05527925 0.02318048 0.1062698 -0.05191189 -0.02997136 0.1062698 -0.05191189 0.02997136 0.1062698 -0.04771459 -0.03628301 0.1062698 -0.04771459 0.03628301 0.1062698 -0.04275411 -0.04201442 0.1062698 -0.04275411 0.04201442 0.1062698 -0.0371102 -0.04707407 0.1062698 -0.0371102 0.04707407 0.1062698 -0.03087276 -0.05138093 0.1062698 -0.03087276 0.05138093 0.1062698 -0.02906078 -0.05242711 0.1062698 -0.02906078 0.05242711 0.1062698 -0.0222122 -0.05567532 0.1062698 -0.0222122 0.05567532 0.1062698 -0.0150085 -0.0580334 0.1062698 -0.0150085 0.0580334 0.1062698 -0.007564663 -0.0594635 0.1062698 -0.007564663 0.0594635 0.1062698 0 -0.05994272 0.1062698 0 0.05994272 0.1062698 0 0.05994272 0.1062698 0.007564663 -0.0594635 0.1062698 0.007564663 0.0594635 0.1062698 0.01500844 -0.0580334 0.1062698 0.01500844 0.0580334 0.1062698 0.0222122 -0.05567532 0.1062698 0.0222122 0.05567532 0.1062698 0.02906078 -0.05242711 0.1062698 0.02906078 0.05242711 0.1062698 0.03087276 -0.05138093 0.1062698 0.03087276 0.05138093 0.1062698 0.0371102 -0.04707407 0.1062698 0.0371102 0.04707407 0.1062698 0.04275411 -0.04201442 0.1062698 0.04275411 0.04201442 0.1062698 0.04771453 -0.03628301 0.1062698 0.04771453 0.03628301 0.1062698 0.05191189 -0.02997136 0.1062698 0.05191189 0.02997136 0.1062698 0.05527925 -0.02318048 0.1062698 0.05527925 0.02318048 0.1062698 0.05776262 -0.01601898 0.1062698 0.05776262 0.01601898 0.1062698 0.05932241 -0.008601307 0.1062698 0.05932241 0.008601307 0.1062698 0.0599336 -0.001046121 0.1062698 0.0599336 0.001046121 0.1062738 -0.004800081 0.04896056 0.1062738 0.004800736 0.04896092 0.1064648 0.005197823 0.04902344 0.1064928 -0.005253136 0.04902553 0.1064928 0.005252659 0.04902064 0.1064968 -0.005262613 0.04902696 0.1077178 -0.007719337 0.04889374 0.1077178 -0.002874493 0.04941582 0.1077178 0 0.04941582 0.1077178 0.002874493 0.04941582 0.1077178 0.007719337 0.04889374 0.1122487 -0.059583 -0.001039981 0.1122487 -0.059583 0.001039981 0.1122487 -0.05897539 -0.008551001 0.1122487 -0.05897539 0.008551001 0.1122487 -0.05742472 -0.01592528 0.1122487 -0.05742472 0.01592528 0.1122487 -0.05599075 -9.77322e-4 0.1122487 -0.05599075 9.77322e-4 0.1122487 -0.05504578 -0.01028984 0.1122487 -0.05504578 0.01028984 0.1122487 -0.05495589 -0.02304488 0.1122487 -0.05495589 0.02304488 0.1122487 -0.05471706 -0.005564153 0.1122487 -0.05471706 0.005564153 0.1122487 -0.052477 -0.01646476 0.1122487 -0.052477 0.01646476 0.1122487 -0.05221772 -0.02022922 0.1122487 -0.05221772 0.02022922 0.1122487 -0.05160832 -0.02979606 0.1122487 -0.05160832 0.02979606 0.1122487 -0.04935675 -0.003754794 0.1122487 -0.04903137 0.006790757 0.1122487 -0.04808843 -0.02669125 0.1122487 -0.04808843 0.02669125 0.1122487 -0.04761159 -0.0294798 0.1122487 -0.04761159 0.0294798 0.1122487 -0.04743975 -0.01412981 0.1122487 -0.04743546 -0.0360707 0.1122487 -0.04743546 0.0360707 0.1122487 -0.04647839 0.01702785 0.1122487 -0.0433675 -0.02386289 0.1122487 -0.04250413 -0.04176861 0.1122487 -0.04250413 0.04176861 0.1122487 -0.04181373 0.02649134 0.1122487 -0.04173111 -0.03582501 0.1122487 -0.04173111 0.03582501 0.1122487 -0.04138392 -0.03772646 0.1122487 -0.04138392 0.03772646 0.1122487 -0.03732508 -0.03251183 0.1122487 -0.03689312 -0.04679864 0.1122487 -0.03689312 0.04679864 0.1122487 -0.03524953 0.03475135 0.1122487 -0.03524953 0.03524953 0.1122487 -0.03475135 0.03524953 0.1122487 -0.03374701 -0.0446884 0.1122487 -0.03374701 0.0446884 0.1122487 -0.03366535 -0.04349213 0.1122487 -0.03366535 0.04349213 0.1122487 -0.03069216 -0.0510804 0.1122487 -0.03069216 0.0510804 0.1122487 -0.02958691 -0.03968375 0.1122487 -0.02889078 -0.05212038 0.1122487 -0.02889078 0.05212038 0.1122487 -0.02884173 -0.04800075 0.1122487 -0.02884173 0.04800075 0.1122487 -0.02728033 0.04130333 0.1122487 -0.0271489 -0.04897803 0.1122487 -0.0271489 0.04897803 0.1122487 -0.02496093 -0.0501284 0.1122487 -0.02496093 0.0501284 0.1122487 -0.02422136 -0.04937851 0.1122487 -0.02422136 0.04937851 0.1122487 -0.02208226 -0.05534976 0.1122487 -0.02208226 0.05534976 0.1122487 -0.02050453 -0.04505276 0.1122487 -0.01877975 0.04579859 0.1122487 -0.01532489 -0.05386149 0.1122487 -0.01532489 0.05386149 0.1122487 -0.01492071 -0.05769395 0.1122487 -0.01492071 0.05769395 0.1122487 -0.01378571 -0.05324351 0.1122487 -0.01378571 0.05324351 0.1122487 -0.01049053 -0.04837495 0.1122487 -0.009570419 0.04856532 0.1122487 -0.007520437 -0.0591157 0.1122487 -0.007520437 0.0591157 0.1122487 -0.005166947 -0.05576038 0.1122487 -0.005166947 0.05576038 0.1122487 -0.002785623 -0.05492866 0.1122487 -0.002785623 0.05492866 0.1122487 0 -0.05959212 0.1122487 0 -0.05959212 0.1122487 0 0.05959212 0.1122487 0 0.04949933 0.1122487 0 0.04949933 0.1122487 0 -0.04949933 0.1122487 0 -0.04949933 0.1122487 0.005166947 -0.05576038 0.1122487 0.005166947 0.05576038 0.1122487 0.007520437 -0.0591157 0.1122487 0.007520437 0.0591157 0.1122487 0.008328378 -0.05436509 0.1122487 0.008328378 0.05436509 0.1122487 0.009570419 0.04856532 0.1122487 0.01049053 -0.04837495 0.1122487 0.01492065 -0.05769395 0.1122487 0.01492065 0.05769395 0.1122487 0.01532489 -0.05386149 0.1122487 0.01532489 0.05386149 0.1122487 0.01877975 0.04579859 0.1122487 0.0191015 -0.05157572 0.1122487 0.0191015 0.05157572 0.1122487 0.02050453 -0.04505276 0.1122487 0.02208226 -0.05534976 0.1122487 0.02208226 0.05534976 0.1122487 0.02496093 -0.0501284 0.1122487 0.02496093 0.0501284 0.1122487 0.0271489 -0.04897803 0.1122487 0.0271489 0.04897803 0.1122487 0.02728033 0.04130333 0.1122487 0.02884167 -0.04800075 0.1122487 0.02884167 0.04800075 0.1122487 0.02889078 -0.05212038 0.1122487 0.02889078 0.05212038 0.1122487 0.0290926 -0.04667478 0.1122487 0.0290926 0.04667478 0.1122487 0.02958691 -0.03968375 0.1122487 0.03069216 -0.0510804 0.1122487 0.03069216 0.0510804 0.1122487 0.03374701 -0.0446884 0.1122487 0.03374701 0.0446884 0.1122487 0.03475129 0.03524953 0.1122487 0.03524953 0.03475135 0.1122487 0.03524953 0.03524953 0.1122487 0.03689306 -0.04679864 0.1122487 0.03689306 0.04679864 0.1122487 0.03732508 -0.03251183 0.1122487 0.03789269 -0.03986304 0.1122487 0.03789269 0.03986304 0.1122487 0.04138392 -0.03772646 0.1122487 0.04138392 0.03772646 0.1122487 0.04181373 0.02649134 0.1122487 0.04250413 -0.04176861 0.1122487 0.04250413 0.04176861 0.1122487 0.0433675 -0.02386289 0.1122487 0.04514139 -0.03141939 0.1122487 0.04514139 0.03141939 0.1122487 0.04647839 0.01702785 0.1122487 0.04743546 -0.0360707 0.1122487 0.04743546 0.0360707 0.1122487 0.04743975 -0.01412981 0.1122487 0.04761153 -0.0294798 0.1122487 0.04761153 0.0294798 0.1122487 0.04903131 0.006790757 0.1122487 0.04935675 -0.003754794 0.1122487 0.05054199 -0.02168929 0.1122487 0.05054199 0.02168929 0.1122487 0.05160832 -0.02979606 0.1122487 0.05160832 0.02979606 0.1122487 0.05221772 -0.02022922 0.1122487 0.05221772 0.02022922 0.1122487 0.05387336 -0.0110712 0.1122487 0.05387336 0.0110712 0.1122487 0.05495584 -0.02304488 0.1122487 0.05495584 0.02304488 0.1122487 0.05499929 0 0.1122487 0.05504578 -0.01028984 0.1122487 0.05504578 0.01028984 0.1122487 0.05599075 -9.77322e-4 0.1122487 0.05599075 9.77322e-4 0.1122487 0.05742472 -0.01592528 0.1122487 0.05742472 0.01592528 0.1122487 0.05897539 -0.008551001 0.1122487 0.05897539 0.008551001 0.1122487 0.059583 -0.001039981 0.1122487 0.059583 0.001039981 0.1161677 -0.06013828 0 0.1161677 -0.05969983 -0.007248818 0.1161677 -0.05969983 0.007248818 0.1161677 -0.05839079 -0.01439201 0.1161677 -0.05839079 0.01439201 0.1161677 -0.05623024 -0.02132529 0.1161677 -0.05623024 0.02132529 0.1161677 -0.05324977 -0.0279476 0.1161677 -0.05324977 0.0279476 0.1161677 -0.04949283 -0.03416246 0.1161677 -0.04949283 0.03416246 0.1161677 -0.0450142 -0.03987908 0.1161677 -0.0450142 0.03987908 0.1161677 -0.03987908 -0.0450142 0.1161677 -0.03987908 0.0450142 0.1161677 -0.03416246 -0.04949283 0.1161677 -0.03416246 0.04949283 0.1161677 -0.0279476 -0.05324977 0.1161677 -0.0279476 0.05324977 0.1161677 -0.02132529 -0.05623024 0.1161677 -0.02132529 0.05623024 0.1161677 -0.01439201 -0.05839079 0.1161677 -0.01439201 0.05839079 0.1161677 -0.007248878 -0.05969983 0.1161677 -0.007248878 0.05969983 0.1161677 0 0.06013828 0.1161677 0 0.06013828 0.1161677 0 -0.06013828 0.1161677 0 -0.06013828 0.1161677 0.007248818 -0.05969983 0.1161677 0.007248818 0.05969983 0.1161677 0.01439195 -0.05839079 0.1161677 0.01439195 0.05839079 0.1161677 0.02132529 -0.05623024 0.1161677 0.02132529 0.05623024 0.1161677 0.0279476 -0.05324977 0.1161677 0.0279476 0.05324977 0.1161677 0.0341624 -0.04949283 0.1161677 0.0341624 0.04949283 0.1161677 0.03987908 -0.0450142 0.1161677 0.03987908 0.0450142 0.1161677 0.0450142 -0.03987908 0.1161677 0.0450142 0.03987908 0.1161677 0.04949283 -0.03416246 0.1161677 0.04949283 0.03416246 0.1161677 0.05324977 -0.0279476 0.1161677 0.05324977 0.0279476 0.1161677 0.05623024 -0.02132529 0.1161677 0.05623024 0.02132529 0.1161677 0.05839079 -0.01439201 0.1161677 0.05839079 0.01439201 0.1161677 0.05969977 -0.007248818 0.1161677 0.05969977 0.007248818 0.1161677 0.06013828 0 0.1215986 -0.05471706 -0.005564153 0.1215986 -0.05471706 0.005564153 0.1215986 -0.05395549 0.002174317 0.1215986 -0.05360561 -0.006508886 0.1215986 -0.052908 0.01080125 0.1215986 -0.052477 -0.01646476 0.1215986 -0.052477 0.01646476 0.1215986 -0.0518673 -0.01502346 0.1215986 -0.0504902 0.0191484 0.1215986 -0.04878562 -0.02314907 0.1215986 -0.04808843 -0.02669125 0.1215986 -0.04808843 0.02669125 0.1215986 -0.04676479 0.02699965 0.1215986 -0.0444405 -0.03067505 0.1215986 -0.04182815 0.03415161 0.1215986 -0.04173111 -0.03582501 0.1215986 -0.04173111 0.03582501 0.1215986 -0.03894436 -0.03740662 0.1215986 -0.03624951 -0.02724963 0.1215986 -0.03624951 0.03624951 0.1215986 -0.03580808 0.04041904 0.1215986 -0.03556442 -0.03069376 0.1215986 -0.03524953 -0.02724963 0.1215986 -0.03524953 0.03524953 0.1215986 -0.03417772 -0.03124958 0.1215986 -0.03366535 -0.04349213 0.1215986 -0.03366535 0.04349213 0.1215986 -0.03361356 -0.03361356 0.1215986 -0.03243964 -0.04316931 0.1215986 -0.03124958 -0.03417772 0.1215986 -0.03069376 -0.03556442 0.1215986 -0.0288608 0.04563969 0.1215986 -0.02724963 -0.03624951 0.1215986 -0.02724963 -0.03524953 0.1215986 -0.02509474 -0.04781395 0.1215986 -0.02422136 -0.04937851 0.1215986 -0.02422136 0.04937851 0.1215986 -0.0211659 0.0496782 0.1215986 -0.01709985 -0.05122029 0.1215986 -0.01378571 -0.05324351 0.1215986 -0.01378571 0.05324351 0.1215986 -0.01292282 0.05243021 0.1215986 -0.008662045 -0.05329996 0.1215986 -0.004345118 0.05382418 0.1215986 -0.002785623 -0.05492866 0.1215986 -0.002785623 0.05492866 0.1215986 0 -0.0539993 0.1215986 0.004345118 0.05382418 0.1215986 0.008328378 -0.05436509 0.1215986 0.008328378 0.05436509 0.1215986 0.008662045 -0.05329996 0.1215986 0.01292282 0.05243021 0.1215986 0.01709985 -0.05122029 0.1215986 0.0191015 -0.05157572 0.1215986 0.0191015 0.05157572 0.1215986 0.0211659 0.0496782 0.1215986 0.02509474 -0.04781395 0.1215986 0.02724963 -0.03624951 0.1215986 0.02724963 -0.03524953 0.1215986 0.0288608 0.04563969 0.1215986 0.0290926 -0.04667478 0.1215986 0.0290926 0.04667478 0.1215986 0.03069376 -0.03556442 0.1215986 0.03124958 -0.03417772 0.1215986 0.03243964 -0.04316931 0.1215986 0.03361356 -0.03361356 0.1215986 0.03417772 -0.03124958 0.1215986 0.03524953 -0.02724963 0.1215986 0.03524953 0.03524953 0.1215986 0.03556442 -0.03069376 0.1215986 0.03580808 0.04041904 0.1215986 0.03624951 -0.02724963 0.1215986 0.03624951 0.03624951 0.1215986 0.03789269 -0.03986304 0.1215986 0.03789269 0.03986304 0.1215986 0.03894436 -0.03740662 0.1215986 0.04182815 0.03415161 0.1215986 0.0444405 -0.03067505 0.1215986 0.04514139 -0.03141939 0.1215986 0.04514139 0.03141939 0.1215986 0.04676479 0.02699965 0.1215986 0.04878562 -0.02314907 0.1215986 0.0504902 0.0191484 0.1215986 0.05054199 -0.02168929 0.1215986 0.05054199 0.02168929 0.1215986 0.0518673 -0.01502346 0.1215986 0.052908 0.01080125 0.1215986 0.05360555 -0.006508886 0.1215986 0.05387336 -0.0110712 0.1215986 0.05387336 0.0110712 0.1215986 0.05395549 0.002174317 0.1215986 0.05499929 0 0.1219986 -0.05599927 0 0.1219986 -0.05504578 -0.01028984 0.1219986 -0.05504578 0.01028984 0.1219986 -0.05221772 -0.02022922 0.1219986 -0.05221772 0.02022922 0.1219986 -0.04761159 -0.0294798 0.1219986 -0.04761159 0.0294798 0.1219986 -0.04138392 -0.03772646 0.1219986 -0.04138392 0.03772646 0.1219986 -0.03524953 -0.02724963 0.1219986 -0.03524953 0.03524953 0.1219986 -0.03464055 -0.0303111 0.1219986 -0.03374701 -0.0446884 0.1219986 -0.03374701 0.0446884 0.1219986 -0.03290647 -0.03290647 0.1219986 -0.0303111 -0.03464055 0.1219986 -0.02724963 -0.03524953 0.1219986 -0.02496093 -0.0501284 0.1219986 -0.02496093 0.0501284 0.1219986 -0.01532489 -0.05386149 0.1219986 -0.01532489 0.05386149 0.1219986 -0.005166947 -0.05576038 0.1219986 -0.005166947 0.05576038 0.1219986 0.005166947 -0.05576038 0.1219986 0.005166947 0.05576038 0.1219986 0.01532489 -0.05386149 0.1219986 0.01532489 0.05386149 0.1219986 0.02496093 -0.0501284 0.1219986 0.02496093 0.0501284 0.1219986 0.02724963 -0.03524953 0.1219986 0.0303111 -0.03464055 0.1219986 0.03290647 -0.03290647 0.1219986 0.03374701 -0.0446884 0.1219986 0.03374701 0.0446884 0.1219986 0.03464055 -0.0303111 0.1219986 0.03524953 -0.02724963 0.1219986 0.03524953 0.03524953 0.1219986 0.04138392 -0.03772646 0.1219986 0.04138392 0.03772646 0.1219986 0.04761153 -0.0294798 0.1219986 0.04761153 0.0294798 0.1219986 0.05221772 -0.02022922 0.1219986 0.05221772 0.02022922 0.1219986 0.05504578 -0.01028984 0.1219986 0.05504578 0.01028984 0.1219986 0.05599927 0 0.1219986 0.05599927 0 0.1220986 -0.05395549 0.002174317 0.1220986 -0.05360561 -0.006508886 0.1220986 -0.052908 0.01080125 0.1220986 -0.0518673 -0.01502346 0.1220986 -0.0504902 0.0191484 0.1220986 -0.04878562 -0.02314907 0.1220986 -0.04676479 0.02699965 0.1220986 -0.0444405 -0.03067505 0.1220986 -0.04182815 0.03415161 0.1220986 -0.03894436 -0.03740662 0.1220986 -0.03624951 -0.02724963 0.1220986 -0.03624951 0.03624951 0.1220986 -0.03580808 0.04041904 0.1220986 -0.03556442 -0.03069376 0.1220986 -0.03361356 -0.03361356 0.1220986 -0.03243964 -0.04316931 0.1220986 -0.03069376 -0.03556442 0.1220986 -0.0288608 0.04563969 0.1220986 -0.02724963 -0.03624951 0.1220986 -0.02509474 -0.04781395 0.1220986 -0.0211659 0.0496782 0.1220986 -0.01709985 -0.05122029 0.1220986 -0.01292282 0.05243021 0.1220986 -0.008662045 -0.05329996 0.1220986 -0.004345118 0.05382418 0.1220986 0 -0.0539993 0.1220986 0.004345118 0.05382418 0.1220986 0.008662045 -0.05329996 0.1220986 0.01292282 0.05243021 0.1220986 0.01709985 -0.05122029 0.1220986 0.0211659 0.0496782 0.1220986 0.02509474 -0.04781395 0.1220986 0.02724963 -0.03624951 0.1220986 0.0288608 0.04563969 0.1220986 0.03069376 -0.03556442 0.1220986 0.03243964 -0.04316931 0.1220986 0.03361356 -0.03361356 0.1220986 0.03556442 -0.03069376 0.1220986 0.03580808 0.04041904 0.1220986 0.03624951 -0.02724963 0.1220986 0.03624951 0.03624951 0.1220986 0.03894436 -0.03740662 0.1220986 0.04182815 0.03415161 0.1220986 0.0444405 -0.03067505 0.1220986 0.04676479 0.02699965 0.1220986 0.04878562 -0.02314907 0.1220986 0.0504902 0.0191484 0.1220986 0.0518673 -0.01502346 0.1220986 0.052908 0.01080125 0.1220986 0.05360555 -0.006508886 0.1220986 0.05395549 0.002174317 0.1224646 0.03371882 -0.03062695 0.1224646 -0.03363066 -0.03077089 0.1224646 -0.03023886 -0.0286507 0.1224646 0.03362631 -0.0307601 0.1224656 0.03010135 -0.02885878 0.1224656 -0.03031069 -0.02849107 0.1224656 -0.03005731 -0.02892112 0.1224656 0.03021609 -0.02863448 0.1224656 0.03029429 -0.02848148 0.1224666 -0.03428971 -0.02943158 0.1224666 0.02990871 -0.0291171 0.1224666 0.03303074 -0.03161764 0.1224666 0.03428101 -0.02942812 0.1224666 -0.03439503 -0.02921772 0.1224666 -0.0344358 -0.02913469 0.1224666 -0.03292262 -0.03175026 0.1224676 -0.03282034 -0.03185063 0.1224676 0.03071898 -0.02765101 0.1224676 0.03449314 -0.0289759 0.1224676 -0.02976536 -0.02922809 0.1224686 -0.03063338 -0.02777391 0.1224696 -0.03079539 -0.02741384 0.1224706 -0.03233134 -0.03233075 0.1224706 0.03233075 -0.03233134 0.1224706 0.03081595 -0.0273419 0.1224726 0.03185254 -0.03281897 0.1224736 0.02922928 -0.02976471 0.1224736 0.03175365 -0.03291982 0.1224736 -0.03477984 -0.02797621 0.1224736 -0.03087741 -0.02709829 0.1224736 -0.03162115 -0.03302794 0.1224736 -0.02912241 -0.02990448 0.1224746 0.03479963 -0.02786839 0.1224746 0.03481489 -0.02781319 0.1224766 0.02892637 -0.03005337 0.1224766 -0.02886211 -0.03009909 0.1224766 0.03085815 -0.02703404 0.1224796 0.02865737 -0.03023469 0.1224796 0.03077536 -0.03362792 0.1224796 -0.03075599 -0.03362935 0.1224796 -0.0286318 -0.03021711 0.1224806 -0.03062927 -0.03371745 0.1224806 0.02849072 -0.03030997 0.1224806 -0.02848142 -0.03029417 0.1224866 -0.02942812 -0.03428113 0.1224866 0.0294317 -0.03429001 0.1224876 0.0277751 -0.03063327 0.1224886 0.02921968 -0.03439456 0.1224886 0.02913928 -0.03443413 0.1224896 -0.02897822 -0.03449231 0.1224896 -0.02765423 -0.0307179 0.1224916 0.02742069 -0.03079336 0.1224926 -0.0273438 -0.03081548 0.1224936 -0.027031 -0.03085839 0.1224946 0.02710592 -0.03087568 0.1224946 0.02798122 -0.03477865 0.1224946 -0.02786344 -0.034801 0.1224946 -0.02781403 -0.03481471 0.1224986 -0.02599966 -0.03499954 0.1224986 -0.02599966 -0.0309996 0.1224986 0.02599966 -0.03499954 0.1224986 0.02599966 -0.0309996 0.1224986 -0.03499954 -0.02599966 0.1224986 -0.0309996 -0.02599966 0.1224986 0.0309996 -0.02599966 0.1224986 0.03499954 -0.02599966 0.1225656 -0.02574962 -0.03499954 0.1225656 -0.02574962 -0.0309996 0.1225656 0.02574962 -0.03499954 0.1225656 0.02574962 -0.0309996 0.1225686 -0.03499954 -0.02575355 0.1225686 -0.0309996 -0.02575355 0.1225686 0.0309996 -0.02575355 0.1225686 0.03499954 -0.02575355 0.1227486 -0.02556663 -0.03499954 0.1227486 -0.02556663 -0.0309996 0.1227486 0.02556663 -0.03499954 0.1227486 0.02556663 -0.0309996 0.1227516 -0.03499954 -0.02557426 0.1227516 -0.0309996 -0.02557426 0.1227516 0.0309996 -0.02557426 0.1227516 0.03499954 -0.02557426 0.1229986 -0.03499954 -0.02550876 0.1229986 -0.0309996 -0.02550876 0.1229986 -0.02549964 -0.03499954 0.1229986 -0.02549964 -0.0309996 0.1229986 -0.003823399 1.08096e-4 0.1229986 -0.003791213 -5.06624e-4 0.1229986 -0.003756523 7.20016e-4 0.1229986 -0.003660857 -0.001108169 0.1229986 -0.003592371 0.001313269 0.1229986 -0.003435671 -0.001681089 0.1229986 -0.003335237 0.001872539 0.1229986 -0.003121495 -0.002210438 0.1229986 -0.002991616 0.002383291 0.1229986 -0.002726495 -0.002682566 0.1229986 -0.002570569 0.002832293 0.1229986 -0.002260863 -0.003085196 0.1229986 -0.002248704 5.25694e-4 0.1229986 -0.002082943 0.003207981 0.1229986 -0.0017367 -0.003407895 0.1229986 -0.001579642 -0.001684606 0.1229986 -0.001541376 0.00350058 0.1229986 -0.001167535 -0.00364238 0.1229986 -9.59919e-4 0.003702521 0.1229986 -8.70698e-4 -0.003724515 0.1229986 -6.6911e-4 0.002210259 0.1229986 -5.68173e-4 -0.00378251 0.1229986 -3.53559e-4 0.003808557 0.1229986 4.5942e-5 -0.003824651 0.1229986 2.61958e-4 0.003815948 0.1229986 6.58868e-4 -0.003767728 0.1229986 6.69103e-4 -0.002210259 0.1229986 8.7069e-4 0.003724515 0.1229986 0.001254677 -0.003613293 0.1229986 0.001456856 0.003536581 0.1229986 0.001579582 0.001684606 0.1229986 0.00181806 -0.003365218 0.1229986 0.002005279 0.003257095 0.1229986 0.002248704 -5.25694e-4 0.1229986 0.002334356 -0.003030002 0.1229986 0.002501785 0.002893269 0.1229986 0.002790153 -0.002616286 0.1229986 0.002933502 0.002454459 0.1229986 0.003173708 -0.002134799 0.1229986 0.003289282 0.001952111 0.1229986 0.003475069 -0.00159806 0.1229986 0.003559827 0.001399159 0.1229986 0.003686428 -0.001019954 0.1229986 0.003738164 8.1005e-4 0.1229986 0.003802299 -4.15403e-4 0.1229986 0.003819704 1.99912e-4 0.1229986 0.02549964 -0.03499954 0.1229986 0.02549964 -0.0309996 0.1229986 0.0309996 -0.02550876 0.1229986 0.03499954 -0.02550876 0.1230246 -0.003970444 1.12253e-4 0.1230246 -0.003937005 -5.26108e-4 0.1230246 -0.003901004 7.47705e-4 0.1230246 -0.003801643 -0.001150786 0.1230246 -0.003730535 0.001363754 0.1230246 -0.003567814 -0.00174576 0.1230246 -0.003463506 0.001944541 0.1230246 -0.003241539 -0.002295434 0.1230246 -0.003106713 0.002474963 0.1230246 -0.002831339 -0.002785742 0.1230246 -0.002669453 0.00294125 0.1230246 -0.002347826 -0.003203809 0.1230246 -0.002163052 0.003331363 0.1230246 -0.001803517 -0.003538966 0.1230246 -0.001600682 0.003635227 0.1230246 -0.001212477 -0.003782451 0.1230246 -9.96835e-4 0.003844916 0.1230246 -5.90024e-4 -0.003927946 0.1230246 -3.67156e-4 0.003955006 0.1230246 4.7709e-5 -0.003971755 0.1230246 2.72032e-4 0.003962695 0.1230246 6.84206e-4 -0.003912627 0.1230246 9.04175e-4 0.003867745 0.1230246 0.001302957 -0.003752231 0.1230246 0.001512885 0.003672599 0.1230246 0.001887977 -0.00349462 0.1230246 0.002082407 0.003382384 0.1230246 0.00242412 -0.003146529 0.1230246 0.002598047 0.003004491 0.1230246 0.002897441 -0.002716898 0.1230246 0.003046333 0.002548873 0.1230246 0.003295779 -0.002216935 0.1230246 0.003415763 0.002027153 0.1230246 0.003608703 -0.001659512 0.1230246 0.00369668 0.001452982 0.1230246 0.003828167 -0.001059174 0.1230246 0.003881931 8.41203e-4 0.1230246 0.003948509 -4.31378e-4 0.1230246 0.003966569 2.076e-4 0.1231226 -0.004123806 1.16588e-4 0.1231226 -0.004089117 -5.46429e-4 0.1231226 -0.004051685 7.76586e-4 0.1231226 -0.003948509 -0.001195251 0.1231226 -0.003874659 0.001416444 0.1231226 -0.00370562 -0.001813173 0.1231226 -0.003597259 0.002019643 0.1231226 -0.003366768 -0.002384126 0.1231226 -0.003226697 0.002570509 0.1231226 -0.002940714 -0.002893328 0.1231226 -0.002772569 0.003054857 0.1231226 -0.002438545 -0.003327548 0.1231226 -0.002246618 0.003460049 0.1231226 -0.001873135 -0.003675639 0.1231226 -0.001662492 0.003775596 0.1231226 -0.001259267 -0.003928542 0.1231226 -0.001035332 0.003993391 0.1231226 -6.12814e-4 -0.004079639 0.1231226 -3.81337e-4 0.004107773 0.1231226 4.9552e-5 -0.004125118 0.1231226 2.8254e-4 0.00411576 0.1231226 7.10634e-4 -0.004063785 0.1231226 9.39098e-4 0.004017114 0.1231226 0.001353263 -0.00389713 0.1231226 0.001571297 0.003814458 0.1231226 0.001960933 -0.003629565 0.1231226 0.002162873 0.003512978 0.1231226 0.002517759 -0.003268063 0.1231226 0.002698361 0.003120541 0.1231226 0.003009378 -0.002821862 0.1231226 0.003163993 0.00264728 0.1231226 0.003423035 -0.002302527 0.1231226 0.003547668 0.002105474 0.1231226 0.003748118 -0.001723647 0.1231226 0.003839492 0.00150913 0.1231226 0.003976047 -0.001100063 0.1231226 0.004031836 8.73694e-4 0.1231226 0.004101037 -4.4804e-4 0.1231226 0.004119813 2.15619e-4 0.1232766 -0.004221975 1.19363e-4 0.1232766 -0.004186451 -5.59437e-4 0.1232766 -0.004148125 7.95073e-4 0.1232766 -0.004042506 -0.001223742 0.1232766 -0.003966867 0.001450181 0.1232766 -0.003793835 -0.001856327 0.1232766 -0.003682911 0.002067685 0.1232766 -0.003446936 -0.002440869 0.1232766 -0.003303527 0.002631723 0.1232766 -0.003010749 -0.002962172 0.1232766 -0.002838551 0.003127574 0.1232766 -0.0024966 -0.003406822 0.1232766 -0.002300083 0.003542423 0.1232766 -0.001917779 -0.003763139 0.1232766 -0.00170207 0.00386548 0.1232766 -0.001289248 -0.004022061 0.1232766 -0.001059949 0.004088461 0.1232766 -6.27402e-4 -0.004176795 0.1232766 -3.90415e-4 0.004205584 0.1232766 5.07316e-5 -0.004223346 0.1232766 2.89265e-4 0.00421375 0.1232766 7.27551e-4 -0.004160523 0.1232766 9.61454e-4 0.00411278 0.1232766 0.001385509 -0.003989934 0.1232766 0.001608729 0.003905296 0.1232766 0.002007603 -0.003715991 0.1232766 0.002214312 0.003596663 0.1232766 0.002577662 -0.003345847 0.1232766 0.002762615 0.003194868 0.1232766 0.003081023 -0.002889037 0.1232766 0.003239333 0.002710342 0.1232766 0.003504574 -0.002357363 0.1232766 0.003632128 0.002155601 0.1232766 0.003837347 -0.001764655 0.1232766 0.003930926 0.001545011 0.1232766 0.004070699 -0.001126229 0.1232766 0.00412786 8.94493e-4 0.1232766 0.00419867 -4.58706e-4 0.1232766 0.004217863 2.20752e-4 0.1234236 -0.004248201 1.20106e-4 0.1234236 -0.004235863 2.33289e-4 0.1234236 -0.004212498 -5.62916e-4 0.1234236 -0.004173934 8.00018e-4 0.1234236 -0.004172265 -7.48465e-4 0.1234236 -0.004067599 -0.001231312 0.1234236 -0.004062473 0.001202881 0.1234236 -0.003991544 0.001459181 0.1234236 -0.003886878 -0.001691162 0.1234236 -0.003817439 -0.00186789 0.1234236 -0.003705799 0.002080559 0.1234236 -0.003684639 0.00211203 0.1234236 -0.003468334 -0.002456068 0.1234236 -0.003395318 -0.002543389 0.1234236 -0.003324031 0.002648115 0.1234236 -0.003090143 0.00289756 0.1234236 -0.003029465 -0.002980589 0.1234236 -0.002856194 0.003147006 0.1234236 -0.002713263 -0.003254055 0.1234236 -0.002512097 -0.003427982 0.1234236 -0.002344429 0.00354129 0.1234236 -0.002314388 0.003564417 0.1234236 -0.0019297 -0.003786563 0.1234236 -0.001894593 -0.003800988 0.1234236 -0.001712679 0.00388956 0.1234236 -0.001461446 0.003976762 0.1234236 -0.001297295 -0.004047095 0.1234236 -0.001066565 0.004113912 0.1234236 -9.67441e-4 -0.00413835 0.1234236 -6.31304e-4 -0.004202783 0.1234236 -5.04997e-4 0.004212081 0.1234236 -3.92843e-4 0.00423175 0.1234236 1.32076e-5 -0.004247009 0.1234236 5.10472e-5 -0.004249632 0.1234236 2.91064e-4 0.004239916 0.1234236 4.78814e-4 0.004211723 0.1234236 7.32076e-4 -0.004186391 0.1234236 9.67434e-4 0.00413835 0.1234236 9.89471e-4 -0.004119634 0.1234236 0.001394093 -0.00401473 0.1234236 0.001437902 0.003987491 0.1234236 0.001618742 0.003929555 0.1234236 0.001915872 -0.003785014 0.1234236 0.002020061 -0.003739118 0.1234236 0.002228081 0.003619015 0.1234236 0.002319931 0.003551721 0.1234236 0.002593696 -0.003366649 0.1234236 0.002734303 -0.003239035 0.1234236 0.002779781 0.003214716 0.1234236 0.003072977 0.002916693 0.1234236 0.003100156 -0.002906978 0.1234236 0.003259479 0.00272715 0.1234236 0.003408074 -0.002520501 0.1234236 0.003526329 -0.002372026 0.1234236 0.003654718 0.002169013 0.1234236 0.003671407 0.002134919 0.1234236 0.003861188 -0.001775622 0.1234236 0.003900289 -0.001668691 0.1234236 0.003955364 0.001554667 0.1234236 0.004054427 0.001227319 0.1234236 0.004096031 -0.001133263 0.1234236 0.00415349 9.00056e-4 0.1234236 0.004174709 -7.2271e-4 0.1234236 0.004224777 -4.61559e-4 0.1234236 0.004239082 2.5972e-4 0.1234236 0.004244089 2.22125e-4 0.1236796 -0.0594201 0 0.1236796 -0.05898684 -0.007162272 0.1236796 -0.05898684 0.007162272 0.1236796 -0.05769342 -0.01422011 0.1236796 -0.05769342 0.01422011 0.1236796 -0.05555874 -0.02107059 0.1236796 -0.05555874 0.02107059 0.1236796 -0.05261391 -0.02761393 0.1236796 -0.05261391 0.02761393 0.1236796 -0.04890173 -0.03375446 0.1236796 -0.04890173 0.03375446 0.1236796 -0.04447662 -0.03940278 0.1236796 -0.04447662 0.03940278 0.1236796 -0.03940278 -0.04447662 0.1236796 -0.03940278 0.04447662 0.1236796 -0.03375446 -0.04890173 0.1236796 -0.03375446 0.04890173 0.1236796 -0.02761393 -0.05261391 0.1236796 -0.02761393 0.05261391 0.1236796 -0.02107059 -0.05555874 0.1236796 -0.02107059 0.05555874 0.1236796 -0.01422011 -0.05769342 0.1236796 -0.01422011 0.05769342 0.1236796 -0.007162272 -0.05898684 0.1236796 -0.007162272 0.05898684 0.1236796 0 0.0594201 0.1236796 0 0.0594201 0.1236796 0 -0.0594201 0.1236796 0 -0.0594201 0.1236796 0.007162272 -0.05898684 0.1236796 0.007162272 0.05898684 0.1236796 0.01422005 -0.05769342 0.1236796 0.01422005 0.05769342 0.1236796 0.02107059 -0.05555874 0.1236796 0.02107059 0.05555874 0.1236796 0.02761393 -0.05261391 0.1236796 0.02761393 0.05261391 0.1236796 0.0337544 -0.04890173 0.1236796 0.0337544 0.04890173 0.1236796 0.03940278 -0.04447662 0.1236796 0.03940278 0.04447662 0.1236796 0.04447662 -0.03940278 0.1236796 0.04447662 0.03940278 0.1236796 0.04890173 -0.03375446 0.1236796 0.04890173 0.03375446 0.1236796 0.05261391 -0.02761393 0.1236796 0.05261391 0.02761393 0.1236796 0.05555874 -0.02107059 0.1236796 0.05555874 0.02107059 0.1236796 0.05769342 -0.01422011 0.1236796 0.05769342 0.01422011 0.1236796 0.05898678 -0.007162272 0.1236796 0.05898678 0.007162272 0.1236796 0.0594201 0 0.1240296 0.02549487 -0.03085839 0.1241046 -0.02549517 -0.03087568 0.1243426 0.02549332 -0.03081548 0.1244196 -0.02549266 -0.03079336 0.1246536 0.02549064 -0.0307179 0.1247736 -0.02548915 -0.03063327 0.1248126 0.02549582 -0.03481471 0.1248626 0.02549564 -0.034801 0.1249806 -0.02549523 -0.03477865 0.1254806 0.02548193 -0.03029417 0.1254896 -0.02548193 -0.03030997 0.1254986 -0.002248704 5.25694e-4 0.1254986 -0.001579642 -0.001684606 0.1254986 -6.6911e-4 0.002210259 0.1254986 6.69103e-4 -0.002210259 0.1254986 0.001579582 0.001684606 0.1254986 0.002248704 -5.25694e-4 0.1256306 0.02548032 -0.03021711 0.1256566 -0.02548027 -0.03023469 0.1258606 0.02547794 -0.03009909 0.1259256 -0.02547723 -0.03005337 0.1259776 0.02549064 -0.03449231 0.1261216 0.02547502 -0.02990448 0.1261386 -0.02548974 -0.03443413 0.1262186 -0.02548933 -0.03439456 0.1262286 -0.02547425 -0.02976471 0.1264276 0.02548801 -0.03428113 0.1264306 -0.02548807 -0.03429001 0.1267645 0.02546912 -0.02922809 0.1269075 -0.02546745 -0.0291171 0.1269986 -0.03499954 -0.02550876 0.1269986 -0.03499954 0.03499954 0.1269986 -0.0309996 -0.02550876 0.1269986 -0.0309996 0.03499954 0.1269986 0.0309996 -0.02550876 0.1269986 0.0309996 0.03499954 0.1269986 0.03499954 -0.02550876 0.1269986 0.03499954 0.03499954 0.1270565 0.02546632 -0.02892112 0.1271006 -0.02546614 -0.02885878 0.1272156 -0.02546656 -0.02863448 0.1272376 0.02546554 -0.0286507 0.1272936 -0.02546685 -0.02848148 0.1273096 0.02546626 -0.02849107 0.1276285 0.02548116 -0.03371745 0.1276326 0.02546912 -0.02777391 0.1277176 -0.02546846 -0.02765101 0.1277546 0.02548032 -0.03362935 0.1277745 -0.02548027 -0.03362792 0.1277946 0.02547067 -0.02741384 0.1278145 -0.02547144 -0.0273419 0.1278576 -0.02547794 -0.02703404 0.1278765 0.02547466 -0.02709829 0.1279985 -0.03499954 -0.02550876 0.1279985 -0.03499954 -0.009549856 0.1279985 -0.03499954 0.03499954 0.1279985 -0.02599966 -0.02550876 0.1279985 -0.02575224 -0.02557426 0.1279985 -0.02556973 -0.02575355 0.1279985 -0.02549976 -0.02599966 0.1279985 -0.02449965 0.01750797 0.1279985 -0.02449244 -0.01732987 0.1279985 -0.02446848 -0.01785147 0.1279985 -0.02443367 0.01699006 0.1279985 -0.02442938 0.01802533 0.1279985 -0.02438056 -0.01681983 0.1279985 -0.02431035 -0.01834905 0.1279985 -0.02423578 0.01650685 0.1279985 -0.02422755 0.01850682 0.1279985 -0.02414965 -0.01749974 0.1279985 -0.02414965 0.01749974 0.1279985 -0.02414059 -0.01635628 0.1279985 -0.02402889 -0.01878875 0.1279985 -0.02392858 -0.01832473 0.1279985 -0.02392858 -0.01667475 0.1279985 -0.02392858 0.01667475 0.1279985 -0.02392858 0.01832473 0.1279985 -0.0239197 0.01609134 0.1279985 -0.02390807 0.0189197 0.1279985 -0.02378869 -0.01597058 0.1279985 -0.02364319 -0.0191406 0.1279985 -0.02350676 0.01577186 0.1279985 -0.02349257 0.01923584 0.1279985 -0.02334898 -0.01568907 0.1279985 -0.02332466 -0.01892864 0.1279985 -0.02332466 -0.01607084 0.1279985 -0.02332466 0.01607084 0.1279985 -0.02332466 0.01892864 0.1279985 -0.02317959 -0.01938062 0.1279985 -0.02302527 0.01557004 0.1279985 -0.02300935 0.01943373 0.1279985 -0.0228514 -0.015531 0.1279985 -0.02266961 -0.0194925 0.1279985 -0.0225079 0.01549977 0.1279985 -0.02249968 -0.01914972 0.1279985 -0.02249968 -0.01749974 0.1279985 -0.02249968 -0.01584976 0.1279985 -0.02249968 0.01584976 0.1279985 -0.02249968 0.01749974 0.1279985 -0.02249968 0.01914972 0.1279985 -0.02249151 0.01949971 0.1279985 -0.0223298 -0.01550698 0.1279985 -0.02214801 -0.01946854 0.1279985 -0.02199 0.01556575 0.1279985 -0.02197408 0.01942944 0.1279985 -0.02181977 -0.01561886 0.1279985 -0.02167469 -0.01892864 0.1279985 -0.02167469 -0.01607084 0.1279985 -0.02167469 0.01607084 0.1279985 -0.02167469 0.01892864 0.1279985 -0.02165037 -0.01931041 0.1279985 -0.02150678 0.0157637 0.1279985 -0.0214926 0.01922762 0.1279985 -0.02135622 -0.01585894 0.1279985 -0.02121073 -0.0190289 0.1279985 -0.02109128 0.01607978 0.1279985 -0.02107971 0.01890814 0.1279985 -0.02107083 -0.01832473 0.1279985 -0.02107083 -0.01667475 0.1279985 -0.02107083 0.01667475 0.1279985 -0.02107083 0.01832473 0.1279985 -0.02097052 -0.01621079 0.1279985 -0.02085882 -0.01864326 0.1279985 -0.0208497 -0.01749974 0.1279985 -0.0208497 0.01749974 0.1279985 -0.0207718 0.01649266 0.1279985 -0.02076363 0.01849263 0.1279985 -0.02068901 -0.01665043 0.1279985 -0.02061879 -0.01817965 0.1279985 -0.02057003 0.01697415 0.1279985 -0.02056568 0.01800942 0.1279985 -0.02053093 -0.01714807 0.1279985 -0.02050691 -0.01766967 0.1279985 -0.0204997 0.01749157 0.1279985 -0.01204985 -0.02599966 0.1279985 -0.01204985 -0.009549856 0.1279985 -0.01204985 0.03499954 0.1279985 -0.004243493 2.3412e-4 0.1279985 -0.004183053 -7.50807e-4 0.1279985 -0.004075109 0.001206398 0.1279985 -0.00389719 -0.001695215 0.1279985 -0.003687024 0.00211364 0.1279985 -0.00340116 -0.002548277 0.1279985 -0.003249943 0 0.1279985 -0.003100156 0.002906978 0.1279985 -0.002814531 -0.001624941 0.1279985 -0.002814531 0.001624941 0.1279985 -0.002721786 -0.00326395 0.1279985 -0.00247395 -3.5962e-4 0.1279985 -0.002470016 3.85572e-4 0.1279985 -0.002346217 0.003543555 0.1279985 -0.002258062 -0.001072824 0.1279985 -0.002246618 0.001096487 0.1279985 -0.001895725 -0.00380367 0.1279985 -0.001841485 -0.001690745 0.1279985 -0.001823604 0.001709997 0.1279985 -0.001624941 -0.002814531 0.1279985 -0.001624941 0.002814531 0.1279985 -0.001465737 0.00398916 0.1279985 -0.001261293 -0.002158403 0.1279985 -0.001238584 0.002171516 0.1279985 -9.67441e-4 -0.00413835 0.1279985 -5.69084e-4 -0.002434313 0.1279985 -5.43498e-4 0.002440154 0.1279985 -5.06315e-4 0.004219651 0.1279985 0 0.003249943 0.1279985 0 -0.003249943 0.1279985 1.30096e-5 -0.00424987 0.1279985 1.73731e-4 -0.002493917 0.1279985 1.99903e-4 0.00249195 0.1279985 4.80457e-4 0.004222691 0.1279985 9.01109e-4 -0.002331912 0.1279985 9.25539e-4 0.002322316 0.1279985 9.92759e-4 -0.00413233 0.1279985 0.001441299 0.003998041 0.1279985 0.001548409 -0.001962661 0.1279985 0.001568913 0.00194633 0.1279985 0.001624941 -0.002814531 0.1279985 0.001624941 0.002814531 0.1279985 0.001918971 -0.003791987 0.1279985 0.002058148 -0.001419067 0.1279985 0.00207287 0.001397371 0.1279985 0.002324461 0.00355786 0.1279985 0.00238496 -7.49407e-4 0.1279985 0.002392709 7.24329e-4 0.1279985 0.002499878 -1.31224e-5 0.1279985 0.002741754 -0.003247261 0.1279985 0.002814531 -0.001624941 0.1279985 0.002814531 0.001624941 0.1279985 0.003082334 0.002925932 0.1279985 0.003249943 0 0.1279985 0.003416717 -0.002527415 0.1279985 0.00367397 0.00213623 0.1279985 0.003907442 -0.001671314 0.1279985 0.004067599 0.001231312 0.1279985 0.004187583 -7.25176e-4 0.1279985 0.004241943 2.60103e-4 0.1279985 0.02050262 0.01760774 0.1279985 0.02051109 -0.01771336 0.1279985 0.0205236 -0.01719135 0.1279985 0.02054268 0.01708728 0.1279985 0.02059859 0.01812094 0.1279985 0.02063423 -0.01822072 0.1279985 0.02067083 -0.01669043 0.1279985 0.02071619 0.01659476 0.1279985 0.02082419 0.01859182 0.1279985 0.0208497 -0.01749974 0.1279985 0.0208497 0.01749974 0.1279985 0.02088427 -0.01867896 0.1279985 0.02094262 -0.01624464 0.1279985 0.02101117 0.01616394 0.1279985 0.02107077 -0.01832473 0.1279985 0.02107077 -0.01667475 0.1279985 0.02107077 0.01667475 0.1279985 0.02107077 0.01832473 0.1279985 0.02116388 0.01898825 0.1279985 0.02124458 -0.01905685 0.1279985 0.02132052 -0.01588439 0.1279985 0.0214076 0.01582425 0.1279985 0.0215947 0.01928323 0.1279985 0.02167469 -0.01892864 0.1279985 0.02167469 -0.01607084 0.1279985 0.02167469 0.01607084 0.1279985 0.02167469 0.01892864 0.1279985 0.02169036 -0.01932865 0.1279985 0.0217787 -0.01563429 0.1279985 0.02187848 0.01559865 0.1279985 0.02208721 0.01945674 0.1279985 0.02219128 -0.01947581 0.1279985 0.02228605 -0.01551115 0.1279985 0.02239167 0.01550269 0.1279985 0.02249968 -0.01914972 0.1279985 0.02249968 -0.01749974 0.1279985 0.02249968 -0.01584976 0.1279985 0.02249968 0.01584976 0.1279985 0.02249968 0.01749974 0.1279985 0.02249968 0.01914972 0.1279985 0.02260768 0.01949679 0.1279985 0.0227133 -0.01948833 0.1279985 0.02280807 -0.01552367 0.1279985 0.0229122 0.0155428 0.1279985 0.02312088 0.01940083 0.1279985 0.02322065 -0.01936525 0.1279985 0.02330899 -0.01567089 0.1279985 0.02332466 -0.01892864 0.1279985 0.02332466 -0.01607084 0.1279985 0.02332466 0.01607084 0.1279985 0.02332466 0.01892864 0.1279985 0.02340465 0.01571625 0.1279985 0.02359175 0.01917523 0.1279985 0.02367883 -0.01911514 0.1279985 0.02375477 -0.01594269 0.1279985 0.02383548 0.01601129 0.1279985 0.02392858 -0.01832473 0.1279985 0.02392858 -0.01667475 0.1279985 0.02392858 0.01667475 0.1279985 0.02392858 0.01832473 0.1279985 0.02398818 0.01883554 0.1279985 0.02405679 -0.01875483 0.1279985 0.02411508 -0.01632058 0.1279985 0.02414965 -0.01749974 0.1279985 0.02414965 0.01749974 0.1279985 0.02417516 0.01640766 0.1279985 0.02428317 0.01840472 0.1279985 0.02432852 -0.01830905 0.1279985 0.02436518 -0.01677876 0.1279985 0.02440077 0.01687854 0.1279985 0.02445667 0.01791226 0.1279985 0.02447575 -0.01780813 0.1279985 0.02448827 -0.01728618 0.1279985 0.02449673 0.01739174 0.1279985 0.02549976 -0.02599966 0.1279985 0.02556973 -0.02575355 0.1279985 0.02575224 -0.02557426 0.1279985 0.02599966 -0.02550876 0.1279985 0.03499954 -0.02550876 0.1279985 0.03499954 -0.009549856 0.1279985 0.03499954 0.03499954 0.1281856 -0.05856889 0 0.1281856 -0.05814194 -0.007059693 0.1281856 -0.05814194 0.007059693 0.1281856 -0.05686706 -0.0140165 0.1281856 -0.05686706 0.0140165 0.1281856 -0.05476295 -0.02076882 0.1281856 -0.05476295 0.02076882 0.1281856 -0.05186021 -0.02721834 0.1281856 -0.05186021 0.02721834 0.1281856 -0.04820138 -0.03327095 0.1281856 -0.04820138 0.03327095 0.1281856 -0.04383951 -0.03883838 0.1281856 -0.04383951 0.03883838 0.1281856 -0.03883838 -0.04383951 0.1281856 -0.03883838 0.04383951 0.1281856 -0.03327095 -0.04820138 0.1281856 -0.03327095 0.04820138 0.1281856 -0.02721834 -0.05186021 0.1281856 -0.02721834 0.05186021 0.1281856 -0.02076882 -0.05476295 0.1281856 -0.02076882 0.05476295 0.1281856 -0.0140165 -0.05686706 0.1281856 -0.0140165 0.05686706 0.1281856 -0.007059693 -0.05814194 0.1281856 -0.007059693 0.05814194 0.1281856 0 0.05856889 0.1281856 0 0.05856889 0.1281856 0 -0.05856889 0.1281856 0 -0.05856889 0.1281856 0.007059693 -0.05814194 0.1281856 0.007059693 0.05814194 0.1281856 0.0140165 -0.05686706 0.1281856 0.0140165 0.05686706 0.1281856 0.02076882 -0.05476295 0.1281856 0.02076882 0.05476295 0.1281856 0.02721834 -0.05186021 0.1281856 0.02721834 0.05186021 0.1281856 0.03327095 -0.04820138 0.1281856 0.03327095 0.04820138 0.1281856 0.03883838 -0.04383951 0.1281856 0.03883838 0.04383951 0.1281856 0.04383951 -0.03883838 0.1281856 0.04383951 0.03883838 0.1281856 0.04820138 -0.03327095 0.1281856 0.04820138 0.03327095 0.1281856 0.05186021 -0.02721834 0.1281856 0.05186021 0.02721834 0.1281856 0.05476295 -0.02076882 0.1281856 0.05476295 0.02076882 0.1281856 0.05686706 -0.0140165 0.1281856 0.05686706 0.0140165 0.1281856 0.05814194 -0.007059693 0.1281856 0.05814194 0.007059693 0.1281856 0.05856889 0 0.1286206 0.02547502 -0.03302794 0.1287525 -0.02547425 -0.03291982 0.1288515 -0.02547377 -0.03281897 0.1293295 -0.02547115 -0.03233134 0.1293305 0.02547115 -0.03233075 0.1298195 0.02546846 -0.03185063 0.1299215 0.02546793 -0.03175026 0.1300295 -0.02546745 -0.03161764 0.1306255 -0.02546572 -0.0307601 0.1306295 0.02546554 -0.03077089 0.1307175 -0.02546542 -0.03062695 0.1312805 -0.02546763 -0.02942812 0.1312885 0.02546745 -0.02943158 0.1313935 0.02546763 -0.02921772 0.1314345 0.02546787 -0.02913469 0.1314925 -0.02546846 -0.0289759 0.1315985 -0.05499929 0 0.1315985 -0.05406278 -0.01010602 0.1315985 -0.05406278 0.01010602 0.1315985 -0.05395549 0.002174317 0.1315985 -0.05360561 -0.006508886 0.1315985 -0.052908 0.01080125 0.1315985 -0.0518673 -0.01502346 0.1315985 -0.05128532 -0.01986801 0.1315985 -0.05128532 0.01986801 0.1315985 -0.0504902 0.0191484 0.1315985 -0.04878562 -0.02314907 0.1315985 -0.04676479 0.02699965 0.1315985 -0.04676127 -0.02895343 0.1315985 -0.04676127 0.02895343 0.1315985 -0.0444405 -0.03067505 0.1315985 -0.04182815 0.03415161 0.1315985 -0.04064494 -0.03705281 0.1315985 -0.04064494 0.03705281 0.1315985 -0.03894436 -0.03740662 0.1315985 -0.03624951 -0.02724963 0.1315985 -0.03624951 0.03624951 0.1315985 -0.03580808 0.04041904 0.1315985 -0.03556442 -0.03069376 0.1315985 -0.03524953 -0.02724963 0.1315985 -0.03524953 0.03524953 0.1315985 -0.03464055 -0.0303111 0.1315985 -0.03361356 -0.03361356 0.1315985 -0.03314447 -0.04389029 0.1315985 -0.03314447 0.04389029 0.1315985 -0.03290647 -0.03290647 0.1315985 -0.03243964 -0.04316931 0.1315985 -0.03069376 -0.03556442 0.1315985 -0.0303111 -0.03464055 0.1315985 -0.0288608 0.04563969 0.1315985 -0.02724963 -0.03624951 0.1315985 -0.02724963 -0.03524953 0.1315985 -0.02509474 -0.04781395 0.1315985 -0.02451527 -0.04923331 0.1315985 -0.02451527 0.04923331 0.1315985 -0.0211659 0.0496782 0.1315985 -0.01709985 -0.05122029 0.1315985 -0.0150513 -0.05289971 0.1315985 -0.0150513 0.05289971 0.1315985 -0.01292282 0.05243021 0.1315985 -0.008662045 -0.05329996 0.1315985 -0.005074679 -0.05476468 0.1315985 -0.005074679 0.05476468 0.1315985 -0.004345118 0.05382418 0.1315985 0 -0.0539993 0.1315985 0.004345118 0.05382418 0.1315985 0.005074679 -0.05476468 0.1315985 0.005074679 0.05476468 0.1315985 0.008662045 -0.05329996 0.1315985 0.01292282 0.05243021 0.1315985 0.0150513 -0.05289971 0.1315985 0.0150513 0.05289971 0.1315985 0.01709985 -0.05122029 0.1315985 0.0211659 0.0496782 0.1315985 0.02451527 -0.04923331 0.1315985 0.02451527 0.04923331 0.1315985 0.02509474 -0.04781395 0.1315985 0.02724963 -0.03624951 0.1315985 0.02724963 -0.03524953 0.1315985 0.0288608 0.04563969 0.1315985 0.0303111 -0.03464055 0.1315985 0.03069376 -0.03556442 0.1315985 0.03243964 -0.04316931 0.1315985 0.03290647 -0.03290647 0.1315985 0.03314441 -0.04389029 0.1315985 0.03314441 0.04389029 0.1315985 0.03361356 -0.03361356 0.1315985 0.03464055 -0.0303111 0.1315985 0.03524953 -0.02724963 0.1315985 0.03524953 0.03524953 0.1315985 0.03556442 -0.03069376 0.1315985 0.03580808 0.04041904 0.1315985 0.03624951 -0.02724963 0.1315985 0.03624951 0.03624951 0.1315985 0.03894436 -0.03740662 0.1315985 0.04064494 -0.03705281 0.1315985 0.04064494 0.03705281 0.1315985 0.04182815 0.03415161 0.1315985 0.0444405 -0.03067505 0.1315985 0.04676127 -0.02895343 0.1315985 0.04676127 0.02895343 0.1315985 0.04676479 0.02699965 0.1315985 0.04878562 -0.02314907 0.1315985 0.0504902 0.0191484 0.1315985 0.05128532 -0.01986801 0.1315985 0.05128532 0.01986801 0.1315985 0.0518673 -0.01502346 0.1315985 0.052908 0.01080125 0.1315985 0.05360555 -0.006508886 0.1315985 0.05395549 0.002174317 0.1315985 0.05406278 -0.01010602 0.1315985 0.05406278 0.01010602 0.1315985 0.05499929 0 0.1317784 0.02547466 -0.02797621 0.1317985 -0.02547568 -0.02786839 0.1318135 -0.02547603 -0.02781319 0.1319985 -0.05382418 -0.004345118 0.1319985 -0.05382418 -0.003124952 0.1319985 -0.05382418 0.003124952 0.1319985 -0.05382418 0.004345118 0.1319985 -0.05303931 -0.009174883 0.1319985 -0.05303931 0.009174883 0.1319985 -0.05243021 -0.01292282 0.1319985 -0.05243021 0.01292282 0.1319985 -0.05119931 0 0.1319985 -0.05094921 -2.61466e-5 0.1319985 -0.05089449 5.46149e-4 0.1319985 -0.05088365 -5.97299e-4 0.1319985 -0.0507974 -0.00149995 0.1319985 -0.0507974 0.00149995 0.1319985 -0.05072212 0.00109452 0.1319985 -0.05070084 -0.001142323 0.1319985 -0.05043941 0.001595139 0.1319985 -0.0504086 -0.001637458 0.1319985 -0.05005884 0.002026021 0.1319985 -0.05001991 -0.002061009 0.1319985 -0.04969936 -0.002597987 0.1319985 -0.04969936 0.002597987 0.1319985 -0.04967826 -0.0211659 0.1319985 -0.04967826 0.0211659 0.1319985 -0.04959696 0.00236833 0.1319985 -0.04955166 -0.002394497 0.1319985 -0.04935425 -1.09816e-5 0.1319985 -0.04907393 0.002607166 0.1319985 -0.04902422 -0.002623319 0.1319985 -0.04878634 9.9471e-4 0.1319985 -0.04876732 -0.001005649 0.1319985 -0.04851275 0.002732038 0.1319985 -0.04846078 -0.002737462 0.1319985 -0.04819935 -0.002999961 0.1319985 -0.04819935 0.002999961 0.1319985 -0.04793798 0.002737462 0.1319985 -0.04788595 -0.002732038 0.1319985 -0.04763138 0.001005649 0.1319985 -0.04761236 -9.9471e-4 0.1319985 -0.04737448 0.002623319 0.1319985 -0.04732477 -0.002607166 0.1319985 -0.04704445 1.09816e-5 0.1319985 -0.04684704 0.002394497 0.1319985 -0.04680174 -0.00236833 0.1319985 -0.0466994 -0.002597987 0.1319985 -0.0466994 0.002597987 0.1319985 -0.04637879 0.002061009 0.1319985 -0.04633986 -0.002026021 0.1319985 -0.0459901 0.001637458 0.1319985 -0.04595929 -0.001595139 0.1319985 -0.04569786 0.001142323 0.1319985 -0.04567658 -0.00109452 0.1319985 -0.04563969 -0.0288608 0.1319985 -0.04563969 0.0288608 0.1319985 -0.0456013 -0.00149995 0.1319985 -0.0456013 0.00149995 0.1319985 -0.04551512 5.97299e-4 0.1319985 -0.04550421 -5.46149e-4 0.1319985 -0.04544949 2.61466e-5 0.1319985 -0.04519939 0 0.1319985 -0.04519939 0 0.1319985 -0.04041904 -0.03580808 0.1319985 -0.04041904 0.03580808 0.1319985 -0.03923076 -0.03694951 0.1319985 -0.03504949 -0.04096561 0.1319985 -0.03504949 -0.03694951 0.1319985 -0.03504949 -0.009174883 0.1319985 -0.03504949 -0.003124952 0.1319985 -0.03504949 0.003124952 0.1319985 -0.03504949 0.009174883 0.1319985 -0.03504949 0.04096561 0.1319985 -0.03499954 -0.02550876 0.1319985 -0.03499954 -0.009549856 0.1319985 -0.03499954 0.03499954 0.1319985 -0.03415161 -0.04182815 0.1319985 -0.03415161 0.04182815 0.1319985 -0.02699965 -0.04676479 0.1319985 -0.02699965 0.04676479 0.1319985 -0.02599966 -0.02550876 0.1319985 -0.02575224 -0.02557426 0.1319985 -0.02556973 -0.02575355 0.1319985 -0.02549976 -0.02599966 0.1319985 -0.02489966 -0.01749974 0.1319985 -0.02489966 0.01749974 0.1319985 -0.02457815 -0.01869976 0.1319985 -0.02457815 -0.01629978 0.1319985 -0.02457815 0.01629978 0.1319985 -0.02457815 0.01869976 0.1319985 -0.02414965 -0.01749974 0.1319985 -0.02414965 0.01749974 0.1319985 -0.02392858 -0.01832473 0.1319985 -0.02392858 -0.01667475 0.1319985 -0.02392858 0.01667475 0.1319985 -0.02392858 0.01832473 0.1319985 -0.0236997 -0.01957821 0.1319985 -0.0236997 -0.01542127 0.1319985 -0.0236997 0.01542127 0.1319985 -0.0236997 0.01957821 0.1319985 -0.02332466 -0.01892864 0.1319985 -0.02332466 -0.01607084 0.1319985 -0.02332466 0.01607084 0.1319985 -0.02332466 0.01892864 0.1319985 -0.02249968 -0.01989972 0.1319985 -0.02249968 -0.01914972 0.1319985 -0.02249968 -0.01584976 0.1319985 -0.02249968 -0.01509976 0.1319985 -0.02249968 0.01509976 0.1319985 -0.02249968 0.01584976 0.1319985 -0.02249968 0.01914972 0.1319985 -0.02249968 0.01989972 0.1319985 -0.02167469 -0.01892864 0.1319985 -0.02167469 -0.01607084 0.1319985 -0.02167469 0.01607084 0.1319985 -0.02167469 0.01892864 0.1319985 -0.02129971 -0.01957821 0.1319985 -0.02129971 -0.01542127 0.1319985 -0.02129971 0.01542127 0.1319985 -0.02129971 0.01957821 0.1319985 -0.02107083 -0.01832473 0.1319985 -0.02107083 -0.01667475 0.1319985 -0.02107083 0.01667475 0.1319985 -0.02107083 0.01832473 0.1319985 -0.0208497 -0.01749974 0.1319985 -0.0208497 0.01749974 0.1319985 -0.0204212 -0.01869976 0.1319985 -0.0204212 -0.01629978 0.1319985 -0.0204212 0.01629978 0.1319985 -0.0204212 0.01869976 0.1319985 -0.02009969 -0.01749974 0.1319985 -0.02009969 0.01749974 0.1319985 -0.0191484 -0.0504902 0.1319985 -0.0191484 0.0504902 0.1319985 -0.01204985 -0.02599966 0.1319985 -0.01204985 -0.009549856 0.1319985 -0.01204985 0.03499954 0.1319985 -0.01167482 -0.05265492 0.1319985 -0.01167482 -0.03694951 0.1319985 -0.01167482 -0.009174883 0.1319985 -0.01167482 -0.003124952 0.1319985 -0.01167482 0.003124952 0.1319985 -0.01167482 0.009174883 0.1319985 -0.01167482 0.05265492 0.1319985 -0.01080125 -0.052908 0.1319985 -0.01080125 0.052908 0.1319985 -0.003249943 0 0.1319985 -0.003249943 0 0.1319985 -0.002814531 -0.001624941 0.1319985 -0.002814531 0.001624941 0.1319985 -0.002174317 -0.05395549 0.1319985 -0.002174317 0.05395549 0.1319985 -0.001624941 -0.002814531 0.1319985 -0.001624941 0.002814531 0.1319985 -4.66504e-4 -0.003124952 0.1319985 -4.66504e-4 0.003124952 0.1319985 0 0.003249943 0.1319985 0 -0.003249943 0.1319985 0 0.003249943 0.1319985 0 -0.003249943 0.1319985 4.66496e-4 -0.003124952 0.1319985 4.66496e-4 0.003124952 0.1319985 0.001624941 -0.002814531 0.1319985 0.001624941 0.002814531 0.1319985 0.002814531 -0.001624941 0.1319985 0.002814531 0.001624941 0.1319985 0.003249943 0 0.1319985 0.003249943 0 0.1319985 0.006508886 -0.05360555 0.1319985 0.006508886 0.05360555 0.1319985 0.01167482 -0.05255091 0.1319985 0.01167482 -0.03694951 0.1319985 0.01167482 -0.009174883 0.1319985 0.01167482 -0.003124952 0.1319985 0.01167482 0.003124952 0.1319985 0.01167482 0.009174883 0.1319985 0.01167482 0.05255091 0.1319985 0.01502346 -0.0518673 0.1319985 0.01502346 0.0518673 0.1319985 0.02009969 -0.01749974 0.1319985 0.02009969 0.01749974 0.1319985 0.0204212 -0.01869976 0.1319985 0.0204212 -0.01629978 0.1319985 0.0204212 0.01629978 0.1319985 0.0204212 0.01869976 0.1319985 0.0208497 -0.01749974 0.1319985 0.0208497 0.01749974 0.1319985 0.02107077 -0.01832473 0.1319985 0.02107077 -0.01667475 0.1319985 0.02107077 0.01667475 0.1319985 0.02107077 0.01832473 0.1319985 0.02129971 -0.01957821 0.1319985 0.02129971 -0.01542127 0.1319985 0.02129971 0.01542127 0.1319985 0.02129971 0.01957821 0.1319985 0.02167469 -0.01892864 0.1319985 0.02167469 -0.01607084 0.1319985 0.02167469 0.01607084 0.1319985 0.02167469 0.01892864 0.1319985 0.02249968 -0.01989972 0.1319985 0.02249968 -0.01914972 0.1319985 0.02249968 -0.01584976 0.1319985 0.02249968 -0.01509976 0.1319985 0.02249968 0.01509976 0.1319985 0.02249968 0.01584976 0.1319985 0.02249968 0.01914972 0.1319985 0.02249968 0.01989972 0.1319985 0.02314907 -0.04878562 0.1319985 0.02314907 0.04878562 0.1319985 0.02332466 -0.01892864 0.1319985 0.02332466 -0.01607084 0.1319985 0.02332466 0.01607084 0.1319985 0.02332466 0.01892864 0.1319985 0.02369964 -0.01957821 0.1319985 0.02369964 -0.01542127 0.1319985 0.02369964 0.01542127 0.1319985 0.02369964 0.01957821 0.1319985 0.02392858 -0.01832473 0.1319985 0.02392858 -0.01667475 0.1319985 0.02392858 0.01667475 0.1319985 0.02392858 0.01832473 0.1319985 0.02414965 -0.01749974 0.1319985 0.02414965 0.01749974 0.1319985 0.02457815 -0.01869976 0.1319985 0.02457815 -0.01629978 0.1319985 0.02457815 0.01629978 0.1319985 0.02457815 0.01869976 0.1319985 0.02489966 -0.01749974 0.1319985 0.02489966 0.01749974 0.1319985 0.02549976 -0.02599966 0.1319985 0.02556973 -0.02575355 0.1319985 0.02575224 -0.02557426 0.1319985 0.02599966 -0.02550876 0.1319985 0.03067505 -0.0444405 0.1319985 0.03067505 0.0444405 0.1319985 0.03499954 -0.02550876 0.1319985 0.03499954 -0.009549856 0.1319985 0.03499954 0.03499954 0.1319985 0.03504949 -0.04086893 0.1319985 0.03504949 -0.03694951 0.1319985 0.03504949 -0.009174883 0.1319985 0.03504949 -0.003124952 0.1319985 0.03504949 0.003124952 0.1319985 0.03504949 0.009174883 0.1319985 0.03504949 0.04086893 0.1319985 0.03740656 -0.03894436 0.1319985 0.03740656 0.03894436 0.1319985 0.03917396 -0.03694951 0.1319985 0.04316931 -0.03243964 0.1319985 0.04316931 0.03243964 0.1319985 0.04519939 0 0.1319985 0.04545921 -2.32125e-4 0.1319985 0.04547077 3.42657e-4 0.1319985 0.04556739 -7.96762e-4 0.1319985 0.0456013 -0.00149995 0.1319985 0.0456013 0.00149995 0.1319985 0.04560166 9.02462e-4 0.1319985 0.04579049 -0.00132656 0.1319985 0.0458461 0.001422822 0.1319985 0.04611897 -0.001798391 0.1319985 0.04619336 0.001881003 0.1319985 0.04653835 -0.002191603 0.1319985 0.04662829 0.002256929 0.1319985 0.04669934 -0.002597987 0.1319985 0.04669934 0.002597987 0.1319985 0.04703027 -0.002489089 0.1319985 0.04709386 -3.3464e-4 0.1319985 0.04713183 0.00253427 0.1319985 0.04735684 7.90023e-4 0.1319985 0.04757338 -0.002677738 0.1319985 0.04768204 0.002700865 0.1319985 0.04781395 -0.02509474 0.1319985 0.04781395 0.02509474 0.1319985 0.04793643 -0.00112462 0.1319985 0.04814374 -0.002749383 0.1319985 0.04819935 -0.002999961 0.1319985 0.04819935 0.002999961 0.1319985 0.04825496 0.002749383 0.1319985 0.04846227 0.00112462 0.1319985 0.04871666 -0.002700865 0.1319985 0.04882532 0.002677738 0.1319985 0.04904186 -7.90023e-4 0.1319985 0.04926681 -0.00253427 0.1319985 0.04930484 3.3464e-4 0.1319985 0.04936844 0.002489089 0.1319985 0.0496993 -0.002597987 0.1319985 0.0496993 0.002597987 0.1319985 0.04977041 -0.002256929 0.1319985 0.04986035 0.002191603 0.1319985 0.05020534 -0.001881003 0.1319985 0.05027973 0.001798391 0.1319985 0.0505526 -0.001422822 0.1319985 0.05060821 0.00132656 0.1319985 0.05079704 -9.02462e-4 0.1319985 0.0507974 -0.00149995 0.1319985 0.0507974 0.00149995 0.1319985 0.05083131 7.96762e-4 0.1319985 0.05092793 -3.42657e-4 0.1319985 0.0509395 2.32125e-4 0.1319985 0.05119931 0 0.1319985 0.05119931 0 0.1319985 0.05122029 -0.01709985 0.1319985 0.05122029 0.01709985 0.1319985 0.05259931 -0.01150494 0.1319985 0.05259931 -0.009174883 0.1319985 0.05259931 -0.003124952 0.1319985 0.05259931 0.003124952 0.1319985 0.05259931 0.009174883 0.1319985 0.05259931 0.01150494 0.1319985 0.0531736 -0.009174883 0.1319985 0.0531736 0.009174883 0.1319985 0.05329996 -0.008662045 0.1319985 0.05329996 0.008662045 0.1319985 0.05374699 -0.003124952 0.1319985 0.05374699 0.003124952 0.1319985 0.0539993 0 0.1320984 -0.05395549 0.002174317 0.1320984 -0.05360561 -0.006508886 0.1320984 -0.052908 0.01080125 0.1320984 -0.0518673 -0.01502346 0.1320984 -0.0504902 0.0191484 0.1320984 -0.04878562 -0.02314907 0.1320984 -0.04676479 0.02699965 0.1320984 -0.0444405 -0.03067505 0.1320984 -0.04182815 0.03415161 0.1320984 -0.03894436 -0.03740662 0.1320984 -0.03624951 -0.02724963 0.1320984 -0.03624951 0.03624951 0.1320984 -0.03580808 0.04041904 0.1320984 -0.03556442 -0.03069376 0.1320984 -0.03361356 -0.03361356 0.1320984 -0.03243964 -0.04316931 0.1320984 -0.03069376 -0.03556442 0.1320984 -0.0288608 0.04563969 0.1320984 -0.02724963 -0.03624951 0.1320984 -0.02509474 -0.04781395 0.1320984 -0.0211659 0.0496782 0.1320984 -0.01709985 -0.05122029 0.1320984 -0.01292282 0.05243021 0.1320984 -0.008662045 -0.05329996 0.1320984 -0.004345118 0.05382418 0.1320984 0 -0.0539993 0.1320984 0.004345118 0.05382418 0.1320984 0.008662045 -0.05329996 0.1320984 0.01292282 0.05243021 0.1320984 0.01709985 -0.05122029 0.1320984 0.0211659 0.0496782 0.1320984 0.02509474 -0.04781395 0.1320984 0.02724963 -0.03624951 0.1320984 0.0288608 0.04563969 0.1320984 0.03069376 -0.03556442 0.1320984 0.03243964 -0.04316931 0.1320984 0.03361356 -0.03361356 0.1320984 0.03556442 -0.03069376 0.1320984 0.03580808 0.04041904 0.1320984 0.03624951 -0.02724963 0.1320984 0.03624951 0.03624951 0.1320984 0.03894436 -0.03740662 0.1320984 0.04182815 0.03415161 0.1320984 0.0444405 -0.03067505 0.1320984 0.04676479 0.02699965 0.1320984 0.04878562 -0.02314907 0.1320984 0.0504902 0.0191484 0.1320984 0.0518673 -0.01502346 0.1320984 0.052908 0.01080125 0.1320984 0.05360555 -0.006508886 0.1320984 0.05395549 0.002174317 0.1323985 -0.05094921 -2.61466e-5 0.1323985 -0.05089449 5.46149e-4 0.1323985 -0.05088365 -5.97299e-4 0.1323985 -0.05072212 0.00109452 0.1323985 -0.05070084 -0.001142323 0.1323985 -0.05056774 -0.00139755 0.1323985 -0.05043941 0.001595139 0.1323985 -0.0504086 -0.001637458 0.1323985 -0.05005884 0.002026021 0.1323985 -0.05001991 -0.002061009 0.1323985 -0.04959696 0.00236833 0.1323985 -0.04955166 -0.002394497 0.1323985 -0.04907393 0.002607166 0.1323985 -0.04902422 -0.002623319 0.1323985 -0.04851275 0.002732038 0.1323985 -0.04846078 -0.002737462 0.1323985 -0.04793798 0.002737462 0.1323985 -0.04788595 -0.002732038 0.1323985 -0.04737448 0.002623319 0.1323985 -0.04732477 -0.002607166 0.1323985 -0.04684704 0.002394497 0.1323985 -0.04680174 -0.00236833 0.1323985 -0.04637879 0.002061009 0.1323985 -0.04633986 -0.002026021 0.1323985 -0.0459901 0.001637458 0.1323985 -0.04595929 -0.001595139 0.1323985 -0.04569786 0.001142323 0.1323985 -0.04567658 -0.00109452 0.1323985 -0.04551512 5.97299e-4 0.1323985 -0.04550421 -5.46149e-4 0.1323985 -0.04544949 2.61466e-5 0.1323985 0.04545921 -2.32125e-4 0.1323985 0.04547077 3.42657e-4 0.1323985 0.04552155 6.25989e-4 0.1323985 0.04556739 -7.96762e-4 0.1323985 0.04560166 9.02462e-4 0.1323985 0.04579049 -0.00132656 0.1323985 0.0458461 0.001422822 0.1323985 0.04611897 -0.001798391 0.1323985 0.04619336 0.001881003 0.1323985 0.04653835 -0.002191603 0.1323985 0.04662829 0.002256929 0.1323985 0.04703027 -0.002489089 0.1323985 0.04713183 0.00253427 0.1323985 0.04757338 -0.002677738 0.1323985 0.04768204 0.002700865 0.1323985 0.04814374 -0.002749383 0.1323985 0.04825496 0.002749383 0.1323985 0.04871666 -0.002700865 0.1323985 0.04882532 0.002677738 0.1323985 0.04926681 -0.00253427 0.1323985 0.04936844 0.002489089 0.1323985 0.04977041 -0.002256929 0.1323985 0.04986035 0.002191603 0.1323985 0.05020534 -0.001881003 0.1323985 0.05027973 0.001798391 0.1323985 0.0505526 -0.001422822 0.1323985 0.05060821 0.00132656 0.1323985 0.05079704 -9.02462e-4 0.1323985 0.05083131 7.96762e-4 0.1323985 0.05092793 -3.42657e-4 0.1323985 0.0509395 2.32125e-4 0.1325315 -0.05718284 0 0.1325315 -0.05676585 -0.006892621 0.1325315 -0.05676585 0.006892621 0.1325315 -0.05552119 -0.01368468 0.1325315 -0.05552119 0.01368468 0.1325315 -0.05346691 -0.02027732 0.1325315 -0.05346691 0.02027732 0.1325315 -0.05063283 -0.02657413 0.1325315 -0.05063283 0.02657413 0.1325315 -0.04706054 -0.03248357 0.1325315 -0.04706054 0.03248357 0.1325315 -0.04280191 -0.03791916 0.1325315 -0.04280191 0.03791916 0.1325315 -0.03791916 -0.04280191 0.1325315 -0.03791916 0.04280191 0.1325315 -0.03248357 -0.04706054 0.1325315 -0.03248357 0.04706054 0.1325315 -0.02657413 -0.05063283 0.1325315 -0.02657413 0.05063283 0.1325315 -0.02027732 -0.05346685 0.1325315 -0.02027732 0.05346685 0.1325315 -0.01368468 -0.05552119 0.1325315 -0.01368468 0.05552119 0.1325315 -0.006892621 -0.05676585 0.1325315 -0.006892621 0.05676585 0.1325315 0 0.05718284 0.1325315 0 0.05718284 0.1325315 0 -0.05718284 0.1325315 0 -0.05718284 0.1325315 0.006892621 -0.05676585 0.1325315 0.006892621 0.05676585 0.1325315 0.01368468 -0.05552119 0.1325315 0.01368468 0.05552119 0.1325315 0.02027732 -0.05346685 0.1325315 0.02027732 0.05346685 0.1325315 0.02657413 -0.05063283 0.1325315 0.02657413 0.05063283 0.1325315 0.03248357 -0.04706054 0.1325315 0.03248357 0.04706054 0.1325315 0.03791916 -0.04280191 0.1325315 0.03791916 0.04280191 0.1325315 0.04280191 -0.03791916 0.1325315 0.04280191 0.03791916 0.1325315 0.04706054 -0.03248357 0.1325315 0.04706054 0.03248357 0.1325315 0.05063283 -0.02657413 0.1325315 0.05063283 0.02657413 0.1325315 0.05346685 -0.02027732 0.1325315 0.05346685 0.02027732 0.1325315 0.05552113 -0.01368468 0.1325315 0.05552113 0.01368468 0.1325315 0.05676585 -0.006892621 0.1325315 0.05676585 0.006892621 0.1325315 0.05718284 0 0.1330484 -0.04935425 -1.09816e-5 0.1330484 -0.04878634 9.9471e-4 0.1330484 -0.04876732 -0.001005649 0.1330484 -0.04763138 0.001005649 0.1330484 -0.04761236 -9.9471e-4 0.1330484 -0.04704445 1.09816e-5 0.1330484 0.04709386 -3.3464e-4 0.1330484 0.04735684 7.90023e-4 0.1330484 0.04793643 -0.00112462 0.1330484 0.04846227 0.00112462 0.1330484 0.04904186 -7.90023e-4 0.1330484 0.04930484 3.3464e-4 0.1330775 -0.04864007 -0.001004457 0.1330775 -0.04775863 0.001004457 0.1330775 0.04718673 -4.21664e-4 0.1330775 0.04921203 4.21664e-4 0.1330835 -0.04928934 1.04091e-4 0.1330835 -0.04710936 -1.04091e-4 0.1330835 0.04748326 8.28312e-4 0.1330835 0.04891544 -8.28312e-4 0.1330945 -0.04887545 8.36925e-4 0.1330945 -0.04752326 -8.36925e-4 0.1330945 0.04810982 -0.001072108 0.1330945 0.04828882 0.001072108 0.1330945 -0.04860496 9.96435e-4 0.1330945 -0.04779374 -9.96435e-4 0.1330945 0.04780417 -0.001000583 0.1330945 0.04859453 0.001000583 0.1331084 -0.04922592 -2.28436e-4 0.1331084 -0.04889565 -7.88237e-4 0.1331084 -0.04750305 7.88237e-4 0.1331084 -0.04717278 2.28436e-4 0.1331084 0.04715138 -8.8776e-5 0.1331084 0.04729938 5.44159e-4 0.1331084 0.04909932 -5.44159e-4 0.1331084 0.04924732 8.8776e-5 0.1331165 -0.04846626 -0.001002788 0.1331165 -0.04793244 0.001002788 0.1331165 0.04731357 -5.40565e-4 0.1331165 0.04908514 5.40565e-4 0.1331165 -0.04920613 2.51295e-4 0.1331165 -0.04719257 -2.51295e-4 0.1331165 0.04764515 8.77295e-4 0.1331165 0.04875355 -8.77295e-4 0.1331245 -0.04896575 6.76991e-4 0.1331245 -0.04842144 9.9818e-4 0.1331245 -0.04797726 -9.9818e-4 0.1331245 -0.04743295 -6.76991e-4 0.1331245 0.04767024 -8.75078e-4 0.1331245 0.04811304 0.001018941 0.1331245 0.04828566 -0.001018941 0.1331245 0.04872846 8.75078e-4 0.1331345 -0.04912203 4.00324e-4 0.1331345 -0.04829496 -0.001001179 0.1331345 -0.04810374 0.001001179 0.1331345 -0.04727667 -4.00324e-4 0.1331345 0.04743844 -6.57742e-4 0.1331345 0.04780894 9.26883e-4 0.1331345 0.04858976 -9.26883e-4 0.1331345 0.04896026 6.57742e-4 0.1331375 -0.04906082 -5.08336e-4 0.1331375 -0.04733788 5.08336e-4 0.1331375 0.04722535 2.27691e-4 0.1331375 0.04917335 -2.27691e-4 0.1336484 -0.04969704 8.38678e-5 0.1336484 -0.04969286 -1.39907e-5 0.1336484 -0.04968452 -2.09917e-4 0.1336484 -0.04966384 2.97032e-4 0.1336484 -0.0496568 -3.24161e-4 0.1336484 -0.04965186 3.7443e-4 0.1336484 -0.04961502 -4.95636e-4 0.1336484 -0.04957103 5.95454e-4 0.1336484 -0.04955726 -6.20068e-4 0.1336484 -0.04955095 6.50604e-4 0.1336484 -0.04949116 -7.62307e-4 0.1336484 -0.04941833 8.68354e-4 0.1336484 -0.04939866 -8.88921e-4 0.1336484 -0.04939806 9.01774e-4 0.1336484 -0.04931765 -9.99684e-4 0.1336484 -0.04921221 0.001103878 0.1336484 -0.04919904 0.001118242 0.1336484 -0.04918771 -0.001119077 0.1336484 -0.04910117 -0.001198589 0.1336484 -0.04896163 0.001291811 0.1336484 -0.04893362 -0.001300573 0.1336484 -0.04884994 -0.001351535 0.1336484 -0.04869496 0.001415729 0.1336484 -0.04867595 0.001420319 0.1336484 -0.04864734 -0.001425564 0.1336484 -0.04857373 -0.001452445 0.1336484 -0.04840928 0.001485168 0.1336484 -0.04837018 0.001486837 0.1336484 -0.04834127 -0.001488566 0.1336484 -0.04828327 -0.001497626 0.1336484 -0.04811543 0.001497626 0.1336484 -0.04805743 0.001488566 0.1336484 -0.04802858 -0.001486837 0.1336484 -0.04798948 -0.001485168 0.1336484 -0.04782497 0.001452445 0.1336484 -0.04775136 0.001425564 0.1336484 -0.04772275 -0.001420319 0.1336484 -0.04770374 -0.001415729 0.1336484 -0.04754877 0.001351535 0.1336484 -0.04746508 0.001300573 0.1336484 -0.04743707 -0.001291811 0.1336484 -0.04729759 0.001198589 0.1336484 -0.04721099 0.001119077 0.1336484 -0.04719966 -0.001118242 0.1336484 -0.04718649 -0.001103878 0.1336484 -0.04708105 9.99684e-4 0.1336484 -0.04700064 -9.01774e-4 0.1336484 -0.04700005 8.88921e-4 0.1336484 -0.04698038 -8.68354e-4 0.1336484 -0.04690748 7.62307e-4 0.1336484 -0.04684776 -6.50604e-4 0.1336484 -0.0468415 6.20068e-4 0.1336484 -0.04682767 -5.95454e-4 0.1336484 -0.04678368 4.95636e-4 0.1336484 -0.04674685 -3.7443e-4 0.1336484 -0.0467419 3.24161e-4 0.1336484 -0.04673486 -2.97032e-4 0.1336484 -0.04671418 2.09917e-4 0.1336484 -0.0467059 1.39907e-5 0.1336484 -0.04670166 -8.38678e-5 0.1336484 0.04670017 4.99387e-5 0.1336484 0.04671168 -1.26164e-4 0.1336484 0.04671818 1.85961e-4 0.1336484 0.04671925 -2.43491e-4 0.1336484 0.04673874 3.41449e-4 0.1336484 0.04676985 -4.32939e-4 0.1336484 0.04678928 4.89937e-4 0.1336484 0.04679518 -5.27562e-4 0.1336484 0.04683345 6.19837e-4 0.1336484 0.04689043 -7.21092e-4 0.1336484 0.04692178 7.72617e-4 0.1336484 0.04692506 -7.9136e-4 0.1336484 0.04698055 8.74405e-4 0.1336484 0.04706823 -9.78141e-4 0.1336484 0.04710394 -0.001024723 0.1336484 0.04710996 0.001021742 0.1336484 0.04717457 0.001095354 0.1336484 0.04729557 -0.001192927 0.1336484 0.04732495 -0.001218736 0.1336484 0.04734587 0.001226544 0.1336484 0.04740798 0.001274228 0.1336484 0.04756253 -0.001356124 0.1336484 0.04757958 -0.0013659 0.1336484 0.04761916 0.001378178 0.1336484 0.04767173 0.001404106 0.1336484 0.04785788 -0.001460552 0.1336484 0.04791808 0.001469969 0.1336484 0.04795587 0.001480042 0.1336484 0.04814946 -0.001499116 0.1336484 0.04816895 -0.001497864 0.1336484 0.04822975 0.001497864 0.1336484 0.04824924 0.001499116 0.1336484 0.04844284 -0.001480042 0.1336484 0.04848062 -0.001469969 0.1336484 0.04854083 0.001460552 0.1336484 0.04872691 -0.001404106 0.1336484 0.04877954 -0.001378178 0.1336484 0.04881912 0.0013659 0.1336484 0.04883617 0.001356124 0.1336484 0.04899072 -0.001274228 0.1336484 0.04905283 -0.001226544 0.1336484 0.04907375 0.001218736 0.1336484 0.04910314 0.001192927 0.1336484 0.04922413 -0.001095354 0.1336484 0.04928874 -0.001021742 0.1336484 0.04929471 0.001024723 0.1336484 0.04933041 9.78141e-4 0.1336484 0.04941815 -8.74405e-4 0.1336484 0.04947364 7.9136e-4 0.1336484 0.04947692 -7.72617e-4 0.1336484 0.04950821 7.21092e-4 0.1336484 0.04956525 -6.19837e-4 0.1336484 0.04960352 5.27562e-4 0.1336484 0.04960942 -4.89937e-4 0.1336484 0.04962885 4.32939e-4 0.1336484 0.0496599 -3.41449e-4 0.1336484 0.04967945 2.43491e-4 0.1336484 0.04968053 -1.85961e-4 0.1336484 0.04968702 1.26164e-4 0.1336484 0.04969853 -4.99387e-5 0.1337155 -0.04819935 0 0.1337155 0.04819935 0 0.1337265 -0.04964506 8.09589e-5 0.1337265 -0.04963302 -2.02637e-4 0.1337265 -0.04960143 3.61443e-4 0.1337265 -0.04956591 -4.78446e-4 0.1337265 -0.04950404 6.28038e-4 0.1337265 -0.04944634 -7.35867e-4 0.1337265 -0.04935646 8.70498e-4 0.1337265 -0.04927885 -9.65012e-4 0.1337265 -0.04916435 0.001079499 0.1337265 -0.04906982 -0.001157045 0.1337265 -0.04893523 0.001246988 0.1337265 -0.04882735 -0.001304626 0.1337265 -0.04867786 0.001366615 0.1337265 -0.04856073 -0.00140208 0.1337265 -0.04840195 0.00143367 0.1337265 -0.04828035 -0.001445651 0.1337265 -0.04811835 0.001445651 0.1337265 -0.04799675 -0.00143367 0.1337265 -0.04783797 0.00140208 0.1337265 -0.04772084 -0.001366615 0.1337265 -0.04757136 0.001304626 0.1337265 -0.04746347 -0.001246988 0.1337265 -0.04732888 0.001157045 0.1337265 -0.04723435 -0.001079499 0.1337265 -0.04711985 9.65012e-4 0.1337265 -0.04704225 -8.70498e-4 0.1337265 -0.04695236 7.35867e-4 0.1337265 -0.04689466 -6.28038e-4 0.1337265 -0.04683279 4.78446e-4 0.1337265 -0.04679727 -3.61443e-4 0.1337265 -0.04676568 2.02637e-4 0.1337265 -0.0467537 -8.09589e-5 0.1337265 0.04675215 4.82066e-5 0.1337265 0.04677057 -2.35045e-4 0.1337265 0.04678934 3.29606e-4 0.1337265 0.04684388 -5.09264e-4 0.1337265 0.04688078 5.98338e-4 0.1337265 0.04696929 -7.63913e-4 0.1337265 0.04702287 8.44077e-4 0.1337265 0.04714196 -9.89204e-4 0.1337265 0.04721015 0.001057326 0.1337265 0.04735523 -0.001176476 0.1337265 0.04743546 0.001230001 0.1337265 0.04760104 -0.001318514 0.1337265 0.04769003 0.001355409 0.1337265 0.04786974 -0.001409888 0.1337265 0.04796433 0.001428723 0.1337265 0.04815113 -0.001447141 0.1337265 0.04824757 0.001447141 0.1337265 0.04843437 -0.001428723 0.1337265 0.04852896 0.001409888 0.1337265 0.04870861 -0.001355409 0.1337265 0.04879766 0.001318514 0.1337265 0.04896324 -0.001230001 0.1337265 0.04904341 0.001176476 0.1337265 0.04918855 -0.001057326 0.1337265 0.04925674 9.89204e-4 0.1337265 0.04937583 -8.44077e-4 0.1337265 0.04942941 7.63913e-4 0.1337265 0.04951792 -5.98338e-4 0.1337265 0.04955482 5.09264e-4 0.1337265 0.04960936 -3.29606e-4 0.1337265 0.04962813 2.35045e-4 0.1337265 0.04964655 -4.82066e-5 0.1337484 -0.04944932 0 0.1337484 -0.04944932 0 0.1337484 -0.04928183 -6.24992e-4 0.1337484 -0.04928183 6.24992e-4 0.1337484 -0.04882436 -0.001082479 0.1337484 -0.04882436 0.001082479 0.1337484 -0.04819935 -0.001249969 0.1337484 -0.04819935 0.001249969 0.1337484 -0.04757434 -0.001082479 0.1337484 -0.04757434 0.001082479 0.1337484 -0.04711687 -6.24992e-4 0.1337484 -0.04711687 6.24992e-4 0.1337484 -0.04694938 0 0.1337484 -0.04694938 0 0.1337484 0.04694938 0 0.1337484 0.04694938 0 0.1337484 0.04711687 -6.24992e-4 0.1337484 0.04711687 6.24992e-4 0.1337484 0.04757434 -0.001082479 0.1337484 0.04757434 0.001082479 0.1337484 0.04819935 -0.001249969 0.1337484 0.04819935 0.001249969 0.1337484 0.04882436 -0.001082479 0.1337484 0.04882436 0.001082479 0.1337484 0.04928183 -6.24992e-4 0.1337484 0.04928183 6.24992e-4 0.1337484 0.04944932 0 0.1337484 0.04944932 0 0.1338185 -0.04962682 7.99375e-5 0.1338185 -0.04961711 -1.49253e-4 0.1338185 -0.04961496 -2.0008e-4 0.1338185 -0.0495994 2.56232e-4 0.1338185 -0.04958373 3.56883e-4 0.1338185 -0.04954874 -4.72409e-4 0.1338185 -0.04951655 -5.41656e-4 0.1338185 -0.04948753 6.20114e-4 0.1338185 -0.04947435 6.41826e-4 0.1338185 -0.04943066 -7.26584e-4 0.1338185 -0.04934185 8.59515e-4 0.1338185 -0.04931032 -8.91197e-4 0.1338185 -0.04926526 -9.52836e-4 0.1338185 -0.04923832 9.72095e-4 0.1338185 -0.04915213 0.00106585 0.1338185 -0.04905885 -0.001142442 0.1338185 -0.04901546 -0.001168906 0.1338185 -0.04892593 0.001231253 0.1338185 -0.04881942 -0.001288175 0.1338185 -0.04867172 0.001349329 0.1338185 -0.04865193 -0.001349449 0.1338185 -0.04855626 -0.001384377 0.1338185 -0.04854798 0.00137943 0.1338185 -0.04839944 0.00141561 0.1338185 -0.04827928 -0.001427412 0.1338185 -0.04825383 -0.001426339 0.1338185 -0.04814487 0.001426339 0.1338185 -0.04811948 0.001427412 0.1338185 -0.04799926 -0.00141561 0.1338185 -0.04785078 -0.00137943 0.1338185 -0.04784244 0.001384377 0.1338185 -0.04774677 0.001349449 0.1338185 -0.04772698 -0.001349329 0.1338185 -0.04757928 0.001288175 0.1338185 -0.04747277 -0.001231253 0.1338185 -0.04738324 0.001168906 0.1338185 -0.04733985 0.001142442 0.1338185 -0.04724657 -0.00106585 0.1338185 -0.04716038 -9.72095e-4 0.1338185 -0.04713344 9.52836e-4 0.1338185 -0.04708838 8.91197e-4 0.1338185 -0.04705685 -8.59515e-4 0.1338185 -0.0469681 7.26584e-4 0.1338185 -0.04692435 -6.41826e-4 0.1338185 -0.04691118 -6.20114e-4 0.1338185 -0.04688215 5.41656e-4 0.1338185 -0.04684996 4.72409e-4 0.1338185 -0.04681497 -3.56883e-4 0.1338185 -0.0467993 -2.56232e-4 0.1338185 -0.04678374 2.0008e-4 0.1338185 -0.04678159 1.49253e-4 0.1338185 -0.04677188 -7.99375e-5 0.1338185 0.04677045 4.75984e-5 0.1338185 0.04678046 1.23294e-4 0.1338185 0.04678869 -2.3208e-4 0.1338185 0.04680174 -2.81226e-4 0.1338185 0.04680716 3.25447e-4 0.1338185 0.04686099 -5.02839e-4 0.1338185 0.04687285 5.185e-4 0.1338185 0.04689747 5.90789e-4 0.1338185 0.04693984 -6.62894e-4 0.1338185 0.04698485 -7.54274e-4 0.1338185 0.04703766 8.33428e-4 0.1338185 0.04707127 8.71657e-4 0.1338185 0.04715526 -9.76724e-4 0.1338185 0.04717439 -9.93494e-4 0.1338185 0.04722267 0.001044034 0.1338185 0.04736423 0.001152515 0.1338185 0.04736596 -0.001161634 0.1338185 0.04744505 0.001214504 0.1338185 0.04749828 -0.001238107 0.1338185 0.04760855 -0.001301884 0.1338185 0.04769653 0.001338303 0.1338185 0.04772102 0.001344859 0.1338185 0.04787385 -0.001392126 0.1338185 0.04796725 0.001410663 0.1338185 0.04811984 0.001420617 0.1338185 0.04815173 -0.001428842 0.1338185 0.04824697 0.001428842 0.1338185 0.04827886 -0.001420617 0.1338185 0.04843145 -0.001410663 0.1338185 0.04852485 0.001392126 0.1338185 0.04867762 -0.001344859 0.1338185 0.04870212 -0.001338303 0.1338185 0.04879015 0.001301884 0.1338185 0.04890042 0.001238107 0.1338185 0.04895365 -0.001214504 0.1338185 0.04903274 0.001161634 0.1338185 0.04903441 -0.001152515 0.1338185 0.04917603 -0.001044034 0.1338185 0.04922431 9.93494e-4 0.1338185 0.04924345 9.76724e-4 0.1338185 0.04932743 -8.71657e-4 0.1338185 0.04936105 -8.33428e-4 0.1338185 0.04941385 7.54274e-4 0.1338185 0.04945886 6.62894e-4 0.1338185 0.04950124 -5.90789e-4 0.1338185 0.04952585 -5.185e-4 0.1338185 0.04953771 5.02839e-4 0.1338185 0.04959154 -3.25447e-4 0.1338185 0.0495969 2.81226e-4 0.1338185 0.04961001 2.3208e-4 0.1338185 0.04961824 -1.23294e-4 0.1338185 0.04962825 -4.75984e-5 0.1338984 -0.02449887 0.01755553 0.1338984 -0.02449637 -0.01761513 0.1338984 -0.02449566 0.01750826 0.1338984 -0.02448564 -0.01733016 0.1338984 -0.02448207 -0.01723527 0.1338984 -0.02447336 0.01717627 0.1338984 -0.02446007 -0.01785016 0.1338984 -0.02445214 0.01793295 0.1338984 -0.02443838 -0.01799094 0.1338984 -0.02442485 0.01699233 0.1338984 -0.02442288 0.01802325 0.1338984 -0.02439618 -0.01686483 0.1338984 -0.02437698 -0.01682144 0.1338984 -0.02437645 0.01680856 0.1338984 -0.02433496 0.01829463 0.1338984 -0.02431035 -0.01834905 0.1338984 -0.02424174 -0.01651734 0.1338984 -0.02423226 0.01650857 0.1338984 -0.02422016 0.01850271 0.1338984 -0.02421164 0.01646584 0.1338984 -0.02415138 0.01862752 0.1338984 -0.02413308 -0.01636147 0.1338984 -0.02411699 -0.01867634 0.1338984 -0.02402436 -0.01620548 0.1338984 -0.02402257 -0.01878315 0.1338984 -0.02398508 0.01616054 0.1338984 -0.02391505 0.01609635 0.1338984 -0.02390807 0.0189197 0.1338984 -0.02386504 -0.01896113 0.1338984 -0.02378588 -0.01597338 0.1338984 -0.02375185 -0.01594024 0.1338984 -0.02370476 0.01590365 0.1338984 -0.02363908 -0.01913523 0.1338984 -0.02361387 0.01916062 0.1338984 -0.0235638 -0.01919311 0.1338984 -0.02350234 0.01577907 0.1338984 -0.02348846 0.01922839 0.1338984 -0.02343416 -0.01573145 0.1338984 -0.02338099 0.01570439 0.1338984 -0.02334636 -0.01569527 0.1338984 -0.02327936 0.0193414 0.1338984 -0.02322405 -0.01936393 0.1338984 -0.02317845 -0.01937681 0.1338984 -0.02308255 -0.01558655 0.1338984 -0.02302527 0.01557004 0.1338984 -0.02300727 0.01942723 0.1338984 -0.02291679 0.01945573 0.1338984 -0.0228582 -0.01946735 0.1338984 -0.02284967 -0.01553928 0.1338984 -0.02270996 -0.01551085 0.1338984 -0.02266877 -0.01948344 0.1338984 -0.02265059 0.01550549 0.1338984 -0.02253907 0.0194993 0.1338984 -0.02250808 0.01550829 0.1338984 -0.02249181 0.01949572 0.1338984 -0.02247941 -0.01949959 0.1338984 -0.0223298 -0.01550698 0.1338984 -0.02227038 0.015513 0.1338984 -0.02215987 0.01947063 0.1338984 -0.02214837 -0.01946461 0.1338984 -0.02210128 -0.0194596 0.1338984 -0.02199137 0.01557248 0.1338984 -0.02197647 0.01942074 0.1338984 -0.02195578 -0.01557517 0.1338984 -0.02189862 0.01559227 0.1338984 -0.02182292 -0.01562678 0.1338984 -0.02179312 0.01937073 0.1338984 -0.02173757 -0.0193488 0.1338984 -0.02165359 -0.01930445 0.1338984 -0.02160131 -0.01571285 0.1338984 -0.02154839 0.01574045 0.1338984 -0.02150899 0.01576685 0.1338984 -0.02149432 0.0192241 0.1338984 -0.02145183 0.01920324 0.1338984 -0.0214014 -0.01917111 0.1338984 -0.0213598 -0.01586467 0.1338984 -0.02127939 -0.01591515 0.1338984 -0.02123272 0.01595228 0.1338984 -0.02121603 -0.01902234 0.1338984 -0.02114832 0.01897412 0.1338984 -0.02110493 -0.01893311 0.1338984 -0.02109771 0.01608616 0.1338984 -0.02108472 0.01890355 0.1338984 -0.02100163 -0.01617479 0.1338984 -0.02097368 -0.01621317 0.1338984 -0.02096271 0.01622009 0.1338984 -0.02089369 0.01869171 0.1338984 -0.02085882 -0.01864326 0.1338984 -0.02077794 -0.01648229 0.1338984 -0.02077502 0.01649487 0.1338984 -0.02077078 0.01848822 0.1338984 -0.02074831 0.01653409 0.1338984 -0.02069723 -0.01665437 0.1338984 -0.02069711 0.01836621 0.1338984 -0.02067214 -0.01831203 0.1338984 -0.02062684 -0.01817691 0.1338984 -0.02061641 -0.01682645 0.1338984 -0.02059721 0.01688295 0.1338984 -0.02057659 0.01697564 0.1338984 -0.02056568 0.01800942 0.1338984 -0.02055144 -0.01795154 0.1338984 -0.02053469 -0.01714903 0.1338984 -0.02052301 -0.01719504 0.1338984 -0.02051478 0.01725417 0.1338984 -0.02051371 -0.01766872 0.1338984 -0.02050822 0.01749175 0.1338984 -0.02050423 0.01763427 0.1338984 -0.02050113 -0.01757466 0.1338984 0.0205006 0.01756024 0.1338984 0.0205065 0.01760727 0.1338984 0.02050673 -0.01733314 0.1338984 0.02051109 -0.01771336 0.1338984 0.02052533 0.01718086 0.1338984 0.02053201 -0.01719284 0.1338984 0.02054822 0.01793742 0.1338984 0.02054929 0.01708894 0.1338984 0.02057421 -0.01695895 0.1338984 0.0205875 -0.01808571 0.1338984 0.02060723 0.01811814 0.1338984 0.02062129 0.01681298 0.1338984 0.02064198 -0.01821744 0.1338984 0.0206663 0.01829886 0.1338984 0.02067708 -0.01669287 0.1338984 0.02071142 -0.01660436 0.1338984 0.02072381 0.01659846 0.1338984 0.02073299 -0.01843702 0.1338984 0.02078533 0.01646983 0.1338984 0.02082771 0.01858991 0.1338984 0.02085071 0.01863145 0.1338984 0.02088999 -0.0186752 0.1338984 0.02091312 -0.01628208 0.1338984 0.02094233 -0.01875454 0.1338984 0.02094548 -0.01624739 0.1338984 0.02101117 0.01616394 0.1338984 0.02109462 0.01892304 0.1338984 0.02116817 0.018983 0.1338984 0.02117228 -0.01600378 0.1338984 0.02120786 -0.01902651 0.1338984 0.02124679 -0.01905363 0.1338984 0.02129089 0.01590645 0.1338984 0.02132582 -0.01589167 0.1338984 0.02138942 0.01916325 0.1338984 0.02141207 0.01583147 0.1338984 0.02147936 -0.01577967 0.1338984 0.02152019 -0.01924341 0.1338984 0.02159869 0.01927584 0.1338984 0.02161419 0.01570647 0.1338984 0.021694 -0.0193203 0.1338984 0.02172428 0.01934331 0.1338984 0.02178037 -0.01563775 0.1338984 0.02182328 -0.01561754 0.1338984 0.02186787 -0.01939731 0.1338984 0.02188086 0.01560509 0.1338984 0.02196961 0.01557129 0.1338984 0.02208721 0.01945674 0.1338984 0.02219176 -0.01552355 0.1338984 0.02219218 -0.01947194 0.1338984 0.02223837 -0.01948261 0.1338984 0.02228647 -0.01551795 0.1338984 0.02234417 0.01550585 0.1338984 0.02239155 0.01550668 0.1338984 0.02246499 0.01949942 0.1338984 0.02257126 -0.01550108 0.1338984 0.02260708 0.01948833 0.1338984 0.02261835 -0.0194962 0.1338984 0.02271217 -0.01948159 0.1338984 0.02272427 0.01551246 0.1338984 0.022807 -0.01553207 0.1338984 0.02284407 0.01946979 0.1338984 0.02291035 0.01555168 0.1338984 0.02294826 -0.01555079 0.1338984 0.0229941 -0.01943761 0.1338984 0.02309638 0.01559084 0.1338984 0.02311909 0.01939421 0.1338984 0.0232107 0.01936912 0.1338984 0.02321779 -0.0193572 0.1338984 0.02330899 -0.01567089 0.1338984 0.02335184 -0.01930904 0.1338984 0.02340304 0.01571989 0.1338984 0.02344685 0.01573824 0.1338984 0.02355158 0.01920074 0.1338984 0.02358937 0.01917201 0.1338984 0.02364045 -0.0158571 0.1338984 0.02367883 -0.01911514 0.1338984 0.02374929 -0.01594907 0.1338984 0.02376306 0.01594936 0.1338984 0.02383065 0.01601606 0.1338984 0.02385449 0.0189709 0.1338984 0.02393078 -0.01610267 0.1338984 0.02396327 -0.01886272 0.1338984 0.02398145 0.0188294 0.1338984 0.02403366 0.01621645 0.1338984 0.02405005 -0.01874971 0.1338984 0.02410846 0.01868796 0.1338984 0.02410978 -0.01632475 0.1338984 0.02416813 0.01641243 0.1338984 0.02416926 -0.01639878 0.1338984 0.02419477 -0.01856112 0.1338984 0.02424877 0.01652997 0.1338984 0.02427977 0.01840263 0.1338984 0.02430427 0.01836204 0.1338984 0.02432256 -0.01830601 0.1338984 0.02434748 -0.01673454 0.1338984 0.02436137 -0.01677995 0.1338984 0.02436506 -0.01822113 0.1338984 0.02440077 0.01687854 0.1338984 0.02443474 0.01800495 0.1338984 0.02444994 0.01791113 0.1338984 0.02445894 -0.01709812 0.1338984 0.02446788 -0.01785504 0.1338984 0.02447175 -0.01780784 0.1338984 0.02447926 -0.01728713 0.1338984 0.02448397 0.01724952 0.1338984 0.02448827 0.01739197 0.1338984 0.02449548 0.01762956 0.1338984 0.02449953 -0.01747614 0.1340025 -0.02442955 0.01755362 0.1340025 -0.02442705 -0.01761114 0.1340025 -0.02441334 -0.01724445 0.1340025 -0.02440488 0.01718747 0.1340025 -0.02438443 0.01791787 0.1340025 -0.02437114 -0.01797395 0.1340025 -0.02433043 -0.01688683 0.1340025 -0.02431136 0.01683253 0.1340025 -0.02427124 0.01826703 0.1340025 -0.02424758 -0.01831954 0.1340025 -0.02418136 -0.01655143 0.1340025 -0.02415227 0.01650178 0.1340025 -0.02409404 0.01858842 0.1340025 -0.02406084 -0.01863551 0.1340025 -0.02397149 -0.01625037 0.1340025 -0.02393358 0.01620697 0.1340025 -0.02385914 0.01887053 0.1340025 -0.02381765 -0.0189104 0.1340025 -0.02370846 -0.01599436 0.1340025 -0.02366298 0.01595896 0.1340025 -0.0235753 0.01910305 0.1340025 -0.02352684 -0.0191344 0.1340025 -0.02340167 -0.01579284 0.1340025 -0.02335035 0.01576668 0.1340025 -0.02325236 0.01927763 0.1340025 -0.02319896 -0.0192992 0.1340025 -0.0230624 -0.01565295 0.1340025 -0.02300697 0.01563698 0.1340025 -0.0229023 0.0193879 0.1340025 -0.0228458 -0.0193991 0.1340025 -0.02270269 -0.01557987 0.1340025 -0.02264529 0.01557469 0.1340025 -0.0225377 0.01943004 0.1340025 -0.02248007 -0.01943022 0.1340025 -0.0223357 -0.01557606 0.1340025 -0.02227836 0.01558184 0.1340025 -0.02217167 0.01940232 0.1340025 -0.02211511 -0.01939165 0.1340025 -0.02197462 -0.01564186 0.1340025 -0.02191936 0.01565837 0.1340025 -0.02181762 0.01930582 0.1340025 -0.02176398 -0.01928472 0.1340025 -0.02163249 -0.01577484 0.1340025 -0.02158141 0.01580148 0.1340025 -0.02148813 0.01914411 0.1340025 -0.02143949 -0.01911324 0.1340025 -0.02132171 -0.01597017 0.1340025 -0.02127659 0.01600599 0.1340025 -0.02119523 0.01892292 0.1340025 -0.02115333 -0.0188834 0.1340025 -0.02105349 -0.01622074 0.1340025 -0.021016 0.01626443 0.1340025 -0.02094942 0.01865035 0.1340025 -0.0209158 -0.01860356 0.1340025 -0.0208376 -0.01651757 0.1340025 -0.02080899 0.01656758 0.1340025 -0.0207597 0.01833611 0.1340025 -0.0207355 -0.01828384 0.1340025 -0.02068179 -0.01684987 0.1340025 -0.0206632 0.01690435 0.1340025 -0.0206328 0.01799172 0.1340025 -0.02061903 -0.01793587 0.1340025 -0.02059161 -0.01720553 0.1340025 -0.02058368 0.01726263 0.1340025 -0.02057343 0.01762956 0.1340025 -0.02057039 -0.01757204 0.1340025 0.02056992 0.01755815 0.1340025 0.02057582 -0.01733887 0.1340025 0.02058011 -0.01770597 0.1340025 0.02059382 0.01719182 0.1340025 0.02061593 0.01792222 0.1340025 0.02064102 -0.01697766 0.1340025 0.02065378 -0.01806545 0.1340025 0.0206865 0.01683676 0.1340025 0.02072989 0.01827114 0.1340025 0.02077341 -0.01663535 0.1340025 0.02079421 -0.01840454 0.1340025 0.02084469 0.01650553 0.1340025 0.02090787 0.01859211 0.1340025 0.02096819 -0.01632428 0.1340025 0.02099627 -0.01871091 0.1340025 0.02106279 0.01621037 0.1340025 0.02114337 0.01887363 0.1340025 0.02121829 -0.01605564 0.1340025 0.02125269 -0.01897364 0.1340025 0.0213328 0.01596164 0.1340025 0.02142786 0.01910555 0.1340025 0.02151477 -0.01583927 0.1340025 0.02155417 -0.01918292 0.1340025 0.02164489 0.01576864 0.1340025 0.02175116 0.0192793 0.1340025 0.02184677 -0.01568287 0.1340025 0.0218898 -0.01933151 0.1340025 0.02198797 0.01563817 0.1340025 0.02210146 0.01938885 0.1340025 0.02220237 -0.01559215 0.1340025 0.02224749 -0.01941382 0.1340025 0.02234959 0.01557499 0.1340025 0.02246618 0.01943004 0.1340025 0.02256876 -0.0155704 0.1340025 0.0226143 -0.01942694 0.1340025 0.02271646 0.01558136 0.1340025 0.02283209 0.01940155 0.1340025 0.02293264 -0.01561838 0.1340025 0.02297687 -0.01937043 0.1340025 0.02307569 0.01565706 0.1340025 0.02318596 0.01930421 0.1340025 0.02328097 -0.01573425 0.1340025 0.02332234 -0.01924633 0.1340025 0.02341395 0.01579934 0.1340025 0.02351504 0.01914173 0.1340025 0.02360099 -0.01591408 0.1340025 0.02363795 -0.019059 0.1340025 0.02371925 0.01600319 0.1340025 0.02380746 0.01891994 0.1340025 0.02388113 -0.01615107 0.1340025 0.02391254 -0.01881545 0.1340025 0.02398043 0.01626098 0.1340025 0.02405267 0.01864671 0.1340025 0.02411139 -0.01643693 0.1340025 0.02413594 -0.01852434 0.1340025 0.02418816 0.01656353 0.1340025 0.02424168 0.01833212 0.1340025 0.02428346 -0.01676118 0.1340025 0.02430033 -0.01819616 0.1340025 0.02433478 0.01690006 0.1340025 0.02436769 0.01798743 0.1340025 0.02439093 -0.01711207 0.1340025 0.02439957 -0.01784276 0.1340025 0.02441513 0.01725816 0.1340025 0.02442628 0.01762503 0.1340025 0.02443015 -0.01747703 0.1341245 -0.02440518 0.01755297 0.1341245 -0.02440357 0.01752942 0.1341245 -0.02440273 -0.01760977 0.1341245 -0.02438914 -0.01724767 0.1341245 -0.02438473 -0.01772642 0.1341245 -0.02438086 0.01719135 0.1341245 -0.02438026 -0.01720935 0.1341245 -0.02436065 0.01791262 0.1341245 -0.02434754 -0.01796793 0.1341245 -0.02434295 0.01701396 0.1341245 -0.02431935 0.01803994 0.1341245 -0.02430737 -0.01689457 0.1341245 -0.02428847 0.01684093 0.1341245 -0.02425467 -0.01822775 0.1341245 -0.02424895 0.01825731 0.1341245 -0.02422738 -0.01671457 0.1341245 -0.02422559 -0.01830923 0.1341245 -0.02416014 -0.01656347 0.1341245 -0.02414166 0.01653558 0.1341245 -0.02413147 0.01651424 0.1341245 -0.02410817 0.01851272 0.1341245 -0.02407395 0.01857471 0.1341245 -0.02404117 -0.01862126 0.1341245 -0.02399426 -0.01867425 0.1341245 -0.02395749 -0.01627254 0.1341245 -0.02395296 -0.01626616 0.1341245 -0.02391546 0.01622325 0.1341245 -0.02384209 0.01885324 0.1341245 -0.02381676 0.01613289 0.1341245 -0.02380108 -0.01889264 0.1341245 -0.0237751 0.01890802 0.1341245 -0.02369314 -0.01601338 0.1341245 -0.02364838 0.01597845 0.1341245 -0.02361994 -0.01903212 0.1341245 -0.02356815 -0.01593118 0.1341245 -0.02356165 0.01908284 0.1341245 -0.02351397 -0.01911371 0.1341245 -0.02339994 0.01582568 0.1341245 -0.02339035 -0.01581436 0.1341245 -0.02334678 0.01919901 0.1341245 -0.02333968 0.01578855 0.1341245 -0.02324289 0.0192551 0.1341245 -0.0231902 -0.01927649 0.1341245 -0.02316749 -0.01928293 0.1341245 -0.02310615 -0.0156973 0.1341245 -0.02305525 -0.01567625 0.1341245 -0.02300059 0.01566046 0.1341245 -0.0229153 0.0156458 0.1341245 -0.02289718 0.01936411 0.1341245 -0.0228582 0.01936864 0.1341245 -0.02284139 -0.01937514 0.1341245 -0.02270019 -0.01560407 0.1341245 -0.02266156 -0.0193991 0.1341245 -0.0226435 0.01559895 0.1341245 -0.02259778 -0.01560306 0.1341245 -0.02253717 0.0194056 0.1341245 -0.0224803 -0.0194059 0.1341245 -0.02239918 0.01560378 0.1341245 -0.02234077 0.0193907 0.1341245 -0.02233779 -0.01560038 0.1341245 -0.02228116 0.01560604 0.1341245 -0.0221759 0.0193783 0.1341245 -0.02214342 -0.01937019 0.1341245 -0.02211987 -0.01936781 0.1341245 -0.02208191 -0.01564699 0.1341245 -0.02198117 -0.01566535 0.1341245 -0.0219267 0.01568168 0.1341245 -0.02189052 0.015697 0.1341245 -0.02183377 0.01928514 0.1341245 -0.0218262 0.01928305 0.1341245 -0.02177327 -0.01926213 0.1341245 -0.0216549 -0.0191996 0.1341245 -0.0216434 -0.01579666 0.1341245 -0.02159678 -0.01582586 0.1341245 -0.02159297 0.01582294 0.1341245 -0.02150088 0.01912331 0.1341245 -0.0214529 -0.01909285 0.1341245 -0.02142941 0.01593267 0.1341245 -0.02138137 0.01903325 0.1341245 -0.02133661 -0.01598948 0.1341245 -0.02129203 0.01602488 0.1341245 -0.02122551 -0.01891022 0.1341245 -0.02121162 0.01890504 0.1341245 -0.0211811 -0.01613467 0.1341245 -0.02117031 -0.01886594 0.1341245 -0.02107179 -0.01623684 0.1341245 -0.02104032 0.01627445 0.1341245 -0.02103471 0.01628005 0.1341245 -0.0210058 0.01867675 0.1341245 -0.02096903 0.0186358 0.1341245 -0.02093571 -0.01858961 0.1341245 -0.02089321 -0.01851421 0.1341245 -0.02085858 -0.01652985 0.1341245 -0.02085518 -0.01653707 0.1341245 -0.02083039 0.01657927 0.1341245 -0.02078163 0.01832562 0.1341245 -0.0207709 0.01671665 0.1341245 -0.02075773 -0.01827394 0.1341245 -0.02074629 0.01822966 0.1341245 -0.02070468 -0.01685804 0.1341245 -0.02068632 0.01691186 0.1341245 -0.02068018 -0.01804232 0.1341245 -0.02066409 -0.01701837 0.1341245 -0.0206564 0.01798552 0.1341245 -0.02064269 -0.01793032 0.1341245 -0.0206198 0.01721197 0.1341245 -0.02061569 -0.01720935 0.1341245 -0.02061432 0.01772886 0.1341245 -0.02060788 0.01726567 0.1341245 -0.02059769 0.01762795 0.1341245 -0.02059704 -0.01753187 0.1341245 -0.02059483 -0.01757115 0.1341245 0.02059429 0.01755732 0.1341245 0.02059721 0.01758074 0.1341245 0.02060008 -0.01734095 0.1341245 0.02060329 -0.01761674 0.1341245 0.02060431 -0.01770335 0.1341245 0.02061778 0.01719576 0.1341245 0.02063959 0.01791691 0.1341245 0.02064353 -0.01710045 0.1341245 0.02065157 0.01706624 0.1341245 0.02066439 -0.01698428 0.1341245 0.02067708 -0.01805835 0.1341245 0.02068769 0.01809185 0.1341245 0.0207042 -0.01812374 0.1341245 0.02070939 0.01684504 0.1341245 0.02075219 0.01826143 0.1341245 0.02079522 -0.01664626 0.1341245 0.02081573 -0.01839315 0.1341245 0.02081602 -0.01661294 0.1341245 0.0208351 0.01658195 0.1341245 0.02086561 0.01651817 0.1341245 0.02091652 0.01855772 0.1341245 0.0209279 0.01857835 0.1341245 0.02094161 -0.01858395 0.1341245 0.02098751 -0.01633918 0.1341245 0.02101528 -0.01869571 0.1341245 0.02108091 0.01622658 0.1341245 0.02112168 -0.01619493 0.1341245 0.02114462 0.01616793 0.1341245 0.02116048 0.01885634 0.1341245 0.02123451 -0.01607388 0.1341245 0.02126419 0.01894092 0.1341245 0.02126842 -0.01895505 0.1341245 0.02128779 -0.0189684 0.1341245 0.02134752 0.01598107 0.1341245 0.0214414 0.01908522 0.1341245 0.02152079 -0.01586484 0.1341245 0.02152717 -0.01586025 0.1341245 0.0215553 0.01585257 0.1341245 0.02156609 -0.0191617 0.1341245 0.02165567 0.01579046 0.1341245 0.02169817 0.01922333 0.1341245 0.02172827 -0.01924294 0.1341245 0.02176058 0.01925694 0.1341245 0.02185499 -0.01570576 0.1341245 0.02189749 -0.01930844 0.1341245 0.02199447 0.01566165 0.1341245 0.02200001 -0.01566886 0.1341245 0.02203321 0.01565486 0.1341245 0.02210646 0.01936501 0.1341245 0.02219247 0.01937472 0.1341245 0.02220618 -0.01561629 0.1341245 0.0222277 -0.01938432 0.1341245 0.02225071 -0.01938962 0.1341245 0.0223515 0.01559925 0.1341245 0.02246659 0.01940572 0.1341245 0.02251297 -0.01559799 0.1341245 0.02254837 0.01560264 0.1341245 0.02256798 -0.01559466 0.1341245 0.02261281 -0.01940262 0.1341245 0.0227102 0.0193867 0.1341245 0.02271378 0.01560556 0.1341245 0.02274507 -0.01938199 0.1341245 0.02282786 0.01937752 0.1341245 0.02292728 -0.01564204 0.1341245 0.02297085 -0.01934683 0.1341245 0.02302426 -0.01567435 0.1341245 0.02306067 0.0156787 0.1341245 0.02306836 0.01568025 0.1341245 0.02317738 0.0192815 0.1341245 0.02321255 0.01926404 0.1341245 0.02324527 -0.01924824 0.1341245 0.02327108 -0.01575654 0.1341245 0.02331197 -0.01922434 0.1341245 0.02340245 0.01582086 0.1341245 0.02349787 -0.01588398 0.1341245 0.02350229 0.01912105 0.1341245 0.02352684 0.01590389 0.1341245 0.02358704 -0.01593405 0.1341245 0.02362364 -0.01903945 0.1341245 0.02365928 0.01900196 0.1341245 0.02368837 -0.01898193 0.1341245 0.02370387 0.01602196 0.1341245 0.02379095 0.018902 0.1341245 0.02386367 -0.01616817 0.1341245 0.02389466 -0.01879882 0.1341245 0.02389824 -0.01621097 0.1341245 0.02392256 0.01623797 0.1341245 0.02396178 0.01627653 0.1341245 0.02402776 0.01863813 0.1341245 0.02403306 0.01863223 0.1341245 0.02404344 -0.01860505 0.1341245 0.02409106 -0.01645034 0.1341245 0.02411538 -0.01851135 0.1341245 0.02416688 0.01657545 0.1341245 0.02419078 -0.01663827 0.1341245 0.02420777 0.01666927 0.1341245 0.02421963 0.01832163 0.1341245 0.02426093 -0.01677048 0.1341245 0.02427107 0.01818102 0.1341245 0.02427756 -0.01818734 0.1341245 0.02428823 -0.01814943 0.1341245 0.02431166 0.01690763 0.1341245 0.02434414 0.01798123 0.1341245 0.02436703 -0.01711696 0.1341245 0.02436798 -0.01712477 0.1341245 0.02436858 0.01716142 0.1341245 0.02437555 -0.01783841 0.1341245 0.02439093 0.01726126 0.1341245 0.02439206 -0.01764214 0.1341245 0.02439314 0.01767784 0.1341245 0.02440196 0.01762342 0.1341245 0.02440577 -0.01747727 0.1344785 -0.04962682 7.99375e-5 0.1344785 -0.04961711 -1.49253e-4 0.1344785 -0.04961496 -2.0008e-4 0.1344785 -0.0495994 2.56232e-4 0.1344785 -0.04958373 3.56883e-4 0.1344785 -0.04954874 -4.72409e-4 0.1344785 -0.04951655 -5.41656e-4 0.1344785 -0.04948753 6.20114e-4 0.1344785 -0.04947435 6.41826e-4 0.1344785 -0.04943066 -7.26584e-4 0.1344785 -0.04934185 8.59515e-4 0.1344785 -0.04931032 -8.91197e-4 0.1344785 -0.04926526 -9.52836e-4 0.1344785 -0.04923832 9.72095e-4 0.1344785 -0.04915213 0.00106585 0.1344785 -0.04905885 -0.001142442 0.1344785 -0.04901546 -0.001168906 0.1344785 -0.04892593 0.001231253 0.1344785 -0.04881942 -0.001288175 0.1344785 -0.04867172 0.001349329 0.1344785 -0.04865193 -0.001349449 0.1344785 -0.04855626 -0.001384377 0.1344785 -0.04854798 0.00137943 0.1344785 -0.04839944 0.00141561 0.1344785 -0.04827928 -0.001427412 0.1344785 -0.04825383 -0.001426339 0.1344785 -0.04814487 0.001426339 0.1344785 -0.04811948 0.001427412 0.1344785 -0.04799926 -0.00141561 0.1344785 -0.04785078 -0.00137943 0.1344785 -0.04784244 0.001384377 0.1344785 -0.04774677 0.001349449 0.1344785 -0.04772698 -0.001349329 0.1344785 -0.04757928 0.001288175 0.1344785 -0.04747277 -0.001231253 0.1344785 -0.04738324 0.001168906 0.1344785 -0.04733985 0.001142442 0.1344785 -0.04724657 -0.00106585 0.1344785 -0.04716038 -9.72095e-4 0.1344785 -0.04713344 9.52836e-4 0.1344785 -0.04708838 8.91197e-4 0.1344785 -0.04705685 -8.59515e-4 0.1344785 -0.0469681 7.26584e-4 0.1344785 -0.04692435 -6.41826e-4 0.1344785 -0.04691118 -6.20114e-4 0.1344785 -0.04688215 5.41656e-4 0.1344785 -0.04684996 4.72409e-4 0.1344785 -0.04681497 -3.56883e-4 0.1344785 -0.0467993 -2.56232e-4 0.1344785 -0.04678374 2.0008e-4 0.1344785 -0.04678159 1.49253e-4 0.1344785 -0.04677188 -7.99375e-5 0.1344785 0.04677045 4.75984e-5 0.1344785 0.04678046 1.23294e-4 0.1344785 0.04678869 -2.3208e-4 0.1344785 0.04680174 -2.81226e-4 0.1344785 0.04680716 3.25447e-4 0.1344785 0.04686099 -5.02839e-4 0.1344785 0.04687285 5.185e-4 0.1344785 0.04689747 5.90789e-4 0.1344785 0.04693984 -6.62894e-4 0.1344785 0.04698485 -7.54274e-4 0.1344785 0.04703766 8.33428e-4 0.1344785 0.04707127 8.71657e-4 0.1344785 0.04715526 -9.76724e-4 0.1344785 0.04717439 -9.93494e-4 0.1344785 0.04722267 0.001044034 0.1344785 0.04736423 0.001152515 0.1344785 0.04736596 -0.001161634 0.1344785 0.04744505 0.001214504 0.1344785 0.04749828 -0.001238107 0.1344785 0.04760855 -0.001301884 0.1344785 0.04769653 0.001338303 0.1344785 0.04772102 0.001344859 0.1344785 0.04787385 -0.001392126 0.1344785 0.04796725 0.001410663 0.1344785 0.04811984 0.001420617 0.1344785 0.04815173 -0.001428842 0.1344785 0.04824697 0.001428842 0.1344785 0.04827886 -0.001420617 0.1344785 0.04843145 -0.001410663 0.1344785 0.04852485 0.001392126 0.1344785 0.04867762 -0.001344859 0.1344785 0.04870212 -0.001338303 0.1344785 0.04879015 0.001301884 0.1344785 0.04890042 0.001238107 0.1344785 0.04895365 -0.001214504 0.1344785 0.04903274 0.001161634 0.1344785 0.04903441 -0.001152515 0.1344785 0.04917603 -0.001044034 0.1344785 0.04922431 9.93494e-4 0.1344785 0.04924345 9.76724e-4 0.1344785 0.04932743 -8.71657e-4 0.1344785 0.04936105 -8.33428e-4 0.1344785 0.04941385 7.54274e-4 0.1344785 0.04945886 6.62894e-4 0.1344785 0.04950124 -5.90789e-4 0.1344785 0.04952585 -5.185e-4 0.1344785 0.04953771 5.02839e-4 0.1344785 0.04959154 -3.25447e-4 0.1344785 0.0495969 2.81226e-4 0.1344785 0.04961001 2.3208e-4 0.1344785 0.04961824 -1.23294e-4 0.1344785 0.04962825 -4.75984e-5 0.1345704 -0.04964506 8.09589e-5 0.1345704 -0.04963302 -2.02637e-4 0.1345704 -0.04960143 3.61443e-4 0.1345704 -0.04956591 -4.78446e-4 0.1345704 -0.04950404 6.28038e-4 0.1345704 -0.04944634 -7.35867e-4 0.1345704 -0.04935646 8.70498e-4 0.1345704 -0.04927885 -9.65012e-4 0.1345704 -0.04916435 0.001079499 0.1345704 -0.04906982 -0.001157045 0.1345704 -0.04893523 0.001246988 0.1345704 -0.04882735 -0.001304626 0.1345704 -0.04867786 0.001366615 0.1345704 -0.04856073 -0.00140208 0.1345704 -0.04840195 0.00143367 0.1345704 -0.04828035 -0.001445651 0.1345704 -0.04811835 0.001445651 0.1345704 -0.04799675 -0.00143367 0.1345704 -0.04783797 0.00140208 0.1345704 -0.04772084 -0.001366615 0.1345704 -0.04757136 0.001304626 0.1345704 -0.04746347 -0.001246988 0.1345704 -0.04732888 0.001157045 0.1345704 -0.04723435 -0.001079499 0.1345704 -0.04711985 9.65012e-4 0.1345704 -0.04704225 -8.70498e-4 0.1345704 -0.04695236 7.35867e-4 0.1345704 -0.04689466 -6.28038e-4 0.1345704 -0.04683279 4.78446e-4 0.1345704 -0.04679727 -3.61443e-4 0.1345704 -0.04676568 2.02637e-4 0.1345704 -0.0467537 -8.09589e-5 0.1345704 0.04675215 4.82066e-5 0.1345704 0.04677057 -2.35045e-4 0.1345704 0.04678934 3.29606e-4 0.1345704 0.04684388 -5.09264e-4 0.1345704 0.04688078 5.98338e-4 0.1345704 0.04696929 -7.63913e-4 0.1345704 0.04702287 8.44077e-4 0.1345704 0.04714196 -9.89204e-4 0.1345704 0.04721015 0.001057326 0.1345704 0.04735523 -0.001176476 0.1345704 0.04743546 0.001230001 0.1345704 0.04760104 -0.001318514 0.1345704 0.04769003 0.001355409 0.1345704 0.04786974 -0.001409888 0.1345704 0.04796433 0.001428723 0.1345704 0.04815113 -0.001447141 0.1345704 0.04824757 0.001447141 0.1345704 0.04843437 -0.001428723 0.1345704 0.04852896 0.001409888 0.1345704 0.04870861 -0.001355409 0.1345704 0.04879766 0.001318514 0.1345704 0.04896324 -0.001230001 0.1345704 0.04904341 0.001176476 0.1345704 0.04918855 -0.001057326 0.1345704 0.04925674 9.89204e-4 0.1345704 0.04937583 -8.44077e-4 0.1345704 0.04942941 7.63913e-4 0.1345704 0.04951792 -5.98338e-4 0.1345704 0.04955482 5.09264e-4 0.1345704 0.04960936 -3.29606e-4 0.1345704 0.04962813 2.35045e-4 0.1345704 0.04964655 -4.82066e-5 0.1346484 -0.04969704 8.38678e-5 0.1346484 -0.04969114 1.21688e-4 0.1346484 -0.04968452 -2.09917e-4 0.1346484 -0.04966646 -2.84368e-4 0.1346484 -0.04965186 3.7443e-4 0.1346484 -0.04961502 -4.95636e-4 0.1346484 -0.04959917 5.1853e-4 0.1346484 -0.04955095 6.50604e-4 0.1346484 -0.04953426 -6.69611e-4 0.1346484 -0.04949116 -7.62307e-4 0.1346484 -0.04941123 8.79987e-4 0.1346484 -0.04939806 9.01774e-4 0.1346484 -0.04931765 -9.99684e-4 0.1346484 -0.04930824 -0.001008272 0.1346484 -0.04919904 0.001118242 0.1346484 -0.04912686 0.001171052 0.1346484 -0.04910117 -0.001198589 0.1346484 -0.04899191 -0.001265048 0.1346484 -0.04896163 0.001291811 0.1346484 -0.04884994 -0.001351535 0.1346484 -0.04877603 0.001377999 0.1346484 -0.04869496 0.001415729 0.1346484 -0.04862177 -0.001434922 0.1346484 -0.04857373 -0.001452445 0.1346484 -0.04840928 0.001485168 0.1346484 -0.04838377 0.001486241 0.1346484 -0.04828327 -0.001497626 0.1346484 -0.04821944 -0.001494884 0.1346484 -0.04811543 0.001497626 0.1346484 -0.04798948 -0.001485168 0.1346484 -0.04797655 0.001476049 0.1346484 -0.04782497 0.001452445 0.1346484 -0.04781544 -0.001442909 0.1346484 -0.04770374 -0.001415729 0.1346484 -0.04758465 0.001364648 0.1346484 -0.04754877 0.001351535 0.1346484 -0.04743707 -0.001291811 0.1346484 -0.04729759 0.001198589 0.1346484 -0.04724115 0.001146793 0.1346484 -0.04719966 -0.001118242 0.1346484 -0.04712188 -0.001033604 0.1346484 -0.04708105 9.99684e-4 0.1346484 -0.04700064 -9.01774e-4 0.1346484 -0.04696786 8.4482e-4 0.1346484 -0.04690748 7.62307e-4 0.1346484 -0.04688096 -7.05128e-4 0.1346484 -0.04684776 -6.50604e-4 0.1346484 -0.04678368 4.95636e-4 0.1346484 -0.04678058 4.83249e-4 0.1346484 -0.04674685 -3.7443e-4 0.1346484 -0.0467391 -3.23985e-4 0.1346484 -0.04671418 2.09917e-4 0.1346484 -0.04670876 8.22151e-5 0.1346484 -0.04670166 -8.38678e-5 0.1346484 0.04670017 4.99387e-5 0.1346484 0.04670107 3.72166e-5 0.1346484 0.04671925 -2.43491e-4 0.1346484 0.04673874 3.41449e-4 0.1346484 0.04675227 -3.6697e-4 0.1346484 0.04677164 4.38217e-4 0.1346484 0.04679518 -5.27562e-4 0.1346484 0.04683345 6.19837e-4 0.1346484 0.04690253 -7.45561e-4 0.1346484 0.04692506 -7.9136e-4 0.1346484 0.04694229 8.08072e-4 0.1346484 0.04698055 8.74405e-4 0.1346484 0.04710394 -0.001024723 0.1346484 0.04715198 -0.001066863 0.1346484 0.04717457 0.001095354 0.1346484 0.04720497 0.0011186 0.1346484 0.04732495 -0.001218736 0.1346484 0.04740798 0.001274228 0.1346484 0.04747998 -0.001308321 0.1346484 0.04754567 0.001341998 0.1346484 0.04757958 -0.0013659 0.1346484 0.04767173 0.001404106 0.1346484 0.04785788 -0.001460552 0.1346484 0.04793125 0.001473486 0.1346484 0.04795587 0.001480042 0.1346484 0.04814946 -0.001499116 0.1346484 0.04824924 0.001499116 0.1346484 0.04826414 -0.001491665 0.1346484 0.04833793 0.001487374 0.1346484 0.04844284 -0.001480042 0.1346484 0.04854083 0.001460552 0.1346484 0.04866522 -0.001420617 0.1346484 0.04872691 -0.001404106 0.1346484 0.04873454 0.001394689 0.1346484 0.04881912 0.0013659 0.1346484 0.04899072 -0.001274228 0.1346484 0.04903125 -0.001243174 0.1346484 0.04907375 0.001218736 0.1346484 0.04909294 0.001201868 0.1346484 0.04922413 -0.001095354 0.1346484 0.04929471 0.001024723 0.1346484 0.04933375 -9.70454e-4 0.1346484 0.04938024 9.13135e-4 0.1346484 0.04941815 -8.74405e-4 0.1346484 0.04947364 7.9136e-4 0.1346484 0.04955893 -6.30874e-4 0.1346484 0.04956525 -6.19837e-4 0.1346484 0.04958665 5.619e-4 0.1346484 0.04960352 5.27562e-4 0.1346484 0.0496599 -3.41449e-4 0.1346484 0.04967331 -2.40119e-4 0.1346484 0.04967945 2.43491e-4 0.1346484 0.0496844 1.67031e-4 0.1346484 0.04969853 -4.99387e-5 0.1350724 -0.02440518 0.01755297 0.1350724 -0.02440357 0.01752942 0.1350724 -0.02440273 -0.01760977 0.1350724 -0.02438914 -0.01724767 0.1350724 -0.02438473 -0.01772642 0.1350724 -0.02438086 0.01719135 0.1350724 -0.02438026 -0.01720935 0.1350724 -0.02436065 0.01791262 0.1350724 -0.02434754 -0.01796793 0.1350724 -0.02433466 0.01701617 0.1350724 -0.02431935 0.01803994 0.1350724 -0.02430737 -0.01689457 0.1350724 -0.02428847 0.01684093 0.1350724 -0.02425467 -0.01822775 0.1350724 -0.02424895 0.01825731 0.1350724 -0.02422738 -0.01671457 0.1350724 -0.02422559 -0.01830923 0.1350724 -0.02416014 -0.01656347 0.1350724 -0.02414166 0.01653558 0.1350724 -0.02413147 0.01651424 0.1350724 -0.02410817 0.01851272 0.1350724 -0.02407395 0.01857471 0.1350724 -0.02404117 -0.01862126 0.1350724 -0.02399426 -0.01867425 0.1350724 -0.02395749 -0.01627254 0.1350724 -0.02395296 -0.01626616 0.1350724 -0.02391546 0.01622325 0.1350724 -0.02384209 0.01885324 0.1350724 -0.02381676 0.01613289 0.1350724 -0.02380108 -0.01889264 0.1350724 -0.0237751 0.01890802 0.1350724 -0.02369314 -0.01601338 0.1350724 -0.02364838 0.01597845 0.1350724 -0.02361994 -0.01903212 0.1350724 -0.02356815 -0.01593118 0.1350724 -0.02356165 0.01908284 0.1350724 -0.02351397 -0.01911371 0.1350724 -0.02339994 0.01582568 0.1350724 -0.02339035 -0.01581436 0.1350724 -0.02334678 0.01919901 0.1350724 -0.02333968 0.01578855 0.1350724 -0.02324289 0.0192551 0.1350724 -0.0231902 -0.01927649 0.1350724 -0.02316749 -0.01928293 0.1350724 -0.02310615 -0.0156973 0.1350724 -0.02305525 -0.01567625 0.1350724 -0.02300059 0.01566046 0.1350724 -0.0229153 0.0156458 0.1350724 -0.02289718 0.01936411 0.1350724 -0.0228582 0.01936864 0.1350724 -0.02284139 -0.01937514 0.1350724 -0.02270019 -0.01560407 0.1350724 -0.02266091 -0.01939052 0.1350724 -0.0226435 0.01559895 0.1350724 -0.02259778 -0.01560306 0.1350724 -0.02253717 0.0194056 0.1350724 -0.0224803 -0.0194059 0.1350724 -0.02239918 0.01560378 0.1350724 -0.02234077 0.0193907 0.1350724 -0.02233779 -0.01560038 0.1350724 -0.02228116 0.01560604 0.1350724 -0.0221759 0.0193783 0.1350724 -0.02214342 -0.01937019 0.1350724 -0.02211987 -0.01936781 0.1350724 -0.02208191 -0.01564699 0.1350724 -0.02198117 -0.01566535 0.1350724 -0.0219267 0.01568168 0.1350724 -0.02189052 0.015697 0.1350724 -0.02183377 0.01928514 0.1350724 -0.0218262 0.01928305 0.1350724 -0.02177327 -0.01926213 0.1350724 -0.0216549 -0.0191996 0.1350724 -0.0216434 -0.01579666 0.1350724 -0.02159678 -0.01582586 0.1350724 -0.02159297 0.01582294 0.1350724 -0.02150088 0.01912331 0.1350724 -0.0214529 -0.01909285 0.1350724 -0.02142941 0.01593267 0.1350724 -0.02138137 0.01903325 0.1350724 -0.02133661 -0.01598948 0.1350724 -0.02129203 0.01602488 0.1350724 -0.02122551 -0.01891022 0.1350724 -0.02121162 0.01890504 0.1350724 -0.0211811 -0.01613467 0.1350724 -0.02117031 -0.01886594 0.1350724 -0.02107179 -0.01623684 0.1350724 -0.02104032 0.01627445 0.1350724 -0.02103471 0.01628005 0.1350724 -0.0210058 0.01867675 0.1350724 -0.02096903 0.0186358 0.1350724 -0.02093571 -0.01858961 0.1350724 -0.02089321 -0.01851421 0.1350724 -0.02085858 -0.01652985 0.1350724 -0.02085518 -0.01653707 0.1350724 -0.02083039 0.01657927 0.1350724 -0.02078163 0.01832562 0.1350724 -0.0207709 0.01671665 0.1350724 -0.02075773 -0.01827394 0.1350724 -0.02074629 0.01822966 0.1350724 -0.02070468 -0.01685804 0.1350724 -0.02068632 0.01691186 0.1350724 -0.02068018 -0.01804232 0.1350724 -0.02066409 -0.01701837 0.1350724 -0.0206564 0.01798552 0.1350724 -0.02064269 -0.01793032 0.1350724 -0.0206198 0.01721197 0.1350724 -0.02061569 -0.01720935 0.1350724 -0.02061432 0.01772886 0.1350724 -0.02060788 0.01726567 0.1350724 -0.02059769 0.01762795 0.1350724 -0.02059704 -0.01753187 0.1350724 -0.02059483 -0.01757115 0.1350724 0.02059429 0.01755732 0.1350724 0.02059721 0.01758074 0.1350724 0.02060008 -0.01734095 0.1350724 0.02060329 -0.01761674 0.1350724 0.02060431 -0.01770335 0.1350724 0.02061778 0.01719576 0.1350724 0.02063959 0.01791691 0.1350724 0.02064353 -0.01710045 0.1350724 0.02065157 0.01706624 0.1350724 0.02066439 -0.01698428 0.1350724 0.02067708 -0.01805835 0.1350724 0.02069592 0.01808911 0.1350724 0.0207042 -0.01812374 0.1350724 0.02070939 0.01684504 0.1350724 0.02075219 0.01826143 0.1350724 0.02079522 -0.01664626 0.1350724 0.02081573 -0.01839315 0.1350724 0.02081602 -0.01661294 0.1350724 0.0208351 0.01658195 0.1350724 0.02086561 0.01651817 0.1350724 0.02091652 0.01855772 0.1350724 0.0209279 0.01857835 0.1350724 0.02094161 -0.01858395 0.1350724 0.02098751 -0.01633918 0.1350724 0.02101528 -0.01869571 0.1350724 0.02108091 0.01622658 0.1350724 0.02112168 -0.01619493 0.1350724 0.02114462 0.01616793 0.1350724 0.02116048 0.01885634 0.1350724 0.02123451 -0.01607388 0.1350724 0.02126419 0.01894092 0.1350724 0.02126842 -0.01895505 0.1350724 0.02128779 -0.0189684 0.1350724 0.02134752 0.01598107 0.1350724 0.0214414 0.01908522 0.1350724 0.02152079 -0.01586484 0.1350724 0.02152717 -0.01586025 0.1350724 0.0215553 0.01585257 0.1350724 0.02156609 -0.0191617 0.1350724 0.02165567 0.01579046 0.1350724 0.02169817 0.01922333 0.1350724 0.02173179 -0.01923501 0.1350724 0.02176058 0.01925694 0.1350724 0.02185499 -0.01570576 0.1350724 0.02189749 -0.01930844 0.1350724 0.02199447 0.01566165 0.1350724 0.02200001 -0.01566886 0.1350724 0.02203321 0.01565486 0.1350724 0.02210646 0.01936501 0.1350724 0.02219247 0.01937472 0.1350724 0.02220618 -0.01561629 0.1350724 0.0222277 -0.01938432 0.1350724 0.02225071 -0.01938962 0.1350724 0.0223515 0.01559925 0.1350724 0.02246659 0.01940572 0.1350724 0.02251297 -0.01559799 0.1350724 0.02254837 0.01560264 0.1350724 0.02256798 -0.01559466 0.1350724 0.02261281 -0.01940262 0.1350724 0.0227102 0.0193867 0.1350724 0.02271378 0.01560556 0.1350724 0.02274507 -0.01938199 0.1350724 0.02282786 0.01937752 0.1350724 0.02292728 -0.01564204 0.1350724 0.02297085 -0.01934683 0.1350724 0.02302426 -0.01567435 0.1350724 0.02306067 0.0156787 0.1350724 0.02306836 0.01568025 0.1350724 0.02317738 0.0192815 0.1350724 0.02321255 0.01926404 0.1350724 0.02324527 -0.01924824 0.1350724 0.02327108 -0.01575654 0.1350724 0.02331197 -0.01922434 0.1350724 0.02340245 0.01582086 0.1350724 0.02349787 -0.01588398 0.1350724 0.02350229 0.01912105 0.1350724 0.02352684 0.01590389 0.1350724 0.02358704 -0.01593405 0.1350724 0.02362364 -0.01903945 0.1350724 0.02365928 0.01900196 0.1350724 0.02368837 -0.01898193 0.1350724 0.02370387 0.01602196 0.1350724 0.02379095 0.018902 0.1350724 0.02386367 -0.01616817 0.1350724 0.02389466 -0.01879882 0.1350724 0.02389824 -0.01621097 0.1350724 0.02392256 0.01623797 0.1350724 0.02396178 0.01627653 0.1350724 0.02402776 0.01863813 0.1350724 0.02403306 0.01863223 0.1350724 0.02404344 -0.01860505 0.1350724 0.02409106 -0.01645034 0.1350724 0.02411538 -0.01851135 0.1350724 0.02416688 0.01657545 0.1350724 0.02419078 -0.01663827 0.1350724 0.02420777 0.01666927 0.1350724 0.02421963 0.01832163 0.1350724 0.02426093 -0.01677048 0.1350724 0.02427107 0.01818102 0.1350724 0.02427756 -0.01818734 0.1350724 0.02428823 -0.01814943 0.1350724 0.02431166 0.01690763 0.1350724 0.02434414 0.01798123 0.1350724 0.02436703 -0.01711696 0.1350724 0.02436798 -0.01712477 0.1350724 0.02436858 0.01716142 0.1350724 0.02437555 -0.01783841 0.1350724 0.02439093 0.01726126 0.1350724 0.02439206 -0.01764214 0.1350724 0.02439314 0.01767784 0.1350724 0.02440196 0.01762342 0.1350724 0.02440577 -0.01747727 0.1351944 -0.02442955 0.01755362 0.1351944 -0.02442705 -0.01761114 0.1351944 -0.02441334 -0.01724445 0.1351944 -0.02440488 0.01718747 0.1351944 -0.02438443 0.01791787 0.1351944 -0.02437114 -0.01797395 0.1351944 -0.02433043 -0.01688683 0.1351944 -0.02431136 0.01683253 0.1351944 -0.02427124 0.01826703 0.1351944 -0.02424758 -0.01831954 0.1351944 -0.02418136 -0.01655143 0.1351944 -0.02415227 0.01650178 0.1351944 -0.02409404 0.01858842 0.1351944 -0.02406084 -0.01863551 0.1351944 -0.02397149 -0.01625037 0.1351944 -0.02393358 0.01620697 0.1351944 -0.02385914 0.01887053 0.1351944 -0.02381765 -0.0189104 0.1351944 -0.02370846 -0.01599436 0.1351944 -0.02366298 0.01595896 0.1351944 -0.0235753 0.01910305 0.1351944 -0.02352684 -0.0191344 0.1351944 -0.02340167 -0.01579284 0.1351944 -0.02335035 0.01576668 0.1351944 -0.02325236 0.01927763 0.1351944 -0.02319896 -0.0192992 0.1351944 -0.0230624 -0.01565295 0.1351944 -0.02300697 0.01563698 0.1351944 -0.0229023 0.0193879 0.1351944 -0.0228458 -0.0193991 0.1351944 -0.02270269 -0.01557987 0.1351944 -0.02264529 0.01557469 0.1351944 -0.0225377 0.01943004 0.1351944 -0.02248007 -0.01943022 0.1351944 -0.0223357 -0.01557606 0.1351944 -0.02227836 0.01558184 0.1351944 -0.02217167 0.01940232 0.1351944 -0.02211511 -0.01939165 0.1351944 -0.02197462 -0.01564186 0.1351944 -0.02191936 0.01565837 0.1351944 -0.02181762 0.01930582 0.1351944 -0.02176398 -0.01928472 0.1351944 -0.02163249 -0.01577484 0.1351944 -0.02158141 0.01580148 0.1351944 -0.02148813 0.01914411 0.1351944 -0.02143949 -0.01911324 0.1351944 -0.02132171 -0.01597017 0.1351944 -0.02127659 0.01600599 0.1351944 -0.02119523 0.01892292 0.1351944 -0.02115333 -0.0188834 0.1351944 -0.02105349 -0.01622074 0.1351944 -0.021016 0.01626443 0.1351944 -0.02094942 0.01865035 0.1351944 -0.0209158 -0.01860356 0.1351944 -0.0208376 -0.01651757 0.1351944 -0.02080899 0.01656758 0.1351944 -0.0207597 0.01833611 0.1351944 -0.0207355 -0.01828384 0.1351944 -0.02068179 -0.01684987 0.1351944 -0.0206632 0.01690435 0.1351944 -0.0206328 0.01799172 0.1351944 -0.02061903 -0.01793587 0.1351944 -0.02059161 -0.01720553 0.1351944 -0.02058368 0.01726263 0.1351944 -0.02057343 0.01762956 0.1351944 -0.02057039 -0.01757204 0.1351944 0.02056992 0.01755815 0.1351944 0.02057582 -0.01733887 0.1351944 0.02058011 -0.01770597 0.1351944 0.02059382 0.01719182 0.1351944 0.02061593 0.01792222 0.1351944 0.02064102 -0.01697766 0.1351944 0.02065378 -0.01806545 0.1351944 0.0206865 0.01683676 0.1351944 0.02072989 0.01827114 0.1351944 0.02077341 -0.01663535 0.1351944 0.02079421 -0.01840454 0.1351944 0.02084469 0.01650553 0.1351944 0.02090787 0.01859211 0.1351944 0.02096819 -0.01632428 0.1351944 0.02099627 -0.01871091 0.1351944 0.02106279 0.01621037 0.1351944 0.02114337 0.01887363 0.1351944 0.02121829 -0.01605564 0.1351944 0.02125269 -0.01897364 0.1351944 0.0213328 0.01596164 0.1351944 0.02142786 0.01910555 0.1351944 0.02151477 -0.01583927 0.1351944 0.02155417 -0.01918292 0.1351944 0.02164489 0.01576864 0.1351944 0.02175116 0.0192793 0.1351944 0.02184677 -0.01568287 0.1351944 0.0218898 -0.01933151 0.1351944 0.02198797 0.01563817 0.1351944 0.02210146 0.01938885 0.1351944 0.02220237 -0.01559215 0.1351944 0.02224749 -0.01941382 0.1351944 0.02234959 0.01557499 0.1351944 0.02246618 0.01943004 0.1351944 0.02256876 -0.0155704 0.1351944 0.0226143 -0.01942694 0.1351944 0.02271646 0.01558136 0.1351944 0.02283209 0.01940155 0.1351944 0.02293264 -0.01561838 0.1351944 0.02297687 -0.01937043 0.1351944 0.02307569 0.01565706 0.1351944 0.02318596 0.01930421 0.1351944 0.02328097 -0.01573425 0.1351944 0.02332234 -0.01924633 0.1351944 0.02341395 0.01579934 0.1351944 0.02351504 0.01914173 0.1351944 0.02360099 -0.01591408 0.1351944 0.02363795 -0.019059 0.1351944 0.02371925 0.01600319 0.1351944 0.02380746 0.01891994 0.1351944 0.02388113 -0.01615107 0.1351944 0.02391254 -0.01881545 0.1351944 0.02398043 0.01626098 0.1351944 0.02405267 0.01864671 0.1351944 0.02411139 -0.01643693 0.1351944 0.02413594 -0.01852434 0.1351944 0.02418816 0.01656353 0.1351944 0.02424168 0.01833212 0.1351944 0.02428346 -0.01676118 0.1351944 0.02430033 -0.01819616 0.1351944 0.02433478 0.01690006 0.1351944 0.02436769 0.01798743 0.1351944 0.02439093 -0.01711207 0.1351944 0.02439957 -0.01784276 0.1351944 0.02441513 0.01725816 0.1351944 0.02442628 0.01762503 0.1351944 0.02443015 -0.01747703 0.1352984 -0.02449887 0.01755553 0.1352984 -0.02449637 -0.01761513 0.1352984 -0.02449256 -0.01751476 0.1352984 -0.02448534 0.01735472 0.1352984 -0.02448207 -0.01723527 0.1352984 -0.02447825 0.01772207 0.1352984 -0.02447336 0.01717627 0.1352984 -0.02446186 -0.01714813 0.1352984 -0.02445548 -0.01788055 0.1352984 -0.02445214 0.01793295 0.1352984 -0.02443838 -0.01799094 0.1352984 -0.02442485 0.01699233 0.1352984 -0.02440398 0.01808172 0.1352984 -0.02439618 -0.01686483 0.1352984 -0.02437645 0.01680856 0.1352984 -0.02436447 -0.01679348 0.1352984 -0.02435177 -0.01823323 0.1352984 -0.02433496 0.01829463 0.1352984 -0.02431035 -0.01834905 0.1352984 -0.02429884 0.01664727 0.1352984 -0.02426475 0.01842182 0.1352984 -0.02424174 -0.01651734 0.1352984 -0.02421164 0.01646584 0.1352984 -0.02420347 -0.01646244 0.1352984 -0.02418518 -0.01856082 0.1352984 -0.02415138 0.01862752 0.1352984 -0.02411699 -0.01867634 0.1352984 -0.02411174 0.01633119 0.1352984 -0.02406555 0.01873064 0.1352984 -0.02402436 -0.01620548 0.1352984 -0.02398508 0.01616054 0.1352984 -0.02398437 -0.01616656 0.1352984 -0.02396136 -0.01885235 0.1352984 -0.02390807 0.0189197 0.1352984 -0.02386969 0.01605474 0.1352984 -0.02386504 -0.01896113 0.1352984 -0.02381294 0.0189976 0.1352984 -0.02375185 -0.01594024 0.1352984 -0.0237146 -0.01591575 0.1352984 -0.02370476 0.01590365 0.1352984 -0.02368777 -0.01909762 0.1352984 -0.02361387 0.01916062 0.1352984 -0.02358108 0.01582747 0.1352984 -0.0235638 -0.01919311 0.1352984 -0.02351558 0.01921373 0.1352984 -0.02343416 -0.01573145 0.1352984 -0.02340316 -0.01571875 0.1352984 -0.02338099 0.01570439 0.1352984 -0.02337396 -0.01928859 0.1352984 -0.02327936 0.0193414 0.1352984 -0.02325546 0.01565694 0.1352984 -0.02322405 -0.01936393 0.1352984 -0.02318346 0.01937174 0.1352984 -0.02308255 -0.01558655 0.1352984 -0.02306079 -0.0155822 0.1352984 -0.0230304 -0.01941859 0.1352984 -0.02302527 0.01557004 0.1352984 -0.02291679 0.01945573 0.1352984 -0.02290409 0.01554918 0.1352984 -0.0228582 -0.01946735 0.1352984 -0.02282798 0.01946604 0.1352984 -0.02270996 -0.01551085 0.1352984 -0.02269887 -0.01551079 0.1352984 -0.02266877 -0.01948344 0.1352984 -0.02265059 0.01550549 0.1352984 -0.02253907 0.0194993 0.1352984 -0.0225389 0.01550769 0.1352984 -0.02247941 -0.01949959 0.1352984 -0.02246111 0.0194934 0.1352984 -0.0223298 -0.01550698 0.1352984 -0.02230149 -0.01948082 0.1352984 -0.02227038 0.015513 0.1352984 -0.02217149 0.01553159 0.1352984 -0.02215987 0.01947063 0.1352984 -0.02210128 -0.0194596 0.1352984 -0.02209532 0.01945304 0.1352984 -0.02199 0.01556575 0.1352984 -0.02196669 -0.0155732 0.1352984 -0.02195578 -0.01557517 0.1352984 -0.02194076 -0.01941072 0.1352984 -0.02189862 0.01559227 0.1352984 -0.02181631 0.01562708 0.1352984 -0.02179312 0.01937073 0.1352984 -0.02174299 0.01934611 0.1352984 -0.02173757 -0.0193488 0.1352984 -0.02162212 -0.01570475 0.1352984 -0.02160131 -0.01571285 0.1352984 -0.02159917 -0.01927572 0.1352984 -0.02154839 0.01574045 0.1352984 -0.02148348 0.01578408 0.1352984 -0.02145183 0.01920324 0.1352984 -0.02141612 0.0191763 0.1352984 -0.0214014 -0.01917111 0.1352984 -0.02130782 -0.01589739 0.1352984 -0.02128809 -0.01908022 0.1352984 -0.02127939 -0.01591515 0.1352984 -0.02123272 0.01595228 0.1352984 -0.0211851 0.01599949 0.1352984 -0.02114832 0.01897412 0.1352984 -0.02112591 0.01894921 0.1352984 -0.02110493 -0.01893311 0.1352984 -0.02103418 -0.01614427 0.1352984 -0.02101808 -0.01883083 0.1352984 -0.02100163 -0.01617479 0.1352984 -0.02096271 0.01622009 0.1352984 -0.02093118 0.01626616 0.1352984 -0.02089369 0.01869171 0.1352984 -0.02088218 0.01867264 0.1352984 -0.02085882 -0.01864326 0.1352984 -0.02081072 -0.01643705 0.1352984 -0.0207985 -0.01853615 0.1352984 -0.02077794 -0.01648229 0.1352984 -0.02074831 0.01653409 0.1352984 -0.02073061 0.01657503 0.1352984 -0.02069711 0.01836621 0.1352984 -0.0206933 0.01835572 0.1352984 -0.02067214 -0.01831203 0.1352984 -0.0206449 -0.01676583 0.1352984 -0.02063661 -0.01820611 0.1352984 -0.02061641 -0.01682645 0.1352984 -0.02059721 0.01688295 0.1352984 -0.02058988 0.01691567 0.1352984 -0.02056568 0.01800942 0.1352984 -0.02055144 -0.01795154 0.1352984 -0.0205422 -0.01711922 0.1352984 -0.0205357 -0.01785206 0.1352984 -0.02052301 -0.01719504 0.1352984 -0.02051478 0.01725417 0.1352984 -0.02051419 0.01727646 0.1352984 -0.02050691 -0.01766967 0.1352984 -0.02050632 -0.01748543 0.1352984 -0.02050602 0.01764523 0.1352984 -0.02050423 0.01763427 0.1352984 -0.02050113 -0.01757466 0.1352984 0.0205006 0.01756024 0.1352984 0.02050673 -0.01733314 0.1352984 0.02050971 -0.01759034 0.1352984 0.02051109 -0.01771336 0.1352984 0.0205115 0.01739287 0.1352984 0.02052533 0.01718086 0.1352984 0.02052581 0.01775991 0.1352984 0.02052652 -0.01722317 0.1352984 0.02054822 0.01793742 0.1352984 0.02056062 -0.01795434 0.1352984 0.02056479 0.01702934 0.1352984 0.02057421 -0.01695895 0.1352984 0.0205875 -0.01808571 0.1352984 0.02060723 0.01811814 0.1352984 0.02061051 -0.01686513 0.1352984 0.02062129 0.01681298 0.1352984 0.0206663 0.01829886 0.1352984 0.02067738 -0.01830285 0.1352984 0.020684 0.01668179 0.1352984 0.02071142 -0.01660436 0.1352984 0.02073299 -0.01843702 0.1352984 0.02075302 0.01845532 0.1352984 0.0207588 -0.01652854 0.1352984 0.02078533 0.01646983 0.1352984 0.02085071 0.01863145 0.1352984 0.02085608 -0.01862382 0.1352984 0.0208649 0.01636195 0.1352984 0.02091312 -0.01628208 0.1352984 0.02094233 -0.01875454 0.1352984 0.0209583 0.01876002 0.1352984 0.02096641 -0.01622486 0.1352984 0.02101117 0.01616394 0.1352984 0.02109068 -0.01890653 0.1352984 0.02109462 0.01892304 0.1352984 0.02110159 0.01608079 0.1352984 0.02117228 -0.01600378 0.1352984 0.02120786 -0.01902651 0.1352984 0.02121597 0.01902192 0.1352984 0.0212264 -0.01596426 0.1352984 0.02129089 0.01590645 0.1352984 0.02137321 -0.01914143 0.1352984 0.0213859 0.01584768 0.1352984 0.02138942 0.01916325 0.1352984 0.02147936 -0.01577967 0.1352984 0.02151739 0.01923203 0.1352984 0.02152019 -0.01924341 0.1352984 0.02152991 -0.01575589 0.1352984 0.02161419 0.01570647 0.1352984 0.021694 -0.0193203 0.1352984 0.02170747 0.01566845 0.1352984 0.02172428 0.01934331 0.1352984 0.02182328 -0.01561754 0.1352984 0.02185231 0.01938331 0.1352984 0.02186661 -0.01560658 0.1352984 0.02186787 -0.01939731 0.1352984 0.02187848 0.01559865 0.1352984 0.02196961 0.01557129 0.1352984 0.02204221 -0.01943743 0.1352984 0.02205759 0.01555585 0.1352984 0.02208721 0.01945674 0.1352984 0.02219176 -0.01552355 0.1352984 0.02220928 0.01947051 0.1352984 0.0222252 -0.01552164 0.1352984 0.02223837 -0.01948261 0.1352984 0.02234417 0.01550585 0.1352984 0.02240598 -0.01948863 0.1352984 0.02242231 0.01550716 0.1352984 0.02246499 0.01949942 0.1352984 0.02257126 -0.01550108 0.1352984 0.02257639 0.01949071 0.1352984 0.02259337 -0.015504 0.1352984 0.02261835 -0.0194962 0.1352984 0.02272427 0.01551246 0.1352984 0.02277296 -0.01947212 0.1352984 0.02278989 0.01552629 0.1352984 0.02284407 0.01946979 0.1352984 0.02294099 0.01944321 0.1352984 0.02294826 -0.01555079 0.1352984 0.02295887 -0.01555424 0.1352984 0.0229941 -0.01943761 0.1352984 0.02309638 0.01559084 0.1352984 0.02313077 -0.01938855 0.1352984 0.02314776 0.01561248 0.1352984 0.0232107 0.01936912 0.1352984 0.02329075 0.01932954 0.1352984 0.02330899 -0.01567089 0.1352984 0.02335184 -0.01930904 0.1352984 0.02344685 0.01573824 0.1352984 0.02346724 -0.01924061 0.1352984 0.02348399 0.01576304 0.1352984 0.02355158 0.01920074 0.1352984 0.02361387 0.01915353 0.1352984 0.02363079 -0.01585155 0.1352984 0.02364045 -0.0158571 0.1352984 0.02367883 -0.01911514 0.1352984 0.02376306 0.01594936 0.1352984 0.02377086 -0.01903355 0.1352984 0.02378684 0.01597285 0.1352984 0.02385449 0.0189709 0.1352984 0.02389925 0.01892101 0.1352984 0.02391374 -0.01608824 0.1352984 0.02393078 -0.01610267 0.1352984 0.02396327 -0.01886272 0.1352984 0.02403134 -0.01877415 0.1352984 0.02403366 0.01621645 0.1352984 0.02404624 0.01623487 0.1352984 0.02410846 0.01868796 0.1352984 0.02413713 0.01864016 0.1352984 0.02414828 -0.01637268 0.1352984 0.02416926 -0.01639878 0.1352984 0.02419477 -0.01856112 0.1352984 0.02424198 -0.01847225 0.1352984 0.02424877 0.01652997 0.1352984 0.02425324 0.01654016 0.1352984 0.02430427 0.01836204 0.1352984 0.02431952 0.01832014 0.1352984 0.02432656 -0.01669514 0.1352984 0.02432852 -0.01830905 0.1352984 0.02434748 -0.01673454 0.1352984 0.02436506 -0.01822113 0.1352984 0.02438914 -0.01813513 0.1352984 0.02440077 0.01687854 0.1352984 0.02443474 0.01800495 0.1352984 0.02444016 0.01797187 0.1352984 0.02444255 -0.01704478 0.1352984 0.02445894 -0.01709812 0.1352984 0.02446788 -0.01785504 0.1352984 0.02447438 -0.01777714 0.1352984 0.02448147 0.01723867 0.1352984 0.02448397 0.01724952 0.1352984 0.02449238 -0.01740956 0.1352984 0.02449476 0.01760727 0.1352984 0.02449548 0.01762956 0.1352984 0.02449953 -0.01747614 0.1354144 -0.02249968 -0.01749974 0.1354144 -0.02249968 0.01749974 0.1354144 0.02249968 -0.01749974 0.1354144 0.02249968 0.01749974 0.1359184 -0.02489966 -0.01749974 0.1359184 -0.02489966 0.01749974 0.1359184 -0.02457815 -0.01869976 0.1359184 -0.02457815 -0.01629978 0.1359184 -0.02457815 0.01629978 0.1359184 -0.02457815 0.01869976 0.1359184 -0.0236997 -0.01957821 0.1359184 -0.0236997 -0.01542127 0.1359184 -0.0236997 0.01542127 0.1359184 -0.0236997 0.01957821 0.1359184 -0.02249968 -0.01989972 0.1359184 -0.02249968 -0.01509976 0.1359184 -0.02249968 0.01509976 0.1359184 -0.02249968 0.01989972 0.1359184 -0.02129971 -0.01957821 0.1359184 -0.02129971 -0.01542127 0.1359184 -0.02129971 0.01542127 0.1359184 -0.02129971 0.01957821 0.1359184 -0.0204212 -0.01869976 0.1359184 -0.0204212 -0.01629978 0.1359184 -0.0204212 0.01629978 0.1359184 -0.0204212 0.01869976 0.1359184 -0.02009969 -0.01749974 0.1359184 -0.02009969 0.01749974 0.1359184 0.02009969 -0.01749974 0.1359184 0.02009969 0.01749974 0.1359184 0.0204212 -0.01869976 0.1359184 0.0204212 -0.01629978 0.1359184 0.0204212 0.01629978 0.1359184 0.0204212 0.01869976 0.1359184 0.02129971 -0.01957821 0.1359184 0.02129971 -0.01542127 0.1359184 0.02129971 0.01542127 0.1359184 0.02129971 0.01957821 0.1359184 0.02249968 -0.01989972 0.1359184 0.02249968 -0.01509976 0.1359184 0.02249968 0.01509976 0.1359184 0.02249968 0.01989972 0.1359184 0.02369964 -0.01957821 0.1359184 0.02369964 -0.01542127 0.1359184 0.02369964 0.01542127 0.1359184 0.02369964 0.01957821 0.1359184 0.02457815 -0.01869976 0.1359184 0.02457815 -0.01629978 0.1359184 0.02457815 0.01629978 0.1359184 0.02457815 0.01869976 0.1359184 0.02489966 -0.01749974 0.1359184 0.02489966 0.01749974 0.1361364 -0.02374547 -0.01739352 0.1361364 -0.02281826 0.01870876 0.1361364 -0.02218109 0.01629078 0.1361364 -0.02125388 -0.01760596 0.1361364 0.02135628 -0.01699376 0.1361364 0.02211129 0.01631128 0.1361364 0.02288806 0.01868826 0.1361364 0.02364307 -0.01800572 0.1361404 -0.02367144 0.01795512 0.1361404 -0.0233224 -0.01845043 0.1361404 -0.02329486 0.01652598 0.1361404 -0.0231496 -0.01642358 0.1361404 -0.02184981 -0.0185759 0.1361404 -0.02170449 0.01847356 0.1361404 -0.02167701 -0.01654905 0.1361404 -0.02132791 0.01704436 0.1361404 0.02130341 0.01711326 0.1361404 0.02141231 -0.01813083 0.1361404 0.02176237 0.01851803 0.1361404 0.02223551 -0.01627063 0.1361404 0.0227639 -0.01872885 0.1361404 0.02323698 0.01648145 0.1361404 0.02358704 -0.01686865 0.1361404 0.02369594 0.01788622 0.1361414 -0.02375346 -0.01748722 0.1361414 -0.02290916 0.01868486 0.1361414 -0.02227199 0.01626676 0.1361414 -0.02126193 -0.01769965 0.1361414 0.02131831 -0.01707977 0.1361414 0.022022 0.01634049 0.1361414 0.02279865 0.0187174 0.1361414 0.02360498 -0.01809161 0.1361414 -0.0236814 0.01791912 0.1361414 -0.02332115 0.01655244 0.1361414 -0.02329176 -0.01847171 0.1361414 -0.0218836 -0.01859176 0.1361414 0.02129572 0.01714974 0.1361414 0.0214343 -0.01816093 0.1361414 0.02173471 0.01849311 0.1361414 0.02272677 -0.01873284 0.1361464 -0.02376288 -0.01759737 0.1361464 -0.02372807 -0.01718974 0.1361464 -0.02301609 0.01865661 0.1361464 -0.02262055 0.01876091 0.1361464 -0.0223788 0.01623857 0.1361464 -0.02198332 0.01634287 0.1361464 -0.02127128 -0.01780974 0.1361464 -0.02123647 -0.01740217 0.1361464 0.02127361 -0.01718086 0.1361464 0.02143907 -0.01680678 0.1361464 0.02191686 0.01637476 0.1361464 0.02230566 0.01624774 0.1361464 0.02269369 0.01875174 0.1361464 0.02308249 0.01862472 0.1361464 0.02356028 -0.01819276 0.1361464 0.02372574 -0.01781862 0.1361474 -0.0229448 -0.01632744 0.1361474 -0.02186262 -0.01641976 0.1361474 -0.02154523 0.01831281 0.1361474 -0.02126842 0.01726263 0.1361474 0.02246046 -0.01624649 0.1361474 0.02340537 0.01663255 0.1361474 0.02345359 -0.01668596 0.1361474 0.02374267 0.01766484 0.1361524 -0.02377587 0.01757186 0.1361524 -0.02357459 0.01680797 0.1361524 -0.02299648 -0.01867741 0.1361524 -0.02279001 -0.01625484 0.1361524 -0.0222094 -0.01874464 0.1361524 -0.02200287 -0.01632207 0.1361524 -0.02142482 0.01819151 0.1361524 -0.02122348 0.01742762 0.1361524 0.02122139 0.01750195 0.1361524 0.02146679 0.01825284 0.1361524 0.02164649 -0.01845163 0.1361524 0.02236896 -0.01877135 0.1361524 0.02263039 -0.01622813 0.1361524 0.02335286 -0.01654785 0.1361524 0.02353256 0.01674664 0.1361524 0.02377796 0.01749753 0.1361564 -0.02378118 0.01755255 0.1361564 -0.02358865 0.01682215 0.1361564 -0.02298009 -0.01868891 0.1361564 -0.02222746 -0.01875305 0.1361564 0.02121728 0.01752144 0.1361564 0.02145189 0.01823943 0.1361564 0.0216583 -0.01846772 0.1361564 0.02234905 -0.01877343 0.1361574 -0.02328979 -0.01648926 0.1361574 -0.02181351 0.01858341 0.1361574 -0.02154999 -0.01663756 0.1361574 -0.0213685 0.01689505 0.1361574 0.02208161 -0.01628714 0.1361574 0.02312165 0.01637804 0.1361574 0.02366405 0.01803773 0.1361574 0.02367824 -0.01699376 0.1361574 -0.02372115 -0.01710826 0.1361574 -0.02254146 0.01878172 0.1361574 -0.02190417 0.01636368 0.1361574 -0.02122962 -0.01732075 0.1361574 0.02147221 -0.01673197 0.1361574 0.02238351 0.01622235 0.1361574 0.02316015 0.01859933 0.1361574 0.02375888 -0.01774394 0.1361634 -0.02334326 -0.01651436 0.1361634 -0.02185517 0.01862543 0.1361634 -0.02150148 -0.01667147 0.1361634 -0.02138411 0.01683795 0.1361634 0.02202278 -0.01629346 0.1361634 0.02307766 0.01633858 0.1361634 0.02365183 0.01809555 0.1361634 0.02371317 -0.01704144 0.1361634 -0.0236153 0.01816171 0.1361634 -0.02349805 -0.01832795 0.1361634 -0.02314406 0.01637399 0.1361634 -0.02165591 -0.018485 0.1361634 0.02128607 -0.01795786 0.1361634 0.02134752 0.01690375 0.1361634 0.02192181 0.01866114 0.1361634 0.02297675 -0.01870602 0.1361734 -0.02377998 -0.01779836 0.1361734 -0.02371096 -0.01698875 0.1361734 -0.02321118 0.01860523 0.1361734 -0.02257388 0.01618719 0.1361734 -0.02242547 0.01881235 0.1361734 -0.02178817 0.01639425 0.1361734 -0.02128839 -0.01801073 0.1361734 -0.02121943 -0.01720112 0.1361734 0.02119189 -0.01736527 0.1361734 0.02152067 -0.01662224 0.1361734 0.02172517 0.01643747 0.1361734 0.02249747 0.01618504 0.1361734 0.02250188 0.01881444 0.1361734 0.02327418 0.01856201 0.1361734 0.02347868 -0.01837724 0.1361734 0.02380746 -0.01763427 0.1361904 -0.02258616 -0.01615935 0.1361904 -0.02218747 -0.01619327 0.1361904 -0.02126628 0.01803165 0.1361904 -0.02116429 0.01764482 0.1361904 0.02285426 -0.01620417 0.1361904 0.02322006 -0.01636606 0.1361904 0.02370005 0.01689708 0.1361904 0.02382439 0.01727735 0.1361914 -0.02383619 0.01735055 0.1361914 -0.02373605 0.01697087 0.1361914 -0.02280831 -0.01880866 0.1361914 -0.02241706 -0.01884204 0.1361914 0.02117407 0.01772636 0.1361914 0.02129608 0.01809966 0.1361914 0.0217818 -0.01863682 0.1361914 0.02214086 -0.01879572 0.1361914 -0.02258211 -0.01615744 0.1361914 -0.02219116 -0.01619076 0.1361914 -0.02126312 0.01802855 0.1361914 -0.0211631 0.01764917 0.1361914 0.02285867 -0.01620364 0.1361914 0.02321749 -0.01636248 0.1361914 0.02370339 0.01690006 0.1361914 0.02382528 0.01727294 0.1361944 -0.02378749 -0.01788562 0.1361944 -0.02329587 0.01858294 0.1361944 -0.0226587 0.01616483 0.1361944 -0.02129578 -0.01809805 0.1361944 0.02115648 -0.01744544 0.1361944 0.02164179 0.01646465 0.1361944 0.02241855 0.01884162 0.1361944 0.02344316 -0.01845735 0.1361975 -0.02362155 -0.01824182 0.1361975 -0.02357566 0.01830703 0.1361975 -0.02303808 0.01626706 0.1361975 -0.0215196 -0.01842105 0.1361975 0.02119731 -0.01783627 0.1361975 0.02137857 0.01675635 0.1361975 0.02203387 0.01876163 0.1361975 0.02312648 -0.01868993 0.1362054 -0.02353459 -0.01660418 0.1362054 -0.022004 0.01877546 0.1362054 -0.02143961 0.01663404 0.1362054 -0.02132809 -0.01679223 0.1362054 0.02181267 -0.01631605 0.1362054 0.02292037 0.01619738 0.1362054 0.02360826 0.01830232 0.1362054 0.02383774 -0.01721215 0.1362484 -0.0238958 0.01713186 0.1362484 -0.02380675 -0.01811283 0.1362484 -0.0236842 -0.01667428 0.1362484 -0.02351635 0.01852482 0.1362484 -0.02287906 0.01610678 0.1362484 -0.02262228 -0.01893824 0.1362484 -0.02237707 -0.01606124 0.1362484 -0.02212029 0.0188927 0.1362484 -0.021483 0.01647466 0.1362484 -0.02131521 -0.01832526 0.1362484 -0.02119261 -0.01688665 0.1362484 -0.02110362 0.01786762 0.1362484 0.02106422 -0.01765394 0.1362484 0.0211274 0.01794826 0.1362484 0.02142518 0.01653558 0.1362484 0.0216484 -0.01633363 0.1362484 0.02191549 -0.01882004 0.1362484 0.02220189 0.01891243 0.1362484 0.02279746 0.01608705 0.1362484 0.02308386 -0.01617944 0.1362484 0.02335095 -0.01866585 0.1362484 0.02357417 0.0184639 0.1362484 0.02387195 0.01705127 0.1362484 0.02393513 -0.01734554 0.1371474 -0.05499929 0 0.1371474 -0.05499929 0 0.1371474 -0.05459827 -0.006629407 0.1371474 -0.05459827 0.006629407 0.1371474 -0.05396449 -0.01008802 0.1371474 -0.05396449 0.01008802 0.1371474 -0.05340111 -0.01316219 0.1371474 -0.05340111 0.01316219 0.1371474 -0.05142521 -0.01950299 0.1371474 -0.05142521 0.01950299 0.1371474 -0.051265 -0.01985889 0.1371474 -0.051265 0.01985889 0.1371474 -0.04869943 -0.02555942 0.1371474 -0.04869943 0.02555942 0.1371474 -0.04667806 -0.02890312 0.1371474 -0.04667806 0.02890312 0.1371474 -0.04526346 -0.03124314 0.1371474 -0.04526346 0.03124314 0.1371474 -0.04116755 -0.03647118 0.1371474 -0.04116755 0.03647118 0.1371474 -0.04061543 -0.0370233 0.1371474 -0.04061543 0.0370233 0.1371474 -0.03647118 -0.04116755 0.1371474 -0.03647118 0.04116755 0.1371474 -0.03308796 -0.04381823 0.1371474 -0.03308796 0.04381823 0.1371474 -0.0312432 -0.04526346 0.1371474 -0.0312432 0.04526346 0.1371474 -0.02555942 -0.04869943 0.1371474 -0.02555942 0.04869943 0.1371474 -0.02449136 -0.04918015 0.1371474 -0.02449136 0.04918015 0.1371474 -0.01950305 -0.05142521 0.1371474 -0.01950305 0.05142521 0.1371474 -0.0150265 -0.0528202 0.1371474 -0.0150265 0.0528202 0.1371474 -0.01316219 -0.05340111 0.1371474 -0.01316219 0.05340111 0.1371474 -0.006629407 -0.05459827 0.1371474 -0.006629407 0.05459827 0.1371474 -0.005070328 -0.05469256 0.1371474 -0.005070328 0.05469256 0.1371474 0 0.05499929 0.1371474 0 -0.05499929 0.1371474 0.005070328 -0.05469256 0.1371474 0.005070328 0.05469256 0.1371474 0.006629407 -0.05459827 0.1371474 0.006629407 0.05459827 0.1371474 0.01316219 -0.05340111 0.1371474 0.01316219 0.05340111 0.1371474 0.01502645 -0.0528202 0.1371474 0.01502645 0.0528202 0.1371474 0.01950299 -0.05142521 0.1371474 0.01950299 0.05142521 0.1371474 0.02449136 -0.04918015 0.1371474 0.02449136 0.04918015 0.1371474 0.02555942 -0.04869943 0.1371474 0.02555942 0.04869943 0.1371474 0.03124314 -0.04526346 0.1371474 0.03124314 0.04526346 0.1371474 0.03308796 -0.04381823 0.1371474 0.03308796 0.04381823 0.1371474 0.03647118 -0.04116755 0.1371474 0.03647118 0.04116755 0.1371474 0.04061543 -0.0370233 0.1371474 0.04061543 0.0370233 0.1371474 0.04116755 -0.03647118 0.1371474 0.04116755 0.03647118 0.1371474 0.04526346 -0.03124314 0.1371474 0.04526346 0.03124314 0.1371474 0.04667806 -0.02890312 0.1371474 0.04667806 0.02890312 0.1371474 0.04869943 -0.02555942 0.1371474 0.04869943 0.02555942 0.1371474 0.051265 -0.01985889 0.1371474 0.051265 0.01985889 0.1371474 0.05142521 -0.01950299 0.1371474 0.05142521 0.01950299 0.1371474 0.05340111 -0.01316219 0.1371474 0.05340111 0.01316219 0.1371474 0.05396449 -0.01008802 0.1371474 0.05396449 0.01008802 0.1371474 0.05459827 -0.006629407 0.1371474 0.05459827 0.006629407 0.1371474 0.05499929 0 0.1371474 0.05499929 0 0.1374984 -0.02669954 -0.01753067 0.1374984 -0.02668845 0.01719385 0.1374984 -0.02667331 0.01796877 0.1374984 -0.02663373 -0.01675838 0.1374984 -0.02662235 -0.01830184 0.1374984 -0.02656096 0.01642948 0.1374984 -0.02651613 0.01872771 0.1374984 -0.02642703 -0.01601135 0.1374984 -0.02640473 -0.01904571 0.1374984 -0.02629512 0.01570135 0.1374984 -0.02622205 0.01944482 0.1374984 -0.02608674 -0.01531505 0.1374984 -0.02605426 -0.01973694 0.1374984 -0.02590006 0.01503455 0.1374984 -0.02580136 0.0200957 0.1374984 -0.02562427 -0.0146932 0.1374984 -0.02558255 -0.020352 0.1374984 -0.02538913 0.0144518 0.1374984 -0.02526807 0.02065819 0.1374984 -0.02505534 -0.01416677 0.1374984 -0.02500593 -0.02086991 0.1374984 -0.02477997 0.01397269 0.1374984 -0.02464056 0.02111309 0.1374984 -0.02439934 -0.01375401 0.1374984 -0.02434408 -0.02127307 0.1374984 -0.02409297 0.01361382 0.1374984 -0.02394014 0.02144491 0.1374984 -0.02367877 -0.01346868 0.1374984 -0.02361929 -0.02154767 0.1374984 -0.0233519 0.0133872 0.1374984 -0.02319079 0.0216425 0.1374984 -0.02291798 -0.01332068 0.1374984 -0.02285647 -0.02168446 0.1374984 -0.02258157 0.01330059 0.1374984 -0.02241778 0.02169889 0.1374984 -0.02214288 -0.01331502 0.1374984 -0.02208137 -0.0216788 0.1374984 -0.02180862 0.01335698 0.1374984 -0.02164751 0.02161228 0.1374984 -0.02138012 -0.01345181 0.1374984 -0.02132058 -0.0215308 0.1374984 -0.02105921 0.01355457 0.1374984 -0.02090638 0.02138572 0.1374984 -0.02065533 -0.01372641 0.1374984 -0.02060002 -0.02124547 0.1374984 -0.0203588 0.01388639 0.1374984 -0.02021944 0.02102679 0.1374984 -0.01999342 -0.01412957 0.1374984 -0.01994401 -0.02083271 0.1374984 -0.01973134 0.01434129 0.1374984 -0.01961022 0.02054768 0.1374984 -0.0194168 -0.01464748 0.1374984 -0.01937514 -0.02030628 0.1374984 -0.01919806 0.01490378 0.1374984 -0.01909935 0.01996493 0.1374984 -0.01894515 -0.0152626 0.1374984 -0.01891261 -0.01968443 0.1374984 -0.01877731 0.01555466 0.1374984 -0.01870423 0.01929813 0.1374984 -0.01859462 -0.01595377 0.1374984 -0.01857233 -0.01898813 0.1374984 -0.01848322 0.01627177 0.1374984 -0.01843845 0.01857006 0.1374984 -0.01837706 -0.01669764 0.1374984 -0.01836562 -0.01824116 0.1374984 -0.01832604 0.01703077 0.1374984 -0.01831096 0.01780563 0.1374984 -0.01829981 -0.01746886 0.1374984 0.01830404 -0.01769024 0.1374984 0.01830583 0.01727408 0.1374984 0.01833575 0.01804852 0.1374984 0.01834052 -0.01691603 0.1374984 0.01841056 -0.01845806 0.1374984 0.01841861 0.01650726 0.1374984 0.01850754 0.01880431 0.1374984 0.0185185 -0.01616173 0.1374984 0.01865625 -0.01919305 0.1374984 0.01867055 0.01577425 0.1374984 0.0188151 0.01951575 0.1374984 0.0188322 -0.0154531 0.1374984 0.01903283 -0.0198704 0.1374984 0.01905274 0.01510006 0.1374984 0.0192483 0.02015841 0.1374984 0.01927071 -0.01481395 0.1374984 0.01952743 -0.0204671 0.1374984 0.0195524 0.01450759 0.1374984 0.01979219 0.02071052 0.1374984 0.0198192 -0.01426637 0.1374984 0.0201233 -0.02096271 0.1374984 0.02015239 0.01401698 0.1374984 0.02042829 0.02115339 0.1374984 0.02045899 -0.01382887 0.1374984 0.02080011 -0.02134042 0.1374984 0.0208323 0.01364499 0.1374984 0.02113491 0.02147179 0.1374984 0.02116817 -0.01351642 0.1374984 0.0215348 -0.02158737 0.1374984 0.02156901 0.01340419 0.1374984 0.02188801 0.0216549 0.1374984 0.02192276 -0.01333957 0.1374984 0.02230226 -0.02169507 0.1374984 0.02233737 0.01330292 0.1374984 0.02266198 0.02169656 0.1374984 0.02269709 -0.01330441 0.1374984 0.02307659 -0.02165991 0.1374984 0.0231114 0.01334458 0.1374984 0.02343034 0.02159529 0.1374984 0.02346456 -0.01341211 0.1374984 0.02383118 -0.02148312 0.1374984 0.02386444 0.01352769 0.1374984 0.02416706 0.02135449 0.1374984 0.02419924 -0.01365911 0.1374984 0.02454036 -0.02117061 0.1374984 0.02457106 0.01384609 0.1374984 0.02484697 0.0209825 0.1374984 0.02487605 -0.01403677 0.1374984 0.02518016 -0.02073311 0.1374984 0.02520716 0.01428896 0.1374984 0.02544695 0.02049189 0.1374984 0.02547192 -0.01453238 0.1374984 0.02572864 -0.02018553 0.1374984 0.02575105 0.01484107 0.1374984 0.02594661 0.01989942 0.1374984 0.02596652 -0.01512908 0.1374984 0.02616715 -0.01954644 0.1374984 0.02618426 0.01548379 0.1374984 0.02632886 0.01922523 0.1374984 0.0263431 -0.01580649 0.1374984 0.02648085 -0.01883774 0.1374984 0.02649182 0.01619517 0.1374984 0.02658075 0.01849222 0.1374984 0.02658885 -0.01654148 0.1374984 0.02665883 -0.01808345 0.1374984 0.0266636 0.01695096 0.1374984 0.02669352 0.01772546 0.1374984 0.02669531 -0.01730924 0.1379984 -0.05382418 -0.004345118 0.1379984 -0.05382418 -0.002249956 0.1379984 -0.05382418 0.002249956 0.1379984 -0.05382418 0.004345118 0.1379984 -0.05320829 -0.008134841 0.1379984 -0.05320829 0.008134841 0.1379984 -0.05243021 -0.01292282 0.1379984 -0.05243021 0.01292282 0.1379984 -0.04967826 -0.0211659 0.1379984 -0.04967826 0.0211659 0.1379984 -0.04944932 0 0.1379984 -0.04928183 -6.24992e-4 0.1379984 -0.04928183 6.24992e-4 0.1379984 -0.04882436 -0.001082479 0.1379984 -0.04882436 0.001082479 0.1379984 -0.04819935 -0.001249969 0.1379984 -0.04819935 0.001249969 0.1379984 -0.04757434 -0.001082479 0.1379984 -0.04757434 0.001082479 0.1379984 -0.04711687 -6.24992e-4 0.1379984 -0.04711687 6.24992e-4 0.1379984 -0.04694938 0 0.1379984 -0.04563969 -0.0288608 0.1379984 -0.04563969 0.0288608 0.1379984 -0.04041904 -0.03580808 0.1379984 -0.04041904 0.03580808 0.1379984 -0.03814798 -0.03798949 0.1379984 -0.03696447 -0.03912627 0.1379984 -0.03696447 -0.03798949 0.1379984 -0.03696447 -0.008134841 0.1379984 -0.03696447 -0.002249956 0.1379984 -0.03696447 0.002249956 0.1379984 -0.03696447 0.008134841 0.1379984 -0.03696447 0.03912627 0.1379984 -0.03415161 -0.04182815 0.1379984 -0.03415161 0.04182815 0.1379984 -0.02699965 -0.04676479 0.1379984 -0.02699965 0.04676479 0.1379984 -0.02697962 -0.01749974 0.1379984 -0.02697962 0.01749974 0.1379984 -0.02669954 -0.01753067 0.1379984 -0.02668845 0.01719385 0.1379984 -0.02667331 0.01796877 0.1379984 -0.02663373 -0.01675838 0.1379984 -0.02662235 -0.01830184 0.1379984 -0.02656096 0.01642948 0.1379984 -0.02651613 0.01872771 0.1379984 -0.02642703 -0.01601135 0.1379984 -0.02640473 -0.01904571 0.1379984 -0.02637946 -0.01973974 0.1379984 -0.02637946 -0.0152598 0.1379984 -0.02637946 0.0152598 0.1379984 -0.02637946 0.01973974 0.1379984 -0.02629512 0.01570135 0.1379984 -0.02622205 0.01944482 0.1379984 -0.02608674 -0.01531505 0.1379984 -0.02605426 -0.01973694 0.1379984 -0.02590006 0.01503455 0.1379984 -0.02580136 0.0200957 0.1379984 -0.02562427 -0.0146932 0.1379984 -0.02558255 -0.020352 0.1379984 -0.02538913 0.0144518 0.1379984 -0.02526807 0.02065819 0.1379984 -0.02505534 -0.01416677 0.1379984 -0.02500593 -0.02086991 0.1379984 -0.02477997 0.01397269 0.1379984 -0.02473968 -0.02137947 0.1379984 -0.02473968 -0.01362001 0.1379984 -0.02473968 0.01362001 0.1379984 -0.02473968 0.02137947 0.1379984 -0.02464056 0.02111309 0.1379984 -0.02439934 -0.01375401 0.1379984 -0.02434408 -0.02127307 0.1379984 -0.02409297 0.01361382 0.1379984 -0.02394014 0.02144491 0.1379984 -0.0238958 0.01713186 0.1379984 -0.02380675 -0.01811283 0.1379984 -0.0236842 -0.01667428 0.1379984 -0.02367877 -0.01346868 0.1379984 -0.02361929 -0.02154767 0.1379984 -0.02351635 0.01852482 0.1379984 -0.0233519 0.0133872 0.1379984 -0.02319079 0.0216425 0.1379984 -0.02291798 -0.01332068 0.1379984 -0.02287906 0.01610678 0.1379984 -0.02285647 -0.02168446 0.1379984 -0.02262228 -0.01893824 0.1379984 -0.02258157 0.01330059 0.1379984 -0.02249968 -0.02197968 0.1379984 -0.02249968 -0.0130198 0.1379984 -0.02249968 0.0130198 0.1379984 -0.02249968 0.02197968 0.1379984 -0.02241778 0.02169889 0.1379984 -0.02237707 -0.01606124 0.1379984 -0.02214288 -0.01331502 0.1379984 -0.02212029 0.0188927 0.1379984 -0.02208137 -0.0216788 0.1379984 -0.02180862 0.01335698 0.1379984 -0.02164751 0.02161228 0.1379984 -0.021483 0.01647466 0.1379984 -0.02138012 -0.01345181 0.1379984 -0.02132058 -0.0215308 0.1379984 -0.02131521 -0.01832526 0.1379984 -0.02119261 -0.01688665 0.1379984 -0.02110362 0.01786762 0.1379984 -0.02105921 0.01355457 0.1379984 -0.02090638 0.02138572 0.1379984 -0.02065533 -0.01372641 0.1379984 -0.02060002 -0.02124547 0.1379984 -0.0203588 0.01388639 0.1379984 -0.02025973 -0.02137947 0.1379984 -0.02025973 -0.01362001 0.1379984 -0.02025973 0.01362001 0.1379984 -0.02025973 0.02137947 0.1379984 -0.02021944 0.02102679 0.1379984 -0.01999342 -0.01412957 0.1379984 -0.01994401 -0.02083271 0.1379984 -0.01973134 0.01434129 0.1379984 -0.01961022 0.02054768 0.1379984 -0.0194168 -0.01464748 0.1379984 -0.01937514 -0.02030628 0.1379984 -0.01919806 0.01490378 0.1379984 -0.0191484 -0.0504902 0.1379984 -0.0191484 0.0504902 0.1379984 -0.01909935 0.01996493 0.1379984 -0.01894515 -0.0152626 0.1379984 -0.01891261 -0.01968443 0.1379984 -0.01877731 0.01555466 0.1379984 -0.01870423 0.01929813 0.1379984 -0.01861995 -0.01973974 0.1379984 -0.01861995 -0.0152598 0.1379984 -0.01861995 0.0152598 0.1379984 -0.01861995 0.01973974 0.1379984 -0.01859462 -0.01595377 0.1379984 -0.01857233 -0.01898813 0.1379984 -0.01848322 0.01627177 0.1379984 -0.01843845 0.01857006 0.1379984 -0.01837706 -0.01669764 0.1379984 -0.01836562 -0.01824116 0.1379984 -0.01832604 0.01703077 0.1379984 -0.01831096 0.01780563 0.1379984 -0.01829981 -0.01746886 0.1379984 -0.01801973 -0.01749974 0.1379984 -0.01801973 0.01749974 0.1379984 -0.01080125 -0.052908 0.1379984 -0.01080125 0.052908 0.1379984 -0.01063483 -0.0529282 0.1379984 -0.01063483 -0.03798949 0.1379984 -0.01063483 -0.008134841 0.1379984 -0.01063483 -0.002249956 0.1379984 -0.01063483 0.002249956 0.1379984 -0.01063483 0.008134841 0.1379984 -0.01063483 0.0529282 0.1379984 -0.003249943 0 0.1379984 -0.002814531 -0.001624941 0.1379984 -0.002814531 0.001624941 0.1379984 -0.002189517 -0.002249956 0.1379984 -0.002189517 0.002249956 0.1379984 -0.002174317 -0.05395549 0.1379984 -0.002174317 0.05395549 0.1379984 -0.001624941 -0.002814531 0.1379984 -0.001624941 0.002814531 0.1379984 0 0.003249943 0.1379984 0 -0.003249943 0.1379984 0.001624941 -0.002814531 0.1379984 0.001624941 0.002814531 0.1379984 0.002189517 -0.002249956 0.1379984 0.002189517 0.002249956 0.1379984 0.002814531 -0.001624941 0.1379984 0.002814531 0.001624941 0.1379984 0.003249943 0 0.1379984 0.003249943 0 0.1379984 0.006508886 -0.05360555 0.1379984 0.006508886 0.05360555 0.1379984 0.01063483 -0.05276316 0.1379984 0.01063483 -0.03798949 0.1379984 0.01063483 -0.008134841 0.1379984 0.01063483 -0.002249956 0.1379984 0.01063483 0.002249956 0.1379984 0.01063483 0.008134841 0.1379984 0.01063483 0.05276316 0.1379984 0.01502346 -0.0518673 0.1379984 0.01502346 0.0518673 0.1379984 0.01801973 -0.01749974 0.1379984 0.01801973 0.01749974 0.1379984 0.01830404 -0.01769024 0.1379984 0.01830583 0.01727408 0.1379984 0.01833575 0.01804852 0.1379984 0.01834052 -0.01691603 0.1379984 0.01841056 -0.01845806 0.1379984 0.01841861 0.01650726 0.1379984 0.01850754 0.01880431 0.1379984 0.0185185 -0.01616173 0.1379984 0.01861995 -0.01973974 0.1379984 0.01861995 -0.0152598 0.1379984 0.01861995 0.0152598 0.1379984 0.01861995 0.01973974 0.1379984 0.01865625 -0.01919305 0.1379984 0.01867055 0.01577425 0.1379984 0.0188151 0.01951575 0.1379984 0.0188322 -0.0154531 0.1379984 0.01903283 -0.0198704 0.1379984 0.01905274 0.01510006 0.1379984 0.0192483 0.02015841 0.1379984 0.01927071 -0.01481395 0.1379984 0.01952743 -0.0204671 0.1379984 0.0195524 0.01450759 0.1379984 0.01979219 0.02071052 0.1379984 0.0198192 -0.01426637 0.1379984 0.0201233 -0.02096271 0.1379984 0.02015239 0.01401698 0.1379984 0.02025973 -0.02137947 0.1379984 0.02025973 -0.01362001 0.1379984 0.02025973 0.01362001 0.1379984 0.02025973 0.02137947 0.1379984 0.02042829 0.02115339 0.1379984 0.02045899 -0.01382887 0.1379984 0.02080011 -0.02134042 0.1379984 0.0208323 0.01364499 0.1379984 0.02106422 -0.01765394 0.1379984 0.0211274 0.01794826 0.1379984 0.02113491 0.02147179 0.1379984 0.02116817 -0.01351642 0.1379984 0.02142518 0.01653558 0.1379984 0.0215348 -0.02158737 0.1379984 0.02156901 0.01340419 0.1379984 0.0216484 -0.01633363 0.1379984 0.02188801 0.0216549 0.1379984 0.02191549 -0.01882004 0.1379984 0.02192276 -0.01333957 0.1379984 0.02220189 0.01891243 0.1379984 0.02230226 -0.02169507 0.1379984 0.02233737 0.01330292 0.1379984 0.02249968 -0.02197968 0.1379984 0.02249968 -0.0130198 0.1379984 0.02249968 0.0130198 0.1379984 0.02249968 0.02197968 0.1379984 0.02266198 0.02169656 0.1379984 0.02269709 -0.01330441 0.1379984 0.02279746 0.01608705 0.1379984 0.02307659 -0.02165991 0.1379984 0.02308386 -0.01617944 0.1379984 0.0231114 0.01334458 0.1379984 0.02314907 -0.04878562 0.1379984 0.02314907 0.04878562 0.1379984 0.02335095 -0.01866585 0.1379984 0.02343034 0.02159529 0.1379984 0.02346456 -0.01341211 0.1379984 0.02357417 0.0184639 0.1379984 0.02383118 -0.02148312 0.1379984 0.02386444 0.01352769 0.1379984 0.02387195 0.01705127 0.1379984 0.02393513 -0.01734554 0.1379984 0.02416706 0.02135449 0.1379984 0.02419924 -0.01365911 0.1379984 0.02454036 -0.02117061 0.1379984 0.02457106 0.01384609 0.1379984 0.02473968 -0.02137947 0.1379984 0.02473968 -0.01362001 0.1379984 0.02473968 0.01362001 0.1379984 0.02473968 0.02137947 0.1379984 0.02484697 0.0209825 0.1379984 0.02487605 -0.01403677 0.1379984 0.02518016 -0.02073311 0.1379984 0.02520716 0.01428896 0.1379984 0.02544695 0.02049189 0.1379984 0.02547192 -0.01453238 0.1379984 0.02572864 -0.02018553 0.1379984 0.02575105 0.01484107 0.1379984 0.02594661 0.01989942 0.1379984 0.02596652 -0.01512908 0.1379984 0.02616715 -0.01954644 0.1379984 0.02618426 0.01548379 0.1379984 0.02632886 0.01922523 0.1379984 0.0263431 -0.01580649 0.1379984 0.0263794 -0.01973974 0.1379984 0.0263794 -0.0152598 0.1379984 0.0263794 0.0152598 0.1379984 0.0263794 0.01973974 0.1379984 0.02648085 -0.01883774 0.1379984 0.02649182 0.01619517 0.1379984 0.02658075 0.01849222 0.1379984 0.02658885 -0.01654148 0.1379984 0.02665883 -0.01808345 0.1379984 0.0266636 0.01695096 0.1379984 0.02669352 0.01772546 0.1379984 0.02669531 -0.01730924 0.1379984 0.02697962 -0.01749974 0.1379984 0.02697962 0.01749974 0.1379984 0.03067505 -0.0444405 0.1379984 0.03067505 0.0444405 0.1379984 0.03696447 -0.03930538 0.1379984 0.03696447 -0.03798949 0.1379984 0.03696447 -0.008134841 0.1379984 0.03696447 -0.002249956 0.1379984 0.03696447 0.002249956 0.1379984 0.03696447 0.008134841 0.1379984 0.03696447 0.03930538 0.1379984 0.03740656 -0.03894436 0.1379984 0.03740656 0.03894436 0.1379984 0.03825259 -0.03798949 0.1379984 0.04316931 -0.03243964 0.1379984 0.04316931 0.03243964 0.1379984 0.04694938 0 0.1379984 0.04711687 -6.24992e-4 0.1379984 0.04711687 6.24992e-4 0.1379984 0.04757434 -0.001082479 0.1379984 0.04757434 0.001082479 0.1379984 0.04781395 -0.02509474 0.1379984 0.04781395 0.02509474 0.1379984 0.04819935 -0.001249969 0.1379984 0.04819935 0.001249969 0.1379984 0.04882436 -0.001082479 0.1379984 0.04882436 0.001082479 0.1379984 0.04928183 -6.24992e-4 0.1379984 0.04928183 6.24992e-4 0.1379984 0.04944932 0 0.1379984 0.05122029 -0.01709985 0.1379984 0.05122029 0.01709985 0.1379984 0.05172431 -0.01505488 0.1379984 0.05172431 -0.008134841 0.1379984 0.05172431 -0.002249956 0.1379984 0.05172431 0.002249956 0.1379984 0.05172431 0.008134841 0.1379984 0.05172431 0.01505488 0.1379984 0.05329996 -0.008662045 0.1379984 0.05329996 0.008662045 0.1379984 0.05334258 -0.008134841 0.1379984 0.05334258 0.008134841 0.1379984 0.05381768 -0.002249956 0.1379984 0.05381768 0.002249956 0.1379984 0.0539993 0 0.1379984 0.0539993 0 0.1419983 -0.04969435 1.22191e-4 0.1419983 -0.04967182 -2.85684e-4 0.1419983 -0.04960596 5.21005e-4 0.1419983 -0.04954022 -6.72372e-4 0.1419983 -0.04941326 8.81179e-4 0.1419983 -0.04930901 -0.001009166 0.1419983 -0.04913043 0.00117594 0.1419983 -0.04899567 -0.001271128 0.1419983 -0.04877865 0.001383602 0.1419983 -0.04862314 -0.001438856 0.1419983 -0.04838383 0.001488566 0.1419983 -0.04821926 -0.001499831 0.1419983 -0.04819935 0 0.1419983 -0.04797548 0.001483142 0.1419983 -0.04781389 -0.001449584 0.1419983 -0.04758358 0.001367747 0.1419983 -0.04743707 -0.001291811 0.1419983 -0.04723739 0.001150846 0.1419983 -0.04711675 -0.001038253 0.1419983 -0.04696255 8.48688e-4 0.1419983 -0.04687678 -7.07684e-4 0.1419983 -0.04677945 4.83532e-4 0.1419983 -0.04673486 -3.24622e-4 0.1419983 -0.04670166 8.25149e-5 0.1419983 0.04669988 3.71388e-5 0.1419983 0.04674535 -3.68804e-4 0.1419983 0.04676544 4.40327e-4 0.1419983 0.04689884 -7.47394e-4 0.1419983 0.04693746 8.1086e-4 0.1419983 0.04714864 -0.001070499 0.1419983 0.04720294 0.001121222 0.1419983 0.04747647 -0.001314282 0.1419983 0.04754245 0.001348435 0.1419983 0.04785788 -0.001460552 0.1419983 0.04793065 0.001475691 0.1419983 0.04819935 0 0.1419983 0.04826462 -0.00149852 0.1419983 0.04833877 0.001493453 0.1419983 0.04866653 -0.001425325 0.1419983 0.04873657 0.00140047 0.1419983 0.04903376 -0.001246452 0.1419983 0.04909443 0.001203596 0.1419983 0.04933911 -9.75138e-4 0.1419983 0.04938602 9.1752e-4 0.1419983 0.04955995 -6.31475e-4 0.1419983 0.04958951 5.63347e-4 0.1419983 0.04967981 -2.40978e-4 0.1419983 0.04968994 1.67392e-4 0.1435653 -0.00247395 -3.5962e-4 0.1435653 -0.002470016 3.85572e-4 0.1435653 -0.002258062 -0.001072824 0.1435653 -0.002246618 0.001096487 0.1435653 -0.001841485 -0.001690745 0.1435653 -0.001823604 0.001709997 0.1435653 -0.001261293 -0.002158403 0.1435653 -0.001238584 0.002171516 0.1435653 -5.69084e-4 -0.002434313 0.1435653 -5.43498e-4 0.002440154 0.1435653 1.73731e-4 -0.002493917 0.1435653 1.99903e-4 0.00249195 0.1435653 9.01109e-4 -0.002331912 0.1435653 9.25539e-4 0.002322316 0.1435653 0.001548409 -0.001962661 0.1435653 0.001568913 0.00194633 0.1435653 0.002058148 -0.001419067 0.1435653 0.00207287 0.001397371 0.1435653 0.00238496 -7.49407e-4 0.1435653 0.002392709 7.24329e-4 0.1435653 0.002499878 -1.31224e-5 0.1439983 -0.002045452 -2.97334e-4 0.1439983 -0.002042233 3.18791e-4 0.1439983 -0.001866936 -8.87038e-4 0.1439983 -0.001857519 9.06589e-4 0.1439983 -0.001522541 -0.001397907 0.1439983 -0.001507759 0.001413822 0.1439983 -0.001042842 -0.001784563 0.1439983 -0.001024067 0.001795411 0.1439983 -4.7052e-4 -0.00201267 0.1439983 -4.49365e-4 0.002017498 0.1439983 0 0 0.1439983 1.4364e-4 -0.002061963 0.1439983 1.65278e-4 0.002060353 0.1439983 7.45037e-4 -0.001927971 0.1439983 7.65235e-4 0.001920104 0.1439983 0.001280188 -0.001622736 0.1439983 0.001297175 0.001609206 0.1439983 0.001701653 -0.001173257 0.1439983 0.001713871 0.001155376 0.1439983 0.0019719 -6.1961e-4 0.1439983 0.001978278 5.98875e-4 0.1439983 0.00206691 -1.08497e-5</float_array>
          <technique_common>
            <accessor source="#Mesh-1_002-mesh-positions-array" count="6676" stride="3">
              <param name="X" type="float"/>
              <param name="Y" type="float"/>
              <param name="Z" type="float"/>
            </accessor>
          </technique_common>
        </source>
        <source id="Mesh-1_002-mesh-normals">
          <float_array id="Mesh-1_002-mesh-normals-array" count="31755">0 0.1681028 0.9857696 0 0.1681028 0.9857696 0 0.358888 0.9333807 0 0.3588873 0.9333809 0 0.5356398 0.8444465 0 0.5356387 0.8444473 0 0.6914107 0.722462 0 0.6914104 0.7224622 0 0.8201218 0.5721891 0 0.8201213 0.5721898 0 0.9167206 0.399529 0 0.9167202 0.3995298 0 0.9774405 0.2112112 0 0.9774408 0.2112094 0 0.9998929 0.01463901 0 0.999893 0.01463907 0 0.9832036 -0.1825122 0 0.9832039 -0.1825106 0 0.9280235 -0.3725218 0 0.9280239 -0.3725209 0 0.8365173 -0.5479406 0 0.8365166 -0.5479418 0 0.7122614 -0.7019143 0 0.7122622 -0.7019135 0 0.5601305 -0.8284044 0 0.5601291 -0.8284053 0 0.386061 -0.9224733 0 0.3860618 -0.9224729 0 0.1968833 -0.980427 0 0.1968828 -0.980427 0 0 -1 0 -0.1968833 -0.980427 0 -0.1968828 -0.9804271 0 -0.386061 -0.9224733 0 -0.3860618 -0.9224729 0 -0.5601305 -0.8284044 0 -0.5601291 -0.8284053 0 -0.7122613 -0.7019146 0 -0.7122625 -0.7019134 0 -0.8365173 -0.5479406 0 -0.8365167 -0.5479415 0 -0.9280239 -0.3725209 0 -0.9280235 -0.3725218 0 -0.9832036 -0.1825122 0 -0.9832038 -0.1825116 0 -0.9998929 0.01463901 0 -0.9998928 0.01464003 0 -0.9774407 0.2112103 0 -0.9774407 0.2112104 0 -0.9167206 0.399529 0 -0.9167202 0.3995298 0 -0.8201218 0.5721891 0 -0.8201213 0.5721898 0 -0.6914107 0.722462 0 -0.5356401 0.8444464 0 -0.5356385 0.8444475 0 -0.358888 0.9333806 0 -0.3588871 0.933381 0 -0.1681028 0.9857695 0 -0.1681028 0.9857695 -0.446923 0.75019 0.4873139 -0.6660808 0.5346102 0.5201235 -0.6717775 0.5392979 0.5078117 -0.6711386 0.5399214 0.5079942 -0.8401041 0.2978221 0.453351 -0.8989698 0.3199287 0.299164 -0.8947467 0.1936728 0.4023921 -0.9226564 0.2388781 0.3027251 0.005235612 0.3626529 0.9319096 -0.123135 0.4859278 0.8652815 -0.153652 0.724273 0.6721755 -0.153975 0.7246746 0.6716685 -0.05044209 0.6730338 0.7378897 -0.1229913 0.4855877 0.8654929 -0.1230708 0.4858088 0.8653575 -0.182659 0.8845058 0.4292847 -0.2044129 0.907389 0.3672337 -0.1565481 0.8950392 0.4176095 -0.1462005 -0.1258593 0.981216 -0.009536266 0.006092131 0.999936 -0.8157337 0.4291512 0.3878247 -0.7324255 0.3279158 0.5966777 -0.8697738 0.1305334 0.4758728 -0.7079497 -0.07051104 0.7027343 -0.6718418 0.5282908 0.5191701 -0.623692 0.471572 0.6234005 -0.7204614 0.3680914 0.5877449 -0.5705231 0.1967519 0.7973659 -0.6031599 0.166658 0.7800149 -0.7079526 -0.07117587 0.7026644 -0.7489014 0.1312345 0.649557 -0.74869 0.131008 0.6498463 -0.08307021 0.7756896 0.6256238 -0.1770092 0.8111557 0.5573995 -0.4260684 0.6278526 0.6513577 -0.2843124 0.4575899 0.8424832 -0.3410665 0.4351964 0.8332333 -0.1591768 0.2265839 0.9608967 -0.1438179 0.2327653 0.9618403 -0.009614288 0.006106138 0.9999352 -0.01080513 0.007487535 0.9999136 -0.4811558 -0.1078013 0.8699817 -0.4808362 -0.1073138 0.8702186 -0.5195672 0.07280242 0.8513224 -0.5160765 0.06887632 0.8537688 -0.2787194 0.02410304 0.9600701 -0.318525 0.07044255 0.9452935 -0.3074682 0.07606112 0.9485136 -0.4980728 0.2955323 0.8152203 -0.470381 0.3132309 0.8250019 -0.6188347 0.4853011 0.6176784 -0.4229412 0.6560066 0.6251209 -0.5170476 0.7712535 0.3712546 -0.4442659 0.7521696 0.4866918 -0.6587032 -0.5312022 0.532855 -0.7523516 -0.1310638 0.6455925 -0.05220919 -0.7652572 0.6416041 -0.05240064 -0.7653563 0.6414703 -0.1891124 -0.8706502 0.4540979 -0.1891555 -0.8707023 0.4539801 0.05448549 -0.6414551 0.7652233 -0.1248819 -0.4243598 0.8968408 0.06518775 -0.3871831 0.9196956 -0.1155441 -0.08703321 0.9894822 0.03993397 -0.05372172 0.9977571 -0.8997608 -0.3174475 0.2994288 -0.8956404 -0.1949069 0.3997995 -0.8439236 -0.2943131 0.4485229 -0.1683596 -0.9128153 0.372053 -0.4628164 -0.7513251 0.4704378 -0.4513407 -0.7599903 0.4676606 -0.384867 -0.7554888 0.5302018 -0.3425565 -0.700733 0.6258021 -0.2186294 -0.7872325 0.5765989 -0.1416366 -0.6964275 0.7035111 -0.1248692 -0.4243669 0.8968392 -0.1742514 -0.5692514 0.8034858 -0.2300669 -0.5150793 0.8256891 -0.3778315 -0.6930887 0.6138986 -0.4917658 -0.5980715 0.6328325 -0.531451 -0.6469896 0.5467764 -0.4806371 -0.8194984 0.3121063 -0.7529043 -0.1317042 0.6448171 -0.708795 0.05706465 0.7031027 -0.7023772 -0.06318992 0.7089946 -0.5453418 -0.07042908 0.8352497 -0.5430124 -0.06804209 0.8369635 -0.1157442 -0.08724004 0.9894405 -0.1865469 -0.1667854 0.9681854 -0.1554354 -0.2222511 0.9625198 -0.3442318 -0.4387714 0.8300507 -0.3558631 -0.4224169 0.8336219 -0.5020221 -0.5953704 0.6273021 -0.685626 -0.4077511 0.603039 -0.7250168 -0.4531329 0.5186725 -0.7414251 -0.610973 0.2774903 -0.9226682 -0.2388622 0.3027017 -0.8697729 -0.1305333 0.4758742 -0.6550205 -0.4075116 0.6363038 -0.5125679 -0.2464612 0.8225152 -0.4929819 -0.2892575 0.8205481 -0.3130348 -0.08209782 0.9461866 -0.3243461 -0.05875539 0.944112 -0.1395182 0.1214004 0.9827495 -0.1404705 0.1203148 0.9827474 -0.5452937 -0.07050776 0.8352745 -0.4652074 0.08533084 0.8810793 -0.4649038 0.08495134 0.8812762 0 -0.9975641 0.0697565 0 -0.9975641 0.06975626 0 0.9975641 0.06975644 0 0.9975641 0.06975638 -1 0 0 -0.9659146 0 0.2588613 -0.9659147 0 0.2588608 -0.7071377 0 0.707076 -0.7071366 0 0.707077 -0.2588048 0 0.9659298 -0.2588027 0 0.9659302 0 0.8839494 0.4675826 0 0.5546116 0.8321094 0 0.5546122 0.8321091 0 0.09145063 0.9958096 0 0.09145075 0.9958096 0 0.9948688 0.1011734 0 0.9541415 0.2993561 0 0.9541412 0.2993571 0 0.8743468 0.4853018 0 0.8743472 0.4853009 0 0.7587562 0.6513749 0 0.7587563 0.6513746 0 0.6121029 0.7907782 0 0.4403997 0.8978018 0 0.4403999 0.8978018 0 0.2506532 0.968077 0 0.2506532 0.968077 0 0.05064451 0.9987168 0 0.05064463 0.9987167 0 -0.1514303 0.988468 0 -0.1514301 0.9884681 0 -0.3473057 0.9377521 0 -0.347306 0.9377518 0 -0.5289612 0.8486461 0 -0.52896 0.8486468 0 -0.6889662 0.7247934 0 -0.6889672 0.7247926 0 -0.8207626 0.5712695 0 -0.8207623 0.5712699 0 -0.9189574 0.3943569 0 -0.9189572 0.3943574 0 -0.9795311 0.2012934 0 -0.9795309 0.2012946 0 -1 0 0 -0.9795309 -0.2012946 0 -0.9795311 -0.2012934 0 -0.9189572 -0.3943574 0 -0.9189574 -0.3943569 0 -0.8207623 -0.5712699 0 -0.8207626 -0.5712695 0 -0.6889665 -0.7247931 0 -0.6889669 -0.7247929 0 -0.5289608 -0.8486463 0 -0.5289604 -0.8486467 0 -0.3473055 -0.937752 0 -0.3473061 -0.9377519 0 -0.1514303 -0.9884679 0 -0.1514301 -0.9884681 0 0.05064451 -0.9987168 0 0.05064463 -0.9987167 0 0.2506532 -0.968077 0 0.2506532 -0.968077 0 0.4403999 -0.8978018 0 0.4403997 -0.8978018 0 0.6121029 -0.7907782 0 0.7587559 -0.6513752 0 0.7587566 -0.6513743 0 0.8743472 -0.4853009 0 0.8743468 -0.4853018 0 0.9541412 -0.2993571 0 0.9541415 -0.2993561 0 0.9948688 -0.1011732 0 0.9948689 -0.1011723 0 0.9948689 0.1011721 -0.1065183 -0.1065341 0.988587 -0.8501206 -0.001953125 0.5265846 -0.8504731 -0.001953959 0.526015 -0.8509619 -0.002169549 0.5252231 -0.5528602 0 0.8332742 -0.4647891 0.08484148 0.8813474 -0.4643802 0.08485853 0.8815612 -0.4959854 -0.1039146 0.8620907 -0.4961835 -0.1000823 0.86243 -0.4959098 -0.1039245 0.862133 -0.1120486 0.1064677 0.9879828 -0.1108875 0.1071268 0.9880425 -0.184963 0.06585526 0.9805365 -0.1846663 0 0.9828013 -0.1846673 0 0.9828011 -0.1846675 0 0.9828011 -0.5123878 0.07761567 0.8552395 -0.4432141 -0.0859692 0.892284 -0.1848533 -0.09271919 0.9783826 -0.2944074 -0.005197525 0.9556659 -0.3157067 0.007179558 0.9488297 -0.643028 0.002011179 0.7658401 -0.621107 -5.328e-4 0.7837256 -0.5541095 -5.40415e-4 0.8324437 -0.5122643 0.07739239 0.8553338 -0.5126277 0.07114815 0.8556582 0 0.9388142 0.3444244 -0.08519506 0.9154074 0.3934098 -0.09037369 0.9170432 0.3884127 0.03581684 0.8435864 0.5357977 0.03581798 0.8435624 0.5358355 -0.01526379 0.7120975 0.7019147 -0.1010231 0.7636128 0.6377225 0.003027558 0.02914416 0.9995707 -0.003101825 0.3498014 0.9368188 -0.08723068 0.530014 0.8434903 -0.009883821 0.3738616 0.9274318 0.01128286 0.6397607 0.7684913 0.01128643 0.6395041 0.7687049 0.00301826 0.03307819 0.9994483 0.003017544 0.01094561 0.9999356 0 0.02348023 0.9997243 -1 -4.64142e-6 0 -1 -9.728e-7 0 -1 7.38221e-6 0 -1 -2.27813e-6 0 -1 1.17926e-6 0 -1 -1.19501e-6 0 -1 8.93971e-7 0 -1 8.84069e-7 0 -1 1.26652e-6 0 -1 9.54195e-7 0 -1 -2.00442e-6 0 -1 2.38729e-7 0 -1 1.43507e-6 0 -1 -2.476e-7 0 -1 -4.92391e-7 0 -1 9.78158e-7 0 -1 1.94112e-6 0 -1 1.92406e-6 0 -1 -3.8106e-6 0 -1 -4.10365e-6 0 -1 3.72624e-6 0 -1 -4.30043e-6 0 -1 3.57951e-6 0 -1 -3.52627e-6 0 1 0 0 1 2.94052e-5 0 1 1.66612e-6 0 1 -2.20539e-5 0 1 3.0881e-7 0 1 -5.11006e-7 0 1 5.09784e-7 0 1 2.11717e-6 0 1 -1.0204e-6 0 1 -2.07664e-6 0 1 2.18725e-6 0 1 -3.9844e-6 0 1 -3.88477e-6 0 1 -2.11799e-6 0 1 5.6705e-7 0 1 -8.83432e-7 0 1 1.15251e-6 0 1 2.11419e-6 0 1 -1.36703e-6 0 1 4.15365e-6 0 1 3.81803e-6 0 1 -4.07408e-6 0 1 3.87858e-6 0 1 1.93504e-6 0 1 9.56615e-7 0 1 -2.04319e-6 0 1 1.4317e-6 0 1 -8.62886e-7 0 0.0308668 -0.8174179 0.5752176 0.01756596 -0.6014167 0.7987424 0.01710408 -0.3738238 0.9273421 -0.06371361 -0.5047973 0.8608834 -0.06369471 -0.5047584 0.8609076 0.006071865 -0.293007 0.9560911 0.006069719 -0.2937188 0.9558726 0.005887091 -0.01094549 0.9999229 -0.04249346 -0.2128897 0.9761518 0 0.01948148 0.9998102 0.03053575 -0.7118495 0.701668 -0.07142823 -0.7515809 0.6557623 -0.07140219 -0.7515749 0.655772 -0.05557936 -0.9186187 0.3912168 -0.0523777 -0.91749 0.3942951 0 -0.932056 0.3623144 0 -0.09145063 0.9958096 0 -0.09145075 0.9958096 0 -0.5546118 0.8321093 0 -0.5546122 0.8321091 0 -0.8839493 0.4675828 0 -0.8839496 0.4675824 -1 -5.28845e-6 0 -1 1.19704e-6 0 -1 5.28845e-6 0 -1 -2.18725e-6 0 -1 1.94576e-6 0 -1 -1.97297e-6 0 -1 1.23033e-6 0 -1 2.2393e-6 0 -1 3.75162e-6 0 -1 2.07682e-6 0 -1 4.00688e-6 0 -1 -3.93267e-6 0 -1 1.9755e-6 0 -1 9.56615e-7 0 -1 -4.77232e-7 0 -1 -8.62886e-7 0 -1 5.76259e-7 0 -1 -3.48541e-7 0 -1 -1.11665e-6 0 -1 9.03192e-7 0 -1 -2.11799e-6 0 -1 2.03308e-6 0 -1 -1.94238e-6 0 -1 -4.0003e-6 0 -1 -5.9766e-6 0 -1 1.95065e-6 0 -1 -2.2393e-6 0 -0.03273063 1.06631e-4 0.9994642 -0.04449713 -0.002391517 0.9990067 -0.0442171 -0.002318143 0.9990193 -0.03115916 0.002971112 0.9995101 -0.04578351 -0.001082777 0.9989509 -0.0406841 5.856e-4 0.999172 -0.03948593 -7.76565e-5 0.9992202 -0.01948064 0.0232715 0.9995394 -0.03563284 0.002793431 0.999361 -0.04764336 -7.90223e-4 0.9988642 -0.03964054 -7.73733e-5 0.9992141 -0.002280116 -0.0540111 0.9985377 -0.0126422 8.28426e-5 0.9999201 0 -0.002893626 0.9999959 -0.03745496 0.006569921 0.9992767 0 0 1 -0.01202327 1.51778e-4 0.9999277 1 -2.39407e-6 0 1 -6.04419e-7 0 1 1.61592e-6 0 1 -1.0227e-6 0 1 4.2922e-7 0 1 1.0227e-6 0 1 1.972e-6 0 1 -1.02255e-6 0 1 -1.94576e-6 0 1 4.4786e-6 0 1 1.95065e-6 0 1 -3.93818e-6 0 1 2.07214e-6 0 1 1.05899e-6 0 1 1.48305e-7 0 1 1.97297e-6 0 1 -2.73406e-7 0 1 -2.2393e-6 0 1 2.07682e-6 0 1 1.9755e-6 0 1 2.00954e-6 0 1 -1.93504e-6 0 1 -9.56615e-7 0 1 -1.4317e-6 0 0 -1 -3.76324e-7 0 -1 1.83519e-7 0 1 8.22928e-7 0 1 0 -1.23836e-7 0 1 0 0 1 0 -0.9659252 0.2588214 0 -0.9659261 0.2588179 0 -0.7071064 0.7071072 0 -0.7071073 0.7071063 0 -0.2588194 0.9659258 0 -0.2588194 0.9659258 3.14644e-7 0 1 1.41122e-7 0 1 -0.258804 -0.9659299 0 -0.2588041 -0.9659299 0 -0.7071373 -0.7070764 0 -0.7071375 -0.7070761 0 -0.9659145 -0.2588613 0 -0.9659146 -0.2588611 0 1.88162e-7 0 -1 2.32837e-7 0 -1 0 -0.7828885 0.6221621 0 -0.7828891 0.6221614 0 -0.8969564 0.442119 0 -0.9702829 0.2419735 0 -0.970283 0.2419731 0 -0.9995244 0.03084075 0 -0.9833553 -0.181693 0 -0.9833552 -0.1816934 0 -0.9225108 -0.3859714 0 -0.9225109 -0.3859711 0 -0.8197594 -0.5727083 0 -0.8197603 -0.5727069 0 -0.6797605 -0.7334343 0 -0.6797609 -0.7334339 0 -0.5088817 -0.8608365 0 -0.508881 -0.8608369 0 -0.3148769 -0.9491326 0 -0.3148771 -0.9491325 0 -0.1065702 -0.9943052 0 -0.1065704 -0.9943052 0 0.1065702 -0.9943052 0 0.1065704 -0.9943052 0 0.314877 -0.9491326 0 0.3148771 -0.9491325 0 0.5088815 -0.8608367 0 0.508881 -0.8608369 0 0.6797609 -0.7334339 0 0.6797605 -0.7334343 0 0.8197598 -0.5727077 0 0.8197601 -0.5727072 0 0.9225108 -0.3859714 0 0.9225106 -0.3859719 0 0.9833553 -0.181693 0 0.9833552 -0.1816934 0 0.9995244 0.03084164 0 0.9995244 0.03084075 0 0.9702829 0.2419735 0 0.970283 0.2419731 0 0.8969564 0.442119 0 0.782889 0.6221615 0 0.7828888 0.6221616 0 -0.7828888 0.6221616 0 -0.7828888 0.6221618 0 -0.8969566 0.4421187 0 -0.970283 0.2419734 0 -0.8197597 -0.5727078 0 -0.6797609 -0.7334338 0 -0.1065703 -0.9943052 0 -0.1065703 -0.9943052 0 0.1065703 -0.9943052 0 0.1065703 -0.9943052 0 0.5088817 -0.8608365 0 0.6797614 -0.7334334 0 0.9225105 -0.3859722 0 0.970283 0.2419734 0 0.8969566 0.4421187 0 0.7828893 0.6221611 0 0.7828885 0.6221621 3.14644e-7 0 -1 1.41122e-7 0 -1 -0.9659146 0.2588611 0 -0.9659145 0.2588613 0 -0.7071375 0.7070761 0 -0.7071373 0.7070764 0 -0.2588041 0.9659299 0 -0.258804 0.9659299 0 1.88163e-7 0 1 2.32837e-7 0 1 0 0.2588194 0.9659258 0 0.2588194 0.9659258 0 0.7071073 0.7071063 0 0.7071064 0.7071072 0 0.9659261 0.2588179 0 0.9659252 0.2588214 0 -0.2572748 0.9663383 0 -0.2572748 0.9663383 0 -0.450605 0.8927235 0 -0.4506044 0.8927237 0 -0.6246334 0.7809181 0 -0.6246328 0.7809186 1 4.62824e-7 0 1 2.29902e-6 0 1 -5.05947e-7 0 1 5.54518e-6 0 1 -2.66923e-6 0 1 8.85156e-7 0 1 1.69086e-6 0 1 -1.88303e-7 0 1 -1.98647e-6 0 1 8.1491e-7 0 1 -2.14945e-6 0 1 -2.37392e-6 0 1 8.19475e-7 0 1 1.28644e-6 0 1 7.51056e-7 0 1 -3.04043e-6 0 1 1.89012e-6 0 1 -1.22179e-6 0 1 -2.64364e-6 0 1 1.96038e-6 0 1 1.61853e-6 0 0 -0.174676 0.984626 0.02827703 -0.1071004 0.9938461 0.0432403 -0.09703814 0.994341 -0.01842564 0 0.9998303 0 0.1746755 0.9846261 0.03243684 0.0970782 0.9947481 0.04959386 0.1070111 0.9930202 -0.01842564 0 0.9998303 0 0.1746758 0.9846261 0 0.2877273 0.9577124 0 0.2877277 0.9577124 0 0.4674756 0.884006 0 0.467476 0.8840059 0 0.6295669 0.7769463 0 0.6295663 0.7769469 0 -0.1746755 0.9846261 0 -0.2877277 0.9577123 0 -0.2877272 0.9577124 0 -0.4674761 0.8840057 0 -0.4674755 0.884006 0 -0.6295663 0.7769469 0 -0.6295669 0.7769463 0 0.6246334 0.7809181 0 0.6246328 0.7809186 0 0.4506049 0.8927236 0 0.4506046 0.8927237 0 0.2572748 0.9663383 -0.1754202 0 0.9844937 -0.9844482 0.009762346 0.1754035 -0.1754149 0 0.9844946 -0.5382095 0 0.8428112 -0.5382091 0 0.8428114 -0.8414322 0 0.5403628 -0.8414313 0 0.5403642 -0.9827982 0 0.1846832 -0.9844043 -0.002508521 0.175903 1.30272e-5 -0.9975642 0.0697543 -3.27722e-6 -0.997564 0.06975746 0 -0.9975641 0.0697568 0 -0.9975641 0.06975716 4.72254e-6 -0.9975641 0.06975543 0 -0.9975641 0.0697565 0 0.3588882 0.9333807 0 0.5356392 0.844447 0 0.6914094 0.7224631 0 0.9774408 0.2112098 0 0.999893 0.01463901 0 0.9832037 -0.1825119 0 0.9832039 -0.182511 0 0.9280232 -0.3725224 0 0.8365172 -0.5479409 0 0.7122613 -0.7019146 0 0.5601298 -0.8284049 0 0.1968829 -0.980427 0 0.1968833 -0.980427 0 -0.1968829 -0.980427 0 -0.1968833 -0.980427 0 -0.5601298 -0.8284049 0 -0.7122614 -0.7019143 0 -0.9280236 -0.3725216 0 -0.9832037 -0.1825119 0 -0.999893 0.01463901 0 -0.9998929 0.01463997 0 -0.9774406 0.2112108 0 -0.6914097 0.722463 0 -0.5356394 0.8444468 0 -0.358888 0.9333807 0 0.9975641 0.06975668 -3.44107e-6 0.9975641 0.06975722 1.30272e-5 0.9975642 0.0697543 4.32955e-6 0.9975639 0.06975859 0 0.9975641 0.0697565 0 0.9975641 0.06975644 -0.991476 0 -0.1302894 -0.9914759 0 -0.1302906 -0.9237374 0 -0.3830265 -0.9237368 0 -0.3830279 -0.7071481 0 -0.7070656 -0.7071433 0 -0.7070704 -0.2588224 0 -0.9659249 -0.2588198 0 -0.9659256 0 0.9914448 -0.1305264 0 0.991445 -0.1305256 0 0.9238763 -0.3826913 0 0.9238765 -0.3826909 0 0.7071065 -0.7071072 0 0.7071066 -0.707107 0 0.2588203 -0.9659255 0 0.2588203 -0.9659255 0 1 -5.25643e-7 0 -1 -8.59352e-7 0 -0.7071066 -0.707107 0 -0.2588201 -0.9659255 0 -0.2588203 -0.9659255 0 -0.9914451 -0.1305253 0 -0.9914448 -0.1305263 0 -0.9238767 -0.3826906 0 -0.9238764 -0.382691 0 -0.7071065 -0.7071071 0 -1 7.91288e-7 0 -1 0 0 -1 -4.53615e-7 0 -1 -6.82786e-7 0 -1 1.50213e-7 0 1 0 0 1 0 0 1 1.7067e-7 0 0 -1 0 0 -1 7.36914e-7 0 -1 -1 -9.61274e-7 0 -1 1.07002e-6 0 -1 -4.67574e-6 0 -1 1.1779e-5 0 -1 -4.58871e-6 0 -1 2.18725e-6 0 -1 1.17263e-6 0 -1 1.73706e-6 0 -1 1.37191e-6 0 -1 -6.5452e-7 0 -1 -2.05055e-6 0 -1 3.81803e-6 0 -1 -1.9755e-6 0 -1 1.98984e-6 0 -1 -2.00954e-6 0 -1 1.93504e-6 0 -1 9.60946e-7 0 -1 -2.03639e-6 0 -1 -1.0216e-6 0 -1 4.77232e-7 0 -1 0 0 -1 -1.87956e-6 0 -1 1.91243e-6 0 -1 -3.93818e-6 0 -1 -1.9922e-6 0 0 -0.9948695 0.1011666 0 -0.9541377 0.2993682 0 -0.8743461 0.4853031 0 -0.8743464 0.4853023 0 -0.7587594 0.651371 0 -0.7587592 0.6513713 0 -0.6121096 0.790773 0 -0.61211 0.7907727 0 -0.440391 0.8978061 0 -0.4403909 0.8978062 0 -0.2506517 0.9680774 0 -0.2506517 0.9680774 0 -0.05064928 0.9987165 0 -0.05064928 0.9987165 0 0.1514276 0.9884684 0 0.1514276 0.9884684 0 0.3472983 0.9377548 0 0.3472984 0.9377548 0 0.528972 0.8486393 0 0.5289721 0.8486393 0 0.6889597 0.7247996 0 0.6889595 0.7247999 0 0.8207674 0.5712627 0 0.8207671 0.571263 0 0.9189578 0.3943561 0 0.9795298 0.2012997 0 0.9795295 0.2013015 0 0.9795295 -0.2013014 0 0.9795298 -0.2012997 0 0.9189578 -0.3943561 0 0.8207671 -0.571263 0 0.8207674 -0.5712627 0 0.6889595 -0.7247999 0 0.6889597 -0.7247996 0 0.528972 -0.8486393 0 0.5289721 -0.8486393 0 0.3472984 -0.9377548 0 0.3472983 -0.9377548 0 0.1514276 -0.9884684 0 0.1514276 -0.9884684 0 -0.05064928 -0.9987165 0 -0.05064928 -0.9987165 0 -0.2506517 -0.9680774 0 -0.2506517 -0.9680774 0 -0.4403909 -0.8978062 0 -0.440391 -0.8978062 0 -0.61211 -0.7907726 0 -0.6121096 -0.790773 0 -0.7587592 -0.6513713 0 -0.7587595 -0.651371 0 -0.8743464 -0.4853023 0 -0.8743461 -0.4853031 0 -0.9541377 -0.2993682 0 -0.9948695 -0.1011666 0.9823504 0.1186239 -0.1446236 0.9177756 -0.1294499 -0.3754073 0.9920406 0 -0.1259194 0.9920405 0 -0.1259196 0.9915198 0.002045571 -0.1299405 0.9255607 -0.002345383 -0.3785923 0.9237374 0 -0.3830265 0.7071244 0 -0.7070893 0.7071238 0 -0.7070898 0.258821 0 -0.9659254 0.2588188 0 -0.9659259 0.7071238 0 -0.7070899 0.258821 0 -0.9659253 0.2588188 0 -0.965926 0 0.01728332 0.9998507 0 0.01728332 0.9998507 0 -0.4227275 0.906257 0 -0.4227277 0.9062568 0 -0.7771849 0.6292723 0 -0.9743739 0.2249349 0 -0.9743739 0.2249346 0 0.6359691 0.7717146 0 0.6359694 0.7717144 0 0.4892481 0.8721446 0 0.4892477 0.8721449 0 0.3270701 0.9450001 0 0.3270703 0.9450001 0 -0.9833553 -0.1816932 0 -0.6797602 -0.7334345 0 -0.6797614 -0.7334334 0 -0.1065702 -0.9943052 0 0.1065702 -0.9943052 0 0.6797606 -0.733434 0 0.6797609 -0.7334338 0 0.9225109 -0.3859711 0 0.9833553 -0.1816932 0 -0.3270699 0.9450002 0 -0.3270704 0.9450001 0 -0.4892481 0.8721446 0 -0.4892477 0.8721449 0 -0.6359694 0.7717144 0 -0.6359691 0.7717146 0 0.9743739 0.2249349 0 0.9743739 0.2249346 0 0.7771849 0.6292723 0 0.4227275 0.906257 0 0.422728 0.9062567 0 -0.01728332 0.9998507 0 -0.01728332 0.9998507 -1 0 0 -1 0 0 -1 0 0 -1 0 0 -1 0 0 -1 0 0 -1 0 0 -1 0 0 -1 0 0 -1 0 0 -1 0 0 -1 0 0 -1 0 0 -1 0 0 -1 0 0 -1 0 0 -1 0 0 -1 0 0 -1 0 0 -1 0 0 -1 0 0 1 -9.54558e-7 0 1 9.56016e-7 0 1 9.58534e-7 0 1 -9.38871e-7 0 1 -4.98442e-6 0 1 0 0 1 5.01028e-7 0 1 5.81861e-7 0 1 -7.47779e-7 0 1 1.26743e-6 0 1 -9.81248e-7 0 1 -2.14247e-6 0 1 -1.93018e-6 0 1 1.97738e-6 0 1 -1.96547e-6 0 1 -1.9704e-6 0 1 9.94384e-7 0 1 5.15239e-7 0 1 -5.31299e-7 0 1 0 0 1 2.20475e-6 0 1 -4.38583e-7 0 1 -8.63292e-7 0 1 8.49034e-7 0 1 -4.72003e-6 0 0 0.9957339 -0.09227204 0 0.9957338 -0.09227287 0 0.9618269 -0.2736588 0 0.9618269 -0.2736589 0 0.8951629 -0.4457391 0 0.8951629 -0.4457391 0 0.7980182 -0.6026334 0 0.7980174 -0.6026345 0 0.6736965 -0.7390081 0 0.6736965 -0.7390081 0 0.5264312 -0.8502178 0 0.5264315 -0.8502177 0 0.3612452 -0.9324709 0 0.361245 -0.932471 0 0.183745 -0.982974 0 0.1837449 -0.982974 0 -0.1837449 -0.9829741 0 -0.1837449 -0.982974 0 -0.3612451 -0.9324709 0 -0.361245 -0.9324709 0 -0.5264314 -0.8502177 0 -0.5264315 -0.8502177 0 -0.6736963 -0.7390083 0 -0.6736965 -0.7390081 0 -0.7980178 -0.6026339 0 -0.7980182 -0.6026334 0 -0.8951629 -0.4457391 0 -0.8951629 -0.4457391 0 -0.9618269 -0.2736588 0 -0.9618272 -0.273658 0 -0.9957338 -0.09227287 0 -0.9957339 -0.09227204 0 -0.9957339 0.09227204 0 -0.9957338 0.09227287 0 -0.9618272 0.273658 0 -0.9618269 0.2736589 0 -0.8951629 0.4457391 0 -0.8951629 0.4457391 0 -0.7980182 0.6026334 0 -0.7980178 0.6026339 0 -0.6736965 0.7390081 0 -0.6736963 0.7390083 0 -0.5264314 0.8502177 0 -0.5264315 0.8502177 0 -0.3612451 0.9324709 0 -0.361245 0.9324709 0 -0.1837449 0.982974 0 -0.1837449 0.9829741 0 0.1837449 0.982974 0 0.183745 0.982974 0 0.361245 0.932471 0 0.3612452 0.9324709 0 0.5264314 0.8502177 0 0.5264312 0.8502178 0 0.6736965 0.7390081 0 0.6736965 0.7390081 0 0.7980174 0.6026345 0 0.7980182 0.6026334 0 0.8951629 0.4457391 0 0.8951629 0.4457391 0 0.9618269 0.2736588 0 0.9618269 0.2736589 0 0.9957338 0.09227287 0 0.9957339 0.09227204 0 0.9948689 0.1011723 0 0.9541413 0.2993569 0 0.874347 0.4853013 0 0.7587566 0.6513743 0 0.7587558 0.6513752 0 0.6121029 0.7907782 0 0.4403995 0.897802 0 0.4403997 0.8978019 0 0.2506533 0.968077 0 0.2506536 0.968077 0 0.05064457 0.9987168 0 0.05064457 0.9987168 0 -0.1514303 0.988468 0 -0.1514304 0.9884679 0 -0.3473057 0.937752 0 -0.5289602 0.8486467 0 -0.5289607 0.8486464 0 -0.6889664 0.7247933 0 -0.8207628 0.5712693 0 -0.9189572 0.3943576 0 -0.9189573 0.3943571 0 -0.9795311 0.2012935 0 -0.979531 0.2012937 0 -0.9795311 -0.2012935 0 -0.979531 -0.2012937 0 -0.9189573 -0.3943571 0 -0.9189572 -0.3943576 0 -0.8207628 -0.5712693 0 -0.6889664 -0.7247933 0 -0.5289603 -0.8486466 0 -0.5289606 -0.8486465 0 -0.3473057 -0.937752 0 -0.1514303 -0.9884679 0 -0.1514304 -0.988468 0 0.05064457 -0.9987168 0 0.05064451 -0.9987168 0 0.2506533 -0.968077 0 0.2506536 -0.968077 0 0.4403997 -0.8978019 0 0.4403995 -0.897802 0 0.6121026 -0.7907785 0 0.6121032 -0.7907779 0 0.7587562 -0.6513749 0 0.7587564 -0.6513746 0 0.874347 -0.4853013 0 0.9541413 -0.2993569 0 0.9948689 -0.1011723 0 0.9948689 -0.1011734 0 0.9948689 0.1011734 -1 0 0 1 -2.88054e-7 0 1 8.34978e-7 0 1 -4.39798e-7 0 1 -2.89859e-7 0 1 -5.77438e-7 0 1 0 0 1 1.44059e-7 0 1 -2.92613e-7 0 1 -8.25342e-7 0 1 8.1717e-7 0 1 -6.25683e-7 0 1 -4.16714e-7 0 1 1.17791e-6 0 1 -4.18789e-7 0 1 -4.14029e-7 0 1 6.20051e-7 0 1 7.97858e-7 0 1 5.79047e-7 0 1 2.88221e-7 0 1 8.30447e-7 0 1 -8.36191e-7 0 1 -8.11356e-7 0 1 -8.15304e-7 0 1 1.18068e-6 0 1 -8.00269e-7 0 1 5.76043e-7 0 1 5.87639e-7 0 1 0 0 1 5.77905e-7 0 1 5.80456e-7 0 1 4.04644e-7 0 1 0 0 0.1239284 -0.06230425 -0.9903333 0.09248906 -0.1865808 0.9780763 0.09249156 -0.1865717 0.978078 0.09249156 -0.3076936 0.9469795 0.09249025 -0.3076978 0.9469782 0.09249019 -0.4239431 0.9009539 0.09248763 -0.4239508 0.9009506 0.09248703 -0.5335353 0.8407059 0.09249085 -0.5335262 0.8407112 0.09249067 -0.6346983 0.7672051 0.09249281 -0.6346932 0.767209 0.09249246 -0.7258377 0.6816193 0.0924865 -0.72585 0.681607 0.09248679 -0.8055496 0.5852658 0.09248751 -0.8055483 0.5852675 0.09248733 -0.872552 0.4796864 0.09249019 -0.8725472 0.4796948 0.09249037 -0.9257885 0.3665533 0.09248799 -0.925792 0.3665449 0.09248828 -0.9644341 0.2476145 0.09249055 -0.9644321 0.2476212 0.09249055 -0.9878613 0.1248021 0.09248995 -0.9878615 0.1248018 0.09249007 -0.9957137 0 0.09249007 -0.9957137 0 0.09249001 -0.9878613 -0.1248021 0.09249055 -0.9878613 -0.1248018 0.09249061 -0.9644339 -0.2476144 0.09248834 -0.9644324 -0.2476213 0.09248793 -0.9257892 -0.3665522 0.09249037 -0.9257914 -0.3665459 0.09249025 -0.8725518 -0.4796863 0.09248727 -0.8725474 -0.479695 0.09248727 -0.805549 -0.5852667 0.09248697 -0.8055489 -0.5852668 0.09248673 -0.7258381 -0.6816197 0.0924921 -0.7258496 -0.6816067 0.09249299 -0.6346983 -0.7672048 0.09249055 -0.6346933 -0.7672092 0.09249085 -0.5335352 -0.8407055 0.09248721 -0.5335261 -0.8407115 0.09248727 -0.4239432 -0.9009541 0.09249043 -0.4239507 -0.9009503 0.09248983 -0.3076936 -0.9469797 0.09249192 -0.3076977 -0.946978 0.09249174 -0.1865808 -0.9780762 0.09248924 -0.1865717 -0.9780781 0.09248828 -0.06252509 -0.9937487 0.1239292 -0.06231182 0.9903327 0.09248822 -0.06252676 0.9937486 0.09249001 -0.06252521 0.9937486 0.1239319 -0.06230425 0.9903329 0.1239319 -0.1859453 0.9747129 0.1239255 -0.1859305 0.9747166 0.1239264 -0.3066288 0.9437272 0.1239309 -0.3066402 0.943723 0.1239308 -0.4225024 0.897849 0.1239262 -0.4224935 0.8978538 0.1239265 -0.5316917 0.8378223 0.1239267 -0.5316924 0.8378218 0.1239272 -0.6325097 0.7645741 0.1239282 -0.632512 0.7645722 0.1239285 -0.7233528 0.6792662 0.1239303 -0.7233548 0.6792637 0.1239302 -0.8027809 0.5832532 0.123929 -0.8027794 0.5832555 0.1239289 -0.8695517 0.4780393 0.1239255 -0.8695483 0.4780462 0.1239255 -0.9226069 0.3652931 0.1239291 -0.9226093 0.3652859 0.1239289 -0.9611162 0.2467738 0.1239303 -0.961117 0.2467702 0.1239303 -0.9844664 0.1243676 0.1239289 -0.984466 0.1243723 0.1239289 -0.9922912 0 0.1239289 -0.9922911 0 0.123929 -0.9844666 -0.1243677 0.1239303 -0.9844658 -0.1243723 0.1239303 -0.9611161 -0.2467737 0.1239289 -0.9611171 -0.2467703 0.123929 -0.9226065 -0.3652929 0.1239254 -0.9226097 -0.365286 0.1239256 -0.8695521 -0.4780395 0.123929 -0.869548 -0.478046 0.1239292 -0.8027811 -0.5832532 0.12393 -0.8027793 -0.5832554 0.1239298 -0.7233524 -0.6792665 0.1239287 -0.7233552 -0.6792635 0.1239282 -0.6325092 -0.7645743 0.1239272 -0.6325124 -0.7645719 0.1239268 -0.5316917 -0.8378223 0.1239264 -0.5316925 -0.8378219 0.1239265 -0.4225026 -0.8978495 0.1239308 -0.4224932 -0.8978533 0.123931 -0.3066285 -0.9437267 0.1239256 -0.3066406 -0.9437236 0.1239253 -0.1859456 -0.9747138 0.1239319 -0.1859302 -0.9747158 0.1239326 -0.06231182 -0.9903323 0.09248977 -0.06252676 -0.9937486 0.1478211 -0.06210291 -0.9870625 0.1478183 -0.06209856 -0.9870632 0.147817 -0.185323 -0.9714966 0.1478259 -0.1853313 -0.9714936 0.147826 -0.3056166 -0.9406094 0.1478245 -0.3056159 -0.9406098 0.1478244 -0.4211001 -0.894887 0.147832 -0.4211062 -0.8948829 0.1478319 -0.5299417 -0.8350495 0.147825 -0.5299351 -0.8350549 0.1478256 -0.6304242 -0.7620453 0.1478211 -0.6304205 -0.7620493 0.1478211 -0.7209606 -0.6770265 0.1478258 -0.7209631 -0.6770226 0.1478245 -0.8001245 -0.5813335 0.147832 -0.8001279 -0.581327 0.147833 -0.8666798 -0.4764572 0.147831 -0.866679 -0.4764594 0.1478303 -0.9195595 -0.3640833 0.147827 -0.9195588 -0.3640863 0.1478277 -0.9579428 -0.2459523 0.1478208 -0.9579421 -0.2459597 0.1478208 -0.9812152 -0.1239585 0.1478232 -0.981215 -0.1239581 0.1478231 -0.9890139 0 0.1478232 -0.9890139 0 0.1478232 -0.9812148 0.1239598 0.1478207 -0.9812155 0.1239568 0.1478209 -0.9579438 0.2459526 0.1478277 -0.9579411 0.2459594 0.147827 -0.91956 0.3640835 0.1478303 -0.9195584 0.3640862 0.1478313 -0.86668 0.4764574 0.1478331 -0.8666788 0.4764593 0.1478322 -0.800123 0.5813337 0.1478243 -0.8001295 0.5813268 0.1478251 -0.72096 0.6770261 0.1478217 -0.7209636 0.6770231 0.1478215 -0.6304243 0.7620461 0.1478254 -0.6304204 0.7620486 0.147825 -0.5299416 0.8350507 0.147832 -0.5299351 0.8350536 0.1478309 -0.4210991 0.8948863 0.1478253 -0.4211072 0.8948835 0.1478247 -0.3056166 0.9406096 0.1478258 -0.3056158 0.9406097 0.1478251 -0.1853228 0.9714953 0.1478177 -0.1853315 0.9714949 0.1478171 -0.06210297 0.987063 0.1478223 -0.0620985 0.9870625 0.1239284 0.06230425 0.9903333 0.09248906 0.1865808 -0.9780764 0.09249156 0.1865717 -0.978078 0.09249156 0.3076936 -0.9469795 0.09249031 0.307698 -0.9469781 0.09249013 0.4239429 -0.900954 0.09248763 0.4239508 -0.9009506 0.09248703 0.5335353 -0.8407059 0.09249085 0.5335262 -0.8407112 0.09249067 0.634698 -0.7672052 0.09249281 0.6346932 -0.767209 0.09249246 0.7258377 -0.6816193 0.0924865 0.72585 -0.681607 0.09248685 0.8055502 -0.5852651 0.09248751 0.8055483 -0.5852675 0.09248727 0.8725516 -0.4796873 0.09249019 0.8725472 -0.4796948 0.09249043 0.9257889 -0.3665522 0.09248781 0.9257925 -0.366544 0.09248787 0.9644341 -0.2476145 0.09249055 0.9644321 -0.2476212 0.09249055 0.9878613 -0.1248021 0.09248995 0.9878615 -0.1248018 0.09249007 0.9957137 0 0.09249007 0.9957137 0 0.09249001 0.9878613 0.1248021 0.09249055 0.9878613 0.1248018 0.09249061 0.9644342 0.2476133 0.09248793 0.9644321 0.2476224 0.09248781 0.9257892 0.3665522 0.09249037 0.9257922 0.366544 0.09249019 0.8725513 0.4796872 0.09248727 0.8725474 0.479695 0.09248733 0.8055495 0.5852659 0.09248697 0.8055489 0.5852668 0.09248673 0.7258381 0.6816197 0.0924921 0.7258496 0.6816067 0.09249293 0.6346977 0.7672053 0.09249061 0.6346936 0.767209 0.09249085 0.5335352 0.8407055 0.09248721 0.5335261 0.8407115 0.09248727 0.4239432 0.9009541 0.09249037 0.4239504 0.9009504 0.09248989 0.3076937 0.9469795 0.09249192 0.3076977 0.946978 0.09249174 0.1865808 0.9780762 0.09248924 0.1865716 0.9780781 0.09248828 0.06252509 0.9937487 0.1239292 0.06231182 -0.9903327 0.09248822 0.06252676 -0.9937486 0.09249001 0.06252521 -0.9937486 0.1239319 0.06230425 -0.9903329 0.1239319 0.1859453 -0.9747129 0.1239255 0.1859305 -0.9747166 0.1239264 0.3066288 -0.9437272 0.1239309 0.30664 -0.943723 0.1239309 0.4225027 -0.897849 0.1239262 0.4224935 -0.8978538 0.1239265 0.5316917 -0.8378223 0.1239267 0.5316924 -0.8378218 0.1239272 0.6325097 -0.7645741 0.1239282 0.632512 -0.7645722 0.1239285 0.7233528 -0.6792662 0.1239302 0.7233545 -0.6792641 0.1239302 0.8027809 -0.5832532 0.1239291 0.80278 -0.5832546 0.1239289 0.8695511 -0.4780403 0.1239255 0.8695483 -0.4780462 0.1239255 0.9226069 -0.3652931 0.1239292 0.9226102 -0.3652834 0.1239288 0.9611159 -0.246775 0.1239304 0.9611173 -0.2467689 0.1239303 0.9844663 -0.124369 0.1239289 0.984466 -0.1243723 0.1239289 0.9922912 0 0.1239289 0.9922911 0 0.123929 0.9844666 0.1243677 0.1239303 0.9844656 0.1243736 0.1239303 0.9611161 0.2467737 0.1239289 0.9611171 0.2467703 0.123929 0.9226065 0.3652929 0.1239255 0.9226107 0.3652836 0.1239256 0.8695521 0.4780395 0.1239289 0.8695474 0.4780471 0.1239293 0.8027817 0.5832523 0.12393 0.8027793 0.5832554 0.1239297 0.723352 0.6792668 0.1239287 0.7233552 0.6792635 0.1239282 0.6325092 0.7645743 0.1239272 0.6325124 0.7645719 0.1239268 0.5316917 0.8378223 0.1239264 0.5316925 0.8378219 0.1239265 0.4225026 0.8978495 0.1239309 0.4224935 0.8978532 0.123931 0.3066284 0.9437267 0.1239256 0.3066406 0.9437236 0.1239253 0.1859456 0.9747138 0.1239319 0.1859302 0.9747158 0.1239326 0.06231182 0.9903323 0.09248977 0.06252676 0.9937486 0.1478211 0.06210291 0.9870625 0.1478182 0.06209856 0.9870632 0.1478171 0.185323 0.9714965 0.1478259 0.1853313 0.9714936 0.147826 0.3056166 0.9406094 0.1478245 0.3056159 0.9406098 0.1478243 0.4211 0.8948872 0.147832 0.4211062 0.8948829 0.1478319 0.5299417 0.8350495 0.1478251 0.5299354 0.8350547 0.1478255 0.6304239 0.7620456 0.1478211 0.6304205 0.7620493 0.1478212 0.7209609 0.6770261 0.1478258 0.7209635 0.6770223 0.1478245 0.8001239 0.5813344 0.1478322 0.8001285 0.5813261 0.1478327 0.8666799 0.4764573 0.1478303 0.8666791 0.4764595 0.1478297 0.9195596 0.3640834 0.147827 0.9195588 0.3640863 0.1478277 0.9579428 0.2459523 0.1478209 0.9579424 0.2459584 0.1478208 0.9812151 0.1239599 0.1478232 0.9812151 0.1239567 0.1478231 0.9890139 0 0.1478232 0.9890139 0 0.1478232 0.981215 -0.1239585 0.1478207 0.9812153 -0.1239582 0.1478209 0.9579438 -0.2459526 0.1478278 0.9579414 -0.2459581 0.147827 0.91956 -0.3640835 0.1478295 0.9195584 -0.3640862 0.1478303 0.8666803 -0.4764575 0.1478331 0.8666788 -0.4764593 0.1478323 0.8001237 -0.5813328 0.1478242 0.8001288 -0.5813277 0.1478252 0.7209604 -0.6770257 0.1478217 0.720964 -0.6770227 0.1478214 0.6304239 -0.7620464 0.1478254 0.6304204 -0.7620486 0.1478251 0.5299419 -0.8350506 0.147832 0.5299351 -0.8350536 0.1478309 0.4210991 -0.8948863 0.1478253 0.421107 -0.8948836 0.1478247 0.3056166 -0.9406096 0.1478258 0.3056158 -0.9406097 0.1478251 0.1853228 -0.9714953 0.1478177 0.1853315 -0.9714948 0.1478171 0.06210291 -0.987063 0.1478223 0.0620985 -0.9870626 -0.06433206 -0.99522 0.07347559 -0.06433069 -0.9952199 0.07347726 -0.06433087 -0.9806845 0.1847147 -0.06433719 -0.9806851 0.1847094 -0.06433749 -0.9537596 0.2936044 -0.06431305 -0.9537547 0.2936257 -0.06431287 -0.9147723 0.3988178 -0.06434005 -0.9147805 0.3987944 -0.06434142 -0.8642318 0.4989626 -0.0643323 -0.8642289 0.4989688 -0.0643329 -0.8027657 0.5928142 -0.06432247 -0.8027614 0.5928211 -0.06432223 -0.7311552 0.6791722 -0.0643326 -0.7311618 0.6791641 -0.0643351 -0.650307 0.7569425 -0.0643379 -0.65031 0.7569397 -0.06433981 -0.5612457 0.8251447 -0.06432312 -0.5612348 0.8251535 -0.05913513 -0.9955404 0.0735014 -0.05913764 -0.9955404 0.0734992 -0.05913758 -0.9809998 0.1847757 -0.05913829 -0.981 0.1847752 -0.05913949 -0.9540657 0.2937026 -0.05914503 -0.9540666 0.2936986 -0.05914449 -0.9150656 0.3989448 -0.05914324 -0.9150648 0.3989468 -0.05914282 -0.8645108 0.4991224 -0.05914318 -0.8645099 0.499124 -0.0591436 -0.8030281 0.5929992 -0.05913794 -0.8030251 0.5930038 -0.05913859 -0.7313919 0.6793885 -0.05913484 -0.7313898 0.679391 -0.05913519 -0.6505191 0.7571843 -0.05913203 -0.650518 0.7571855 -0.05913364 -0.5614219 0.8254142 -0.05913692 -0.5614259 0.8254113 -0.0519877 -0.9953961 0.08052307 -0.05197215 -0.9953958 0.0805357 -0.05197227 -0.9772763 0.2054994 -0.05198734 -0.9772781 0.2054871 -0.05198752 -0.9435312 0.327179 -0.05196332 -0.943526 0.327198 -0.05196452 -0.8946956 0.4436434 -0.05197054 -0.894698 0.4436379 -0.05196976 -0.8315539 0.5530076 -0.05197137 -0.8315545 0.5530064 -0.05197149 -0.7551141 0.6535302 -0.05198198 -0.7551191 0.6535236 -0.0519827 -0.6666044 0.743597 -0.05198776 -0.6666073 0.7435941 -0.05198645 -0.5674371 0.821774 -0.05198389 -0.5674341 0.8217764 -0.05002444 -0.9954959 0.08053308 -0.0500282 -0.9954959 0.08053106 -0.05002844 -0.9773719 0.2055273 -0.0500366 -0.9773731 0.2055197 -0.05003583 -0.9436219 0.327222 -0.05004894 -0.9436249 0.3272113 -0.05004906 -0.8947829 0.4436877 -0.05004924 -0.8947837 0.4436858 -0.05004924 -0.831641 0.5530537 -0.05003803 -0.8316358 0.5530624 -0.05003857 -0.7551902 0.6535932 -0.05003613 -0.7551879 0.6535959 -0.05003654 -0.6666712 0.7436706 -0.0500319 -0.6666707 0.7436714 -0.05003356 -0.5674963 0.8218545 -0.05002826 -0.5674931 0.821857 -0.05221641 -0.995384 0.08052426 -0.05222904 -0.9953844 0.08051234 -0.05222886 -0.9772629 0.2054983 -0.05222737 -0.9772623 0.2055011 -0.05222684 -0.943518 0.3271792 -0.05222451 -0.9435177 0.3271804 -0.05222582 -0.894682 0.4436401 -0.0522173 -0.8946792 0.4436467 -0.05221647 -0.8315474 0.5529941 -0.05222159 -0.8315495 0.5529904 -0.05222123 -0.7551015 0.6535248 -0.05223244 -0.7551071 0.6535176 -0.05223071 -0.666603 0.7435808 -0.05221486 -0.6665917 0.7435921 -0.05221527 -0.5674204 0.8217712 -0.05222463 -0.5674272 0.8217659 -0.05843049 -0.9950412 0.08049172 -0.05842632 -0.9950411 0.08049631 -0.05842638 -0.976926 0.2054315 -0.05842941 -0.9769269 0.205426 -0.05842918 -0.9431914 0.3270719 -0.0584349 -0.943193 0.3270667 -0.05843424 -0.8943807 0.4434733 -0.05841678 -0.894375 0.4434871 -0.05841678 -0.8312543 0.5528144 -0.05843317 -0.8312601 0.552804 -0.05843371 -0.7548477 0.6532921 -0.05841994 -0.7548408 0.6533012 -0.05842119 -0.6663658 0.7433328 -0.0584352 -0.6663721 0.7433261 -0.05843412 -0.5672343 0.8214809 -0.05841964 -0.5672258 0.8214877 -0.06434124 -0.4339804 0.8986219 -0.06433576 -0.4339756 0.8986247 -0.06433576 -0.3303797 0.9416529 -0.06433552 -0.33038 0.9416528 -0.06433856 -0.2225934 0.9727861 -0.06434094 -0.2225962 0.9727852 -0.06434053 -0.1120144 0.9916214 -0.06432932 -0.1120046 0.9916234 -0.06432992 0 0.9979287 -0.06433051 0 0.9979287 -0.06433004 0.1120144 0.9916222 -0.06433975 0.1120047 0.9916226 -0.06434118 0.2225937 0.9727858 -0.06433838 0.2225961 0.9727855 -0.06433576 0.3303791 0.9416531 -0.06433552 0.3303806 0.9416526 -0.064336 0.4339801 0.8986225 -0.06434094 0.4339759 0.8986241 -0.05913168 -0.4341168 0.8989139 -0.05913567 -0.4341204 0.8989118 -0.05913639 -0.3304921 0.9419543 -0.05912858 -0.3304857 0.941957 -0.05912846 -0.2226576 0.973102 -0.05913698 -0.2226657 0.9730997 -0.05913788 -0.1120506 0.9919412 -0.05913895 -0.1120507 0.9919412 -0.05913805 0 0.9982499 -0.05913746 0 0.9982499 -0.05913788 0.1120506 0.9919412 -0.05913895 0.1120507 0.9919412 -0.05913805 0.2226572 0.9731016 -0.0591275 0.2226658 0.9731001 -0.05912816 0.3304929 0.9419546 -0.05913668 0.3304849 0.9419568 -0.05913573 0.4341172 0.8989134 -0.05913162 0.43412 0.8989124 -0.05196565 -0.4279574 0.9023038 -0.05197685 -0.4279675 0.9022984 -0.05197685 -0.3106734 0.9490945 -0.05197256 -0.3106701 0.9490959 -0.05197262 -0.1884117 0.980714 -0.05197578 -0.1884139 0.9807134 -0.05197358 -0.06313657 0.9966507 -0.05197942 -0.06314057 0.9966501 -0.05197942 0.06313657 0.9966503 -0.05197358 0.06314063 0.9966505 -0.05197495 0.1884117 0.9807139 -0.05197346 0.1884139 0.9807135 -0.05197215 0.3106734 0.9490948 -0.05197727 0.3106701 0.9490956 -0.05197733 0.4279578 0.9023029 -0.05196517 0.4279668 0.9022993 -0.05004155 -0.4280058 0.9023895 -0.05003356 -0.4279998 0.9023928 -0.05003076 -0.3106977 0.9491912 -0.05004167 -0.3107041 0.9491885 -0.05003958 -0.18843 0.9808111 -0.05004221 -0.1884301 0.9808108 -0.0500406 -0.06314843 0.9967489 -0.05003577 -0.06314295 0.9967495 -0.0500344 0.06314843 0.9967492 -0.05004197 0.06314289 0.9967491 -0.05004084 0.1884297 0.9808111 -0.05004096 0.1884301 0.9808109 -0.05003947 0.3106976 0.9491907 -0.05003303 0.3107044 0.949189 -0.0500341 0.4280058 0.90239 -0.05004096 0.4279997 0.9023925 -0.05221861 -0.42795 0.9022927 -0.05222606 -0.4279585 0.9022882 -0.05222713 -0.3106736 0.9490808 -0.05221748 -0.310667 0.9490834 -0.05221956 -0.1884098 0.9807013 -0.05221283 -0.1884041 0.9807027 -0.05221402 -0.0631327 0.9966384 -0.0522232 -0.06314128 0.9966373 -0.05222338 0.0631327 0.9966379 -0.0522139 0.06314122 0.9966379 -0.05221253 0.1884093 0.9807018 -0.05221986 0.1884046 0.9807022 -0.0522201 0.3106747 0.9490809 -0.05222451 0.3106671 0.949083 -0.05222803 0.427951 0.9022917 -0.0522167 0.4279584 0.9022887 -0.05843293 -0.4278171 0.9019746 -0.05841308 -0.4278057 0.9019814 -0.05841279 -0.3105514 0.9487602 -0.05843269 -0.3105658 0.9487542 -0.05843269 -0.1883532 0.9803616 -0.05842304 -0.188345 0.9803637 -0.0584228 -0.0631116 0.9962951 -0.05842083 -0.06311112 0.9962952 -0.05842149 0.06311166 0.996295 -0.05842214 0.06311082 0.9962951 -0.05842113 0.1883536 0.9803621 -0.05843454 0.1883449 0.9803631 -0.0584321 0.3105511 0.9487591 -0.0584135 0.3105661 0.9487553 -0.05841493 0.4278186 0.901975 -0.05843102 0.4278041 0.9019809 -0.06432408 0.5612462 0.8251455 -0.06433874 0.5612342 0.8251525 -0.06433773 0.6503072 0.7569421 -0.06433391 0.6503095 0.7569404 -0.06433272 0.7311559 0.6791703 -0.06432223 0.7311611 0.6791658 -0.06432318 0.8027668 0.5928138 -0.06433218 0.8027609 0.5928207 -0.06433284 0.8642327 0.4989623 -0.06434082 0.8642275 0.4989701 -0.06434053 0.9147706 0.3988171 -0.06431281 0.9147827 0.3987941 -0.06431293 0.953761 0.2936052 -0.06433749 0.9537528 0.293626 -0.06433725 0.9806841 0.1847146 -0.06433087 0.9806858 0.1847082 -0.06433057 0.99522 0.07347679 -0.06433206 0.9952198 0.07347726 -0.05913776 0.5614221 0.8254138 -0.05913287 0.561426 0.8254116 -0.05913305 0.6505196 0.757184 -0.05913347 0.6505172 0.7571861 -0.05913382 0.731392 0.6793887 -0.0591396 0.7313903 0.6793901 -0.05913823 0.8030278 0.5930001 -0.05914324 0.8030247 0.5930039 -0.05914312 0.8645102 0.4991234 -0.05914288 0.8645105 0.4991229 -0.05914348 0.9150657 0.3989448 -0.05914425 0.9150648 0.3989468 -0.05914533 0.9540649 0.2937041 -0.05913931 0.9540672 0.2936975 -0.05913841 0.981 0.1847748 -0.05913746 0.9810001 0.1847746 -0.05913764 0.9955401 0.07350277 -0.05913513 0.9955405 0.0734992 -0.05198407 0.5674369 0.8217744 -0.05198627 0.5674346 0.8217759 -0.05198866 0.6666038 0.7435971 -0.05198186 0.6666069 0.7435948 -0.05198204 0.7551137 0.6535299 -0.05197143 0.7551196 0.653524 -0.05197095 0.8315544 0.5530067 -0.05197024 0.8315545 0.5530064 -0.05197066 0.8946949 0.4436442 -0.0519644 0.8946984 0.443638 -0.05196326 0.9435324 0.3271794 -0.05198746 0.9435248 0.3271976 -0.05198729 0.9772755 0.2054992 -0.05197238 0.9772788 0.2054873 -0.05197221 0.9953969 0.08052295 -0.05198758 0.9953951 0.08053588 -0.05002731 0.5674959 0.8218551 -0.05003452 0.5674935 0.8218563 -0.05003279 0.6666723 0.7436699 -0.05003553 0.6666699 0.7436718 -0.05003625 0.7551898 0.6535937 -0.05003851 0.7551888 0.6535946 -0.05003744 0.8316415 0.553054 -0.05004978 0.8316353 0.5530622 -0.05004954 0.8947828 0.4436877 -0.05004876 0.8947834 0.4436869 -0.05004942 0.9436215 0.327221 -0.05003547 0.9436256 0.3272112 -0.05003666 0.9773714 0.2055272 -0.05002838 0.9773731 0.205521 -0.05002832 0.9954957 0.08053308 -0.05002439 0.9954961 0.08053106 -0.05222588 0.5674192 0.8217713 -0.05221408 0.5674282 0.8217657 -0.05221426 0.6666033 0.7435817 -0.05223119 0.6665911 0.7435915 -0.05223244 0.7551017 0.6535238 -0.05222135 0.7551075 0.6535179 -0.05222111 0.8315472 0.552994 -0.05221694 0.8315492 0.5529914 -0.05221748 0.8946829 0.4436393 -0.05222558 0.8946789 0.4436466 -0.05222421 0.9435184 0.3271785 -0.05222707 0.943517 0.3271821 -0.05222725 0.9772627 0.2054995 -0.05222892 0.9772625 0.2055 -0.05222916 0.9953835 0.08052206 -0.05221641 0.9953849 0.08051335 -0.05842 0.5672348 0.8214816 -0.05843371 0.5672241 0.8214879 -0.058434 0.666365 0.7433325 -0.05842244 0.6663735 0.7433258 -0.05842018 0.7548477 0.6532933 -0.05843341 0.7548402 0.6533007 -0.05843293 0.8312541 0.552813 -0.05841714 0.8312603 0.5528054 -0.0584166 0.8943822 0.4434728 -0.05843436 0.8943741 0.4434866 -0.05843484 0.9431915 0.3270707 -0.0584293 0.9431928 0.3270679 -0.05842953 0.976926 0.2054302 -0.05842626 0.9769269 0.2054272 -0.05842649 0.9950414 0.08049303 -0.05843025 0.995041 0.08049499 -0.05222588 -0.5674195 -0.821771 -0.05221408 -0.567428 -0.821766 -0.05221426 -0.6666036 -0.7435814 -0.05223119 -0.6665911 -0.7435915 -0.05223244 -0.7551017 -0.6535238 -0.05222129 -0.7551068 -0.6535186 -0.05222111 -0.8315472 -0.552994 -0.05221694 -0.8315497 -0.5529905 -0.05221748 -0.8946829 -0.4436393 -0.05222558 -0.8946784 -0.4436475 -0.05222421 -0.9435184 -0.3271785 -0.05222707 -0.9435174 -0.3271811 -0.05222725 -0.9772627 -0.2054995 -0.05222892 -0.9772625 -0.2055 -0.05222916 -0.9953835 -0.08052325 -0.05221641 -0.9953849 -0.08051335 -0.05842 -0.5672348 -0.8214816 -0.05843377 -0.5672245 -0.8214877 -0.058434 -0.6663647 -0.7433328 -0.05842244 -0.6663731 -0.7433261 -0.05842018 -0.7548484 -0.6532926 -0.05843341 -0.7548402 -0.6533007 -0.05843287 -0.8312535 -0.5528139 -0.0584172 -0.8312609 -0.5528045 -0.05841654 -0.8943817 -0.4434738 -0.05843436 -0.8943741 -0.4434866 -0.05843484 -0.9431915 -0.3270707 -0.0584293 -0.9431928 -0.3270679 -0.05842953 -0.9769263 -0.205429 -0.05842626 -0.9769266 -0.2054285 -0.05842655 -0.9950415 -0.08049172 -0.05843025 -0.9950409 -0.08049625 -0.05198407 -0.5674366 -0.8217746 -0.05198627 -0.5674346 -0.8217759 -0.05198866 -0.6666035 -0.7435973 -0.05198192 -0.6666075 -0.7435942 -0.05198204 -0.7551137 -0.6535299 -0.05197143 -0.7551196 -0.653524 -0.05197089 -0.8315538 -0.5530075 -0.05197024 -0.8315545 -0.5530064 -0.05197066 -0.8946949 -0.4436442 -0.05196446 -0.8946988 -0.443637 -0.05196326 -0.9435324 -0.3271794 -0.05198746 -0.9435248 -0.3271976 -0.05198729 -0.9772755 -0.2054992 -0.05197238 -0.9772788 -0.2054873 -0.05197221 -0.9953969 -0.08052295 -0.05198758 -0.9953951 -0.08053588 -0.05002731 -0.5674962 -0.8218548 -0.05003446 -0.5674932 -0.8218564 -0.05003273 -0.666672 -0.7436701 -0.05003559 -0.6666706 -0.7436712 -0.05003625 -0.7551898 -0.6535937 -0.05003845 -0.7551882 -0.6535953 -0.05003744 -0.8316415 -0.553054 -0.05004978 -0.8316353 -0.5530622 -0.05004954 -0.8947834 -0.4436868 -0.05004876 -0.8947834 -0.4436869 -0.05004942 -0.9436215 -0.327221 -0.05003547 -0.9436253 -0.3272122 -0.05003666 -0.9773717 -0.205526 -0.05002838 -0.9773731 -0.205521 -0.05002832 -0.9954956 -0.08053433 -0.05002439 -0.9954962 -0.0805298 -0.06432408 -0.5612462 -0.8251455 -0.06433874 -0.5612342 -0.8251525 -0.06433773 -0.6503069 -0.7569423 -0.06433397 -0.6503102 -0.7569399 -0.06433266 -0.7311553 -0.679171 -0.06432229 -0.7311617 -0.6791651 -0.06432318 -0.8027668 -0.5928138 -0.06433212 -0.8027603 -0.5928215 -0.06433284 -0.8642327 -0.4989623 -0.06434082 -0.8642281 -0.4989691 -0.06434053 -0.9147706 -0.3988171 -0.06431275 -0.9147822 -0.3987952 -0.06431293 -0.953761 -0.2936052 -0.06433749 -0.9537532 -0.2936248 -0.06433725 -0.9806841 -0.1847146 -0.06433087 -0.9806855 -0.1847094 -0.06433057 -0.9952201 -0.07347553 -0.06433206 -0.9952198 -0.07347726 -0.05913776 -0.5614218 -0.8254141 -0.05913287 -0.561426 -0.8254116 -0.05913311 -0.6505199 -0.7571837 -0.05913347 -0.6505172 -0.7571861 -0.05913382 -0.731392 -0.6793887 -0.05913954 -0.7313896 -0.6793909 -0.05913823 -0.8030278 -0.5930001 -0.05914324 -0.8030254 -0.593003 -0.05914312 -0.8645097 -0.4991245 -0.05914288 -0.8645111 -0.499122 -0.05914348 -0.9150651 -0.3989459 -0.05914425 -0.9150652 -0.3989456 -0.05914533 -0.9540649 -0.2937041 -0.05913931 -0.9540672 -0.2936975 -0.05913841 -0.9809998 -0.1847762 -0.05913746 -0.9810001 -0.1847746 -0.05913764 -0.9955403 -0.0735014 -0.05913513 -0.9955405 -0.0734992 -0.05222338 -0.0631327 -0.9966379 -0.0522139 -0.06314116 -0.9966378 -0.05221253 -0.1884093 -0.9807018 -0.05221986 -0.1884046 -0.9807022 -0.0522201 -0.3106747 -0.9490809 -0.05222451 -0.310667 -0.9490831 -0.05222803 -0.427951 -0.9022917 -0.0522167 -0.4279584 -0.9022887 -0.05842149 -0.06311166 -0.996295 -0.05842214 -0.06311082 -0.9962951 -0.05842113 -0.1883536 -0.9803622 -0.05843454 -0.1883449 -0.9803631 -0.0584321 -0.3105511 -0.9487591 -0.0584135 -0.3105661 -0.9487553 -0.05841493 -0.4278186 -0.901975 -0.05843102 -0.4278041 -0.9019809 -0.05221861 0.42795 -0.9022927 -0.05222606 0.4279585 -0.9022882 -0.05222719 0.3106737 -0.9490808 -0.05221748 0.310667 -0.9490834 -0.05221956 0.1884098 -0.9807013 -0.05221283 0.1884041 -0.9807028 -0.05221402 0.0631327 -0.9966384 -0.0522232 0.06314128 -0.9966373 -0.05843299 0.4278174 -0.9019744 -0.05841308 0.4278054 -0.9019814 -0.05841279 0.3105514 -0.9487602 -0.05843269 0.3105658 -0.9487542 -0.05843269 0.1883532 -0.9803616 -0.05842304 0.188345 -0.9803637 -0.0584228 0.0631116 -0.9962951 -0.05842083 0.06311112 -0.9962952 -0.05197942 -0.06313657 -0.9966503 -0.05197364 -0.06314063 -0.9966504 -0.05197495 -0.1884117 -0.9807139 -0.05197346 -0.1884139 -0.9807135 -0.05197215 -0.3106735 -0.9490948 -0.05197727 -0.3106701 -0.9490956 -0.05197733 -0.4279578 -0.9023029 -0.05196523 -0.427967 -0.9022992 -0.0500344 -0.06314843 -0.9967492 -0.05004197 -0.06314289 -0.9967492 -0.05004084 -0.1884297 -0.9808111 -0.05004096 -0.1884301 -0.9808109 -0.05003947 -0.3106975 -0.9491909 -0.05003303 -0.3107044 -0.949189 -0.0500341 -0.4280058 -0.90239 -0.05004101 -0.4279999 -0.9023924 -0.05196559 0.4279572 -0.9023039 -0.05197685 0.4279675 -0.9022984 -0.05197685 0.3106734 -0.9490945 -0.05197256 0.3106701 -0.9490959 -0.05197262 0.1884117 -0.980714 -0.05197578 0.1884139 -0.9807134 -0.05197358 0.06313657 -0.9966508 -0.05197942 0.06314057 -0.9966501 -0.05004155 0.4280056 -0.9023897 -0.05003356 0.4279998 -0.9023928 -0.05003076 0.3106977 -0.9491912 -0.05004173 0.3107042 -0.9491885 -0.05003958 0.18843 -0.9808111 -0.05004221 0.1884301 -0.9808108 -0.0500406 0.06314843 -0.9967489 -0.05003577 0.06314295 -0.9967495 -0.06435585 -0.05048418 -0.9966493 -0.06434094 -0.05049955 -0.9966495 -0.06434142 -0.1509578 -0.9864442 -0.06435281 -0.1509451 -0.9864453 -0.06435281 -0.2498528 -0.966143 -0.06435388 -0.2498531 -0.9661428 -0.06435251 -0.3462118 -0.9359468 -0.06435251 -0.3462132 -0.9359462 -0.06435132 -0.4390353 -0.8961624 -0.06435978 -0.4390255 -0.8961665 -0.05916059 -0.05049455 -0.9969706 -0.05915474 -0.05050051 -0.9969707 -0.059156 -0.1510029 -0.9867618 -0.05915039 -0.1510068 -0.9867615 -0.05915117 -0.2499386 -0.9664533 -0.05915623 -0.2499328 -0.9664545 -0.05915504 -0.346327 -0.9362469 -0.05916196 -0.3463234 -0.9362478 -0.05916041 -0.4391654 -0.8964563 -0.0591486 -0.4391762 -0.8964518 -0.06436151 0.4390353 -0.8961617 -0.06434965 0.4390256 -0.8961673 -0.06435108 0.3462114 -0.9359469 -0.06435394 0.3462133 -0.9359461 -0.06435137 0.249853 -0.9661431 -0.06435531 0.2498531 -0.9661428 -0.06435304 0.1509577 -0.9864434 -0.06434124 0.1509453 -0.9864461 -0.06433981 0.05048424 -0.9966503 -0.06435686 0.05049961 -0.9966484 -0.05914831 0.4391657 -0.8964569 -0.05916064 0.4391759 -0.8964512 -0.05916112 0.3463279 -0.9362463 -0.05915588 0.3463227 -0.9362486 -0.0591557 0.2499383 -0.966453 -0.0591517 0.2499328 -0.9664548 -0.05915147 0.1510031 -0.986762 -0.05915492 0.1510064 -0.9867613 -0.05915457 0.05049455 -0.996971 -0.05916076 0.05050045 -0.9969704 -0.05221641 0.9953842 -0.08052313 -0.05222904 0.9953844 -0.08051234 -0.05222886 0.9772629 -0.2054983 -0.05222737 0.9772623 -0.2055011 -0.05222684 0.943518 -0.3271792 -0.05222445 0.9435174 -0.3271815 -0.05222582 0.894682 -0.4436401 -0.0522173 0.8946797 -0.4436458 -0.05221647 0.8315474 -0.5529941 -0.05222159 0.8315489 -0.5529912 -0.05222129 0.755102 -0.6535242 -0.05223244 0.7551071 -0.6535176 -0.05223065 0.6666024 -0.7435814 -0.05221492 0.666592 -0.7435919 -0.05221527 0.5674204 -0.8217712 -0.05222463 0.5674272 -0.8217659 -0.05843049 0.9950412 -0.08049172 -0.05842632 0.9950411 -0.08049631 -0.05842638 0.9769262 -0.2054302 -0.05842936 0.9769267 -0.2054272 -0.05842924 0.9431918 -0.3270708 -0.05843484 0.9431925 -0.3270678 -0.05843424 0.8943807 -0.4434733 -0.05841684 0.8943756 -0.4434861 -0.05841678 0.8312543 -0.5528144 -0.05843317 0.8312601 -0.552804 -0.05843365 0.754847 -0.6532928 -0.05841994 0.7548408 -0.6533012 -0.05842119 0.6663662 -0.7433325 -0.0584352 0.6663724 -0.7433258 -0.05843406 0.567234 -0.8214811 -0.05841964 0.5672258 -0.8214877 -0.0519877 0.9953961 -0.08052307 -0.05197215 0.9953958 -0.0805357 -0.05197227 0.9772763 -0.2054994 -0.05198734 0.9772781 -0.2054871 -0.05198752 0.9435312 -0.327179 -0.05196332 0.943526 -0.327198 -0.05196452 0.8946956 -0.4436434 -0.05197054 0.8946976 -0.4436388 -0.05196976 0.8315545 -0.5530067 -0.05197137 0.8315545 -0.5530064 -0.05197143 0.7551136 -0.653531 -0.05198198 0.7551197 -0.653523 -0.0519827 0.6666044 -0.743597 -0.0519877 0.666607 -0.7435943 -0.05198645 0.5674371 -0.821774 -0.05198389 0.5674344 -0.8217762 -0.05002444 0.9954959 -0.08053308 -0.0500282 0.9954959 -0.08053106 -0.05002844 0.9773719 -0.2055273 -0.0500366 0.9773728 -0.2055209 -0.05003589 0.9436222 -0.3272209 -0.05004894 0.9436249 -0.3272113 -0.05004906 0.8947829 -0.4436877 -0.05004924 0.8947833 -0.4436868 -0.05004924 0.831641 -0.5530537 -0.05003803 0.8316358 -0.5530624 -0.05003863 0.7551909 -0.6535925 -0.05003613 0.7551879 -0.6535959 -0.05003654 0.6666712 -0.7436706 -0.05003184 0.6666704 -0.7436716 -0.05003356 0.5674963 -0.8218545 -0.05002826 0.5674931 -0.821857 -0.06433206 0.99522 -0.07347691 -0.06433069 0.9952199 -0.07347726 -0.06433087 0.9806848 -0.1847134 -0.06433719 0.9806851 -0.1847094 -0.06433749 0.9537596 -0.2936044 -0.06431299 0.9537543 -0.2936269 -0.06431293 0.9147727 -0.3988167 -0.06434005 0.9147805 -0.3987944 -0.06434142 0.8642318 -0.4989626 -0.0643323 0.8642283 -0.4989698 -0.06433296 0.8027663 -0.5928134 -0.06432247 0.8027614 -0.5928211 -0.06432223 0.7311552 -0.6791722 -0.0643326 0.7311618 -0.6791641 -0.0643351 0.650307 -0.7569425 -0.06433784 0.6503096 -0.7569399 -0.06433981 0.5612457 -0.8251447 -0.06432312 0.5612348 -0.8251535 -0.05913513 0.9955404 -0.0735014 -0.05913764 0.9955403 -0.07350051 -0.05913758 0.9810001 -0.1847743 -0.05913829 0.981 -0.1847752 -0.05913949 0.9540657 -0.2937026 -0.05914503 0.9540666 -0.2936986 -0.05914449 0.9150656 -0.3989448 -0.05914324 0.9150648 -0.3989468 -0.05914282 0.8645102 -0.4991234 -0.05914318 0.8645105 -0.4991229 -0.0591436 0.8030281 -0.5929992 -0.05913788 0.8030245 -0.5930047 -0.05913859 0.7313919 -0.6793885 -0.05913484 0.7313905 -0.6793903 -0.05913519 0.6505191 -0.7571843 -0.05913203 0.6505177 -0.7571858 -0.05913364 0.5614219 -0.8254142 -0.05913698 0.5614262 -0.8254112 9.67843e-7 -0.01745194 -0.9998478 0 -0.01745295 -0.9998478 0 -0.01745289 -0.9998477 1 3.13658e-6 0 1 -1.34508e-6 0 1 -1.72849e-6 0 1 1.33466e-6 0 1 -1.33033e-6 0 1 8.67115e-7 0 0 0.8571625 0.5150462 -3.83811e-6 0.8571674 0.515038 3.69279e-6 0.8571624 0.5150463 -1 0 0 -1 3.8296e-7 0 -1 1.79668e-6 0 -1 -6.67454e-7 0 3.92718e-7 -0.01745313 -0.9998477 0 -0.01745355 -0.9998477 -3.27612e-7 -0.01745319 -0.9998478 1 2.89845e-6 0 1 -2.13257e-6 0 1 1.4758e-6 0 1 -2.83389e-6 0 1 2.95422e-6 0 0 0.8571597 0.5150508 -6.55924e-6 0.8571699 0.515034 1.63805e-6 0.8571633 0.5150449 -1 1.02628e-6 0 -1 5.98208e-7 0 -1 -1.37365e-6 0 -1 -2.40421e-6 0 -1 1.17398e-6 0 -1 -3.39697e-6 0 0 -0.01745277 -0.9998478 0 -0.01745277 -0.9998477 -4.23127e-7 -0.01745206 -0.9998477 1 4.59628e-6 0 1 -1.81155e-6 0 1 -3.19151e-6 0 1 -3.65459e-6 0 0 0.8571639 0.5150439 4.92312e-6 0.8571551 0.5150585 7.16055e-7 0.8571583 0.5150532 -1 7.59896e-6 0 -1 2.15424e-6 0 -1 -5.11327e-6 0 -1 -1.47053e-6 0 -1 3.03965e-6 0 -1 3.33284e-6 0 -3.44119e-6 -0.8746169 -0.484815 0 -0.8746154 -0.4848175 5.106e-6 -0.8746182 -0.4848124 1 -8.66528e-7 0 1 6.72093e-7 0 1 5.03492e-7 0 1 -6.61669e-7 0 1 -6.72093e-7 0 1 4.33264e-7 0 1 6.61669e-7 0 1 -5.03492e-7 0 0 0.8746171 -0.4848142 -3.31692e-6 0.8746133 -0.4848214 4.96923e-6 0.8746183 -0.4848123 -1 -7.77873e-7 0 -1 7.64098e-7 0 -1 7.13644e-7 0 -1 -3.88421e-7 0 -1 3.88421e-7 0 -1 -7.67607e-7 0 -1 7.2063e-7 0 -1 7.77873e-7 0 4.71259e-6 -0.8746175 -0.4848138 0 -0.8746209 -0.4848078 -1.13572e-5 -0.8746138 -0.4848203 1 -1.84288e-7 0 1 3.55341e-7 0 1 -1.32631e-6 0 1 1.47821e-6 0 1 -1.47821e-6 0 1 5.18063e-7 0 1 -7.34396e-7 0 1 1.06342e-6 0 1 -3.51903e-7 0 1 1.84288e-7 0 0 0.8746175 -0.4848138 4.31515e-6 0.8746237 -0.4848027 -1.16849e-5 0.8746132 -0.4848213 -1 1.29115e-6 0 -1 1.70825e-6 0 -1 -1.17437e-6 0 -1 -8.4791e-7 0 -1 8.07812e-7 0 -1 -1.48561e-6 0 -1 1.06444e-6 0 -1 -8.16785e-7 0 -1 2.56693e-6 0 -1 7.55214e-7 0 -1 -1.70825e-6 0 1.35485e-6 -0.8746156 -0.484817 0 -0.8746166 -0.4848155 -8.33221e-6 -0.8746093 -0.4848284 1 -4.12228e-6 0 1 -2.27888e-7 0 1 8.71993e-7 0 1 2.73745e-6 0 1 5.49638e-6 0 1 -1.24587e-6 0 1 -8.61827e-7 0 1 2.27888e-7 0 0 0.8746146 -0.4848189 1.19558e-6 0.8746187 -0.4848118 -8.39731e-6 0.8746091 -0.4848289 -1 3.27774e-6 0 -1 -3.27774e-6 0 -1 2.21716e-6 0 -1 -7.35558e-7 0 -1 7.62632e-7 0 -1 5.52149e-7 0 -1 -3.01964e-6 0 -1 1.04741e-6 0 -1 -3.28662e-6 0 -1 3.79883e-6 0 -1 -2.21716e-6 0 -4.30151e-6 -0.8571618 0.5150473 0 -0.8571651 0.5150417 3.6472e-6 -0.8571625 0.5150462 1 1.14906e-6 0 1 -9.94585e-7 0 1 7.87098e-7 0 1 -6.19385e-7 0 1 -8.67115e-7 0 1 6.7229e-7 0 1 -6.36967e-7 0 0 0.01745194 -0.9998478 8.51443e-7 0.0174539 -0.9998478 0 0.01745289 -0.9998477 -1 -1.78906e-6 0 -1 1.55693e-6 0 -1 -1.50499e-6 0 -1 1.54315e-6 0 -7.33068e-6 -0.8571598 0.5150505 0 -0.8571646 0.5150427 1.74725e-6 -0.8571631 0.5150451 1 9.93725e-7 0 1 1.58014e-6 0 1 0 0 1 -1.39781e-6 0 1 -2.95422e-6 0 1 -1.4758e-6 0 0 0.01745307 -0.9998478 3.57815e-7 0.01745402 -0.9998478 -3.31024e-7 0.01745313 -0.9998478 -1 2.64576e-6 0 -1 1.69297e-6 0 -1 -2.42573e-6 0 -1 1.6093e-6 0 6.09683e-6 -0.857163 0.5150454 0 -0.8571592 0.5150516 5.20768e-7 -0.8571586 0.5150527 1 -1.72935e-6 0 1 -5.85375e-7 0 1 3.41823e-6 0 1 3.65459e-6 0 1 1.24542e-6 0 1 3.63557e-6 0 1 3.46131e-6 0 0 0.01745277 -0.9998477 0 0.01745277 -0.9998477 -4.14991e-7 0.01745212 -0.9998477 -1 2.19186e-6 0 -1 -2.0557e-6 0 -1 -2.94027e-6 0 -1 -6.0587e-6 0 -1 6.61854e-6 0 -1 1.12294e-6 0 -1 7.42368e-7 0 -1 -3.83442e-6 0 -1 -2.117e-6 0 -1 5.54537e-7 0 -1 -3.07442e-6 0 -1 -1.56473e-6 0 -1 -1.00501e-6 0 -1 3.07442e-6 0 -1 -4.5203e-7 0 -1 -2.5403e-7 0 -1 1.0229e-6 0 -1 -1.24157e-6 0 -1 -9.72176e-7 0 -1 9.84261e-7 0 -1 4.3171e-7 0 -1 -2.79819e-6 0 -1 4.62689e-6 0 -1 1.91721e-6 0 -1 2.42963e-6 0 -1 -5.45081e-6 0 -1 2.17653e-6 0 -1 -2.63637e-6 0 -1 2.79819e-6 0 6.09683e-6 0.857163 -0.5150454 0 0.8571598 -0.5150507 5.20767e-7 0.8571581 -0.5150535 1 1.72935e-6 0 1 5.85375e-7 0 1 -3.41823e-6 0 1 -1.24542e-6 0 1 -3.63557e-6 0 1 -3.46131e-6 0 0 -0.01745271 0.9998478 0 -0.01745283 0.9998478 -4.1499e-7 -0.01745206 0.9998477 -1 -2.19186e-6 0 -1 2.0557e-6 0 -1 2.94027e-6 0 -1 6.0587e-6 0 -1 -6.61854e-6 0 -7.33068e-6 0.8571598 -0.5150505 0 0.8571646 -0.5150427 1.74725e-6 0.8571631 -0.5150451 1 -9.93725e-7 0 1 -1.58014e-6 0 1 0 0 1 1.39781e-6 0 0 -0.01745307 0.9998478 3.57815e-7 -0.01745402 0.9998478 -3.31024e-7 -0.01745313 0.9998478 -1 -1.69297e-6 0 -1 2.42573e-6 0 -1 -2.64576e-6 0 -1 -1.6093e-6 0 -4.30151e-6 0.8571622 -0.5150467 0 0.8571651 -0.5150417 3.6472e-6 0.8571625 -0.5150462 1 -1.14906e-6 0 1 9.94585e-7 0 1 -7.87098e-7 0 1 6.19385e-7 0 1 8.67115e-7 0 1 4.41521e-7 0 1 6.36967e-7 0 0 -0.01745194 0.9998477 8.51445e-7 -0.01745396 0.9998477 0 -0.01745289 0.9998477 -1 1.78906e-6 0 -1 -1.55693e-6 0 -1 1.50499e-6 0 -1 -1.54315e-6 0 1.35485e-6 0.8746156 0.484817 0 0.874616 0.4848164 -8.33221e-6 0.8746093 0.4848284 1 4.12228e-6 0 1 -8.71993e-7 0 1 -2.73745e-6 0 1 -5.49638e-6 0 1 1.24587e-6 0 1 8.61827e-7 0 1 -1.97135e-7 0 0 -0.8746146 0.4848189 1.19558e-6 -0.8746187 0.4848118 -8.39731e-6 -0.8746091 0.4848289 -1 -5.52149e-7 0 -1 3.01964e-6 0 -1 -1.04741e-6 0 -1 3.28662e-6 0 -1 -3.79883e-6 0 -1 7.35558e-7 0 -1 -7.62632e-7 0 4.71259e-6 0.8746175 0.4848138 0 0.8746204 0.4848085 -1.13572e-5 0.8746134 0.484821 1 -3.55341e-7 0 1 1.32631e-6 0 1 -5.18063e-7 0 1 7.34396e-7 0 1 -1.06342e-6 0 1 3.51903e-7 0 1 -1.63365e-7 0 0 -0.8746175 0.4848138 4.31515e-6 -0.874624 0.484802 -1.16849e-5 -0.8746137 0.4848207 -1 -1.29115e-6 0 -1 -1.06444e-6 0 -1 8.16785e-7 0 -1 -2.56693e-6 0 -1 -7.55214e-7 0 -1 1.17437e-6 0 -1 8.4791e-7 0 -1 -8.07812e-7 0 -3.44119e-6 0.8746169 0.484815 0 0.8746151 0.4848181 5.106e-6 0.8746182 0.4848124 1 9.37693e-7 0 1 1.48959e-6 0 1 -4.34652e-7 0 1 6.95642e-7 0 1 3.71493e-7 0 1 -7.33254e-7 0 1 5.11529e-7 0 1 -5.54341e-7 0 1 -7.44793e-7 0 1 4.34652e-7 0 1 -3.71493e-7 0 0 -0.8746171 0.4848142 -3.31692e-6 -0.8746133 0.4848214 4.96923e-6 -0.8746183 0.4848123 -1 -9.87313e-7 0 -1 9.8237e-7 0 -1 -1.59472e-6 0 -1 -4.2967e-7 0 -1 4.93657e-7 0 -1 4.2967e-7 0 1 -4.59628e-6 0 1 1.81155e-6 0 1 3.19151e-6 0 0 -0.8571639 -0.5150439 4.92312e-6 -0.8571546 -0.5150593 7.16055e-7 -0.8571587 -0.5150524 -1 -7.59896e-6 0 -1 -2.15424e-6 0 -1 5.11327e-6 0 -1 1.47053e-6 0 -1 -3.03965e-6 0 -1 -3.33284e-6 0 0 0.01745283 0.9998477 0 0.01745277 0.9998477 -4.23128e-7 0.01745212 0.9998477 1 -2.89845e-6 0 1 2.13257e-6 0 1 2.83389e-6 0 0 -0.8571597 -0.5150508 -6.55923e-6 -0.8571694 -0.5150346 1.63805e-6 -0.8571633 -0.5150449 -1 -1.02628e-6 0 -1 -5.98208e-7 0 -1 1.37365e-6 0 -1 2.40421e-6 0 -1 -1.17398e-6 0 -1 3.39697e-6 0 3.92718e-7 0.01745313 0.9998477 0 0.01745355 0.9998477 -3.27612e-7 0.01745319 0.9998478 1 -3.13658e-6 0 1 1.34508e-6 0 1 1.72849e-6 0 1 -1.33466e-6 0 1 1.33033e-6 0 1 -8.67115e-7 0 0 -0.8571625 -0.5150462 -3.83811e-6 -0.857167 -0.5150386 3.69279e-6 -0.8571624 -0.5150463 -1 0 0 -1 -3.8296e-7 0 -1 -1.79668e-6 0 -1 6.67454e-7 0 9.67841e-7 0.01745194 0.9998478 0 0.01745301 0.9998478 0 0.01745289 0.9998477 0 -0.9807838 0.1950981 0 -0.9807838 0.1950985 0 -0.8314824 0.5555512 0 -0.8314836 0.5555494 0 -0.5555514 0.8314822 0 -0.555549 0.831484 0 -0.1950985 0.9807838 0 0.1950985 0.9807838 0 0.1950981 0.9807838 0 0.5555506 0.8314829 0 0.5555508 0.8314827 0 0.8314833 0.5555499 0 0.8314818 0.5555521 0 0.9807838 0.1950981 0 0.9807838 0.1950985 0 -0.4999837 0.8660349 0 -0.4999852 0.866034 0 -0.5596185 0.8287504 0 -0.4653728 0.8851149 0.01775807 -0.499905 0.8658982 -0.01404249 -0.465326 0.8850281 0 -0.499985 0.8660342 0 -0.4999841 0.8660346 0.0177567 -0.499906 0.8658977 -0.01404249 -0.4653251 0.8850284 0 -0.9999622 0.008700013 0 -0.9999623 0.008690476 0.009252011 -0.9948483 0.1009519 0 -0.9957343 0.09226745 0 -0.9618237 0.2736698 0 -0.961824 0.2736687 0 -0.8951673 0.4457303 0 -0.7980174 0.6026346 0 -0.7980169 0.6026351 0 -0.6736931 0.7390112 0 -0.6736934 0.7390109 0 -0.5596185 0.8287505 0 -0.6736929 0.7390115 0 -0.7980173 0.6026347 0 -0.7980169 0.6026352 0 -0.8951678 0.4457294 0 -0.8951671 0.4457308 0 -0.9618239 0.2736696 0 -0.9618242 0.2736685 0 -0.9948909 0.1009563 -0.008380353 -0.9956993 0.09226465 0 -0.9999621 0.008709549 0 -0.9999621 0.008706092 0 -0.9948908 0.1009573 0 -0.9948909 0.1009562 0 -0.9618239 0.2736694 0 -0.961824 0.2736689 0 -0.8951666 0.4457316 0 -0.8951679 0.4457293 0 -0.7980168 0.6026353 0 -0.6736936 0.7390108 0 -0.6736934 0.7390111 0 0.4999847 0.8660342 0 0.4999841 0.8660346 0 0.4653719 0.8851153 0 0.5596181 0.8287507 -0.02497118 0.5594456 0.8284909 0.07542783 0.4985617 0.8635664 0 0.4999852 0.866034 0 0.4999839 0.8660348 -0.02497208 0.5594444 0.8284917 0 0.3612433 0.9324716 0 0.3612431 0.9324718 0 0.183752 0.9829726 0 0.183752 0.9829728 0 -0.183752 0.9829728 0 -0.183752 0.9829727 0 -0.3612431 0.9324718 0.04263198 -0.4995306 0.8652466 0.07428169 -0.4640883 0.8826689 0 -0.5264257 0.8502212 0 -0.3612432 0.9324717 0 -0.1837518 0.9829727 0 -0.1837518 0.9829728 0 0.1837518 0.9829728 0 0.1837518 0.9829727 0 0.3612432 0.9324717 0 0.4653726 0.885115 0 -0.1837515 0.9829728 0 0.1837515 0.9829728 0 -0.559619 0.8287501 -0.04263156 -0.4995307 0.8652467 -0.01781493 -0.5263426 0.8500859 0 -0.4653729 0.8851147 0 -0.3612431 0.9324717 0 -0.3612436 0.9324715 0 -0.1837517 0.9829728 0 -0.183752 0.9829727 0 0.1837518 0.9829728 0 0.3612431 0.9324717 0 0.3612436 0.9324715 0 0.9999623 0.008695244 0 0.6736925 0.7390118 0 0.6736934 0.7390111 0 0.7980171 0.6026349 0 0.7980168 0.6026353 0 0.8951675 0.44573 0 0.8951671 0.4457309 0 0.961824 0.2736689 0 0.9948909 0.1009562 0.01001846 0.4999588 0.8659913 0.04185432 0.5591289 0.8280237 0 0.5264258 0.8502212 0 0.6736931 0.7390112 0 0.6736934 0.7390109 0 0.798017 0.6026349 0 0.7980169 0.6026351 0 0.8951676 0.4457299 0 0.8951673 0.4457303 0 0.9618237 0.2736698 0 0.961824 0.2736687 0 0.9948909 0.1009562 0.008380413 0.9956992 0.09226536 0 0.9999623 0.008690476 0 0.9948908 0.1009573 0 0.9999621 0.008706092 0 0.9999623 0.008690476 0 0.9999617 0.008749425 0 0.9618239 0.2736694 0 0.6736936 0.7390108 0 0.4653725 0.885115 -0.0100184 0.499959 0.8659912 -0.02398681 0.5262749 0.8499762 0 0.559619 0.8287501 0 0.7980169 0.6026352 0 0.7980173 0.6026347 0 0.8951671 0.4457308 0 0.8951673 0.4457303 0 0.9618242 0.2736685 0 0.9618239 0.2736696 0 0.9957343 0.09226787 -0.009251892 0.9948484 0.100952 0 0.9999622 0.008700013 0 -0.5596197 0.8287496 0 -0.6736925 0.7390118 0 -0.8951675 0.4457301 0 -0.8951671 0.4457309 0 -0.9999622 0.008702278 0 -0.9999622 -0.008698761 0 -0.4999847 -0.8660342 0 -0.4999841 -0.8660346 0 -0.4653719 -0.8851153 -0.02497118 -0.5594456 -0.8284909 0.07542765 -0.4985605 -0.8635671 0 -0.4999852 -0.866034 0 -0.4999839 -0.8660348 -0.02497208 -0.5594444 -0.8284917 0 -0.4653729 -0.8851147 -0.0100184 -0.4999576 -0.8659919 -0.02398681 -0.5262752 -0.849976 0 -0.559619 -0.8287501 0 -0.6736929 -0.7390115 0 -0.6736931 -0.7390112 0 -0.7980169 -0.6026352 0 -0.7980173 -0.6026347 0 -0.8951674 -0.4457304 0 -0.8951676 -0.4457299 0 -0.9618239 -0.2736696 0 -0.9618242 -0.2736685 0 -0.9957342 -0.092269 -0.009251892 -0.9948484 -0.1009507 0 -0.9999622 -0.008700013 0 -0.999962 -0.008728623 0 -0.9999625 -0.00866276 0 -0.9948908 -0.1009573 0 -0.9948909 -0.1009562 0 -0.961824 -0.2736689 0 -0.9618239 -0.2736694 0 -0.8951671 -0.4457309 0 -0.8951675 -0.4457301 0 -0.7980168 -0.6026353 0 -0.6736936 -0.7390108 0 -0.6736934 -0.7390111 0 -0.5596185 -0.8287504 0.04185426 -0.5591285 -0.828024 0 -0.5264258 -0.8502212 0 -0.6736934 -0.7390109 0 -0.7980174 -0.6026346 0 -0.7980169 -0.6026351 0 -0.8951673 -0.4457303 0 -0.961824 -0.2736687 0 -0.9618237 -0.2736698 0 -0.9948909 -0.1009562 0.008380413 -0.9956994 -0.09226423 0 -0.9999623 -0.008690476 0 -0.9999621 -0.008706092 0 -0.8951666 -0.4457316 0 -0.8951679 -0.4457293 0 -0.6736923 -0.7390121 0 -0.3612436 -0.9324715 0 -0.3612431 -0.9324717 0 -0.183752 -0.9829726 0 -0.1837518 -0.9829728 0 0.183752 -0.9829727 0 0.1837517 -0.9829728 0 0.3612436 -0.9324715 0 0.3612431 -0.9324717 0 0.4653725 -0.885115 -0.0740571 0.5580818 -0.8264747 0.1309083 0.4613671 -0.8774984 -0.07405704 0.558083 -0.8264738 0.1309081 0.4613696 -0.8774971 0.07428169 0.4640883 -0.8826689 0 0.5264258 -0.8502212 0 0.3612432 -0.9324717 0 0.1837518 -0.9829727 0 0.1837518 -0.9829728 0 -0.1837518 -0.9829728 0 -0.1837518 -0.9829727 0 -0.3612432 -0.9324717 0 -0.4653731 -0.8851146 0.01001769 -0.4999588 -0.8659913 0 0.9948909 -0.1009562 0 0.9618239 -0.2736694 0 0.961824 -0.2736689 0 0.8951671 -0.4457309 0 0.8951675 -0.44573 0 0.7980168 -0.6026353 0 0.7980171 -0.6026349 0 0.6736934 -0.7390111 0 0.6736936 -0.7390108 0 0.5596181 -0.8287507 0.07542514 0.4985618 -0.8635666 0 0.4999852 -0.866034 0 0.9999623 -0.008691787 0 0.9999622 -0.008700013 -0.008380293 0.9956992 -0.09226578 0 0.9948911 -0.100955 0 0.9618239 -0.2736696 0 0.9618242 -0.2736685 0 0.8951668 -0.4457312 0 0.8951676 -0.4457299 0 0.7980169 -0.6026352 0 0.7980173 -0.6026347 0 0.6736931 -0.7390112 0 0.5264264 -0.8502207 -0.0418539 0.5591287 -0.8280239 -0.0100184 0.499959 -0.8659912 0 0.4999837 -0.8660349 0 0.9948908 -0.1009573 0 0.9999617 -0.008749425 0 0.9999623 -0.008690476 0 0.9999621 -0.008706092 0 0.6736923 -0.7390121 0 0.4999841 -0.8660346 -0.01775807 0.499905 -0.8658982 0 0.4653719 -0.8851153 0 0.3612433 -0.9324716 0 0.3612431 -0.9324718 0 0.1837515 -0.9829728 0 0.183752 -0.9829728 0 -0.1837515 -0.9829728 0 -0.183752 -0.9829727 0 -0.3612431 -0.9324718 0 -0.4653728 -0.8851149 0 -0.183752 -0.9829728 0 0.183752 -0.9829726 -0.0177567 0.499904 -0.8658989 0.04263198 0.4995306 -0.8652466 0 0.5596185 -0.8287505 0 0.6736934 -0.7390109 0 0.7980166 -0.6026355 0 0.7980174 -0.6026346 0 0.8951676 -0.4457299 0 0.8951673 -0.4457303 0 0.9618237 -0.2736698 0 0.961824 -0.2736687 0 0.9957342 -0.09226858 0.009252011 0.9948483 -0.1009519 0 0.9999622 -0.008700013 1 1.07832e-6 0 1 -2.10258e-6 0 1 1.25195e-6 0 1 5.6153e-7 0 1 -8.02194e-7 0 1 -2.59084e-6 0 1 4.13716e-6 0 1 -3.24041e-6 0 1 -2.59527e-6 0 1 -2.18639e-7 0 1 5.1768e-6 0 1 -5.03181e-6 0 1 2.30906e-6 0 1 5.52369e-6 0 1 -4.7952e-6 0 1 1.31171e-6 0 1 9.51748e-7 0 1 2.59527e-6 0 1 1.62021e-6 0 1 -4.13716e-6 0 1 -3.03681e-6 0 1 1.898e-6 0 1 -9.51748e-7 0 -1 3.51547e-7 0 -1 -7.04373e-7 0 -1 -3.51547e-7 0 -1 7.03094e-7 0 -1 -1.40421e-6 0 -1 9.73488e-7 0 -1 -9.75975e-7 0 -1 9.41929e-7 0 -1 -1.40195e-6 0 -1 4.89059e-7 0 -1 4.7346e-7 0 -1 9.82427e-7 0 -1 1.40421e-6 0 -1 -9.73488e-7 0 -1 1.40195e-6 0 -1 -4.89059e-7 0 -1 -1.83733e-7 0 -1 -7.1374e-7 0 -1 4.90671e-7 0 -1 -7.00977e-7 0 -1 -4.90671e-7 0 -1 -2.39019e-7 0 -1 1.83733e-7 0 -1 7.1374e-7 0 -1 7.00977e-7 0 -1 2.39019e-7 0 -1 -3.507e-7 0 -1 -9.82427e-7 0 -1 -4.80089e-7 0 -1 8.55691e-7 0 -1 -3.52963e-7 0 -1 -9.64005e-7 0 -1 9.75975e-7 0 -1 -9.41929e-7 0 -1 3.507e-7 0 -1 4.80089e-7 0 -1 -8.55691e-7 0 -1 3.52963e-7 0 -1 9.64005e-7 0 -1 0 0 -1 7.04373e-7 0 0.05394458 0.06028264 0.9967226 0.09500151 0.060108 0.9936608 0.1852934 0.05934059 0.98089 0.3033553 0.05752813 0.9511394 0.4269644 0.05459254 0.902619 0.4269648 0.1629965 0.8894567 0.426968 0.8633251 -0.2690132 0.4269644 0.2690156 -0.8633262 0.4269689 0.269008 -0.8633264 0.426969 0.1629962 -0.8894547 0.4269654 0.163 -0.8894558 0.4269639 0.05458915 -0.9026194 0.4269663 0.3711335 -0.8245968 0.4269781 0.3711216 -0.8245959 0.4269778 0.2690273 -0.8633159 0.4269751 0.5576849 -0.7118145 0.4269804 0.5576717 -0.7118217 0.4269811 0.4677978 -0.7738556 0.4269621 0.467814 -0.7738562 0.4269619 0.3711192 -0.8246054 0.4269739 0.6394104 -0.6394121 0.4269737 0.6394123 -0.6394103 0.4269727 0.5576835 -0.711817 0.4269797 0.7738572 -0.4677966 0.4269819 0.7738546 -0.4677986 0.4269785 0.7118142 -0.5576827 0.4269732 0.7118186 -0.557681 0.4269729 0.639417 -0.639406 0.4269779 0.8633177 -0.2690213 0.4269784 0.8245766 -0.3711645 0.4269796 0.8245914 -0.3711304 0.4269617 0.8246056 -0.3711192 0.4269625 0.7738489 -0.4678258 0.4269633 0.8894574 0.1629966 0.4269657 0.8894575 0.1629902 0.4269655 0.9026176 0.05460822 0.4269788 0.902612 0.05459547 0.4269784 0.9026115 -0.05460786 0.4269654 0.9026185 -0.05459582 0.4269649 0.8894566 -0.1629964 0.4269624 0.889459 -0.1629904 0.4269691 0.889452 -0.1630111 0.4269796 0.8245912 0.3711304 0.4269784 0.8245766 0.3711645 0.4269769 0.863321 0.2690127 0.4269689 0.863322 0.2690219 0.4269691 0.889452 0.1630111 0.4269795 0.7738572 0.4677966 0.4269625 0.7738489 0.4678258 0.4269617 0.8246056 0.3711192 0.426974 0.6394101 0.6394122 0.4269729 0.639417 0.639406 0.4269725 0.7118164 0.5576844 0.4269796 0.7118163 0.5576792 0.4269819 0.7738546 0.4677986 0.4269752 0.5576848 0.7118145 0.4269727 0.5576835 0.711817 0.4269737 0.6394123 0.6394103 0.4269661 0.3711328 0.8245972 0.4269619 0.3711192 0.8246054 0.4269632 0.4678001 0.773864 0.4269801 0.4678111 0.773848 0.4269804 0.5576717 0.7118217 0.4269701 0.1629997 0.8894535 0.4269689 0.269008 0.8633264 0.4269641 0.2690156 0.8633263 0.4269778 0.2690273 0.8633159 0.4269781 0.3711216 0.8245959 0.3033543 0.05754244 -0.9511388 0.4269704 0.05460804 -0.9026153 0.4269772 0.05459779 -0.9026128 0.4269771 0.05459862 0.9026126 0.4269704 0.05460804 0.9026153 0.3033768 0.05754244 0.9511317 0.3033776 0.1717569 0.9372629 0.3033722 0.1717603 0.937264 0.3033752 0.2834736 0.9097287 0.3033666 0.2834793 0.9097297 0.3033673 0.3910827 0.8689205 0.303371 0.3910803 0.8689202 0.3033692 0.4929469 0.8154573 0.3033662 0.4929472 0.8154582 0.3033651 0.5876637 0.7500808 0.3033737 0.5876578 0.7500818 0.3033744 0.6737837 0.67378 0.3033732 0.6737815 0.6737828 0.303376 0.7500764 0.5876636 0.3033649 0.7500849 0.5876583 0.3033667 0.815459 0.4929456 0.3033709 0.8154567 0.4929467 0.3033711 0.8689191 0.3910825 0.3033664 0.8689224 0.3910791 0.3033681 0.9097306 0.2834753 0.3033741 0.9097277 0.2834778 0.3033726 0.9372643 0.171758 0.3033766 0.9372627 0.1717602 0.3033758 0.9511321 0.05754232 0.3033557 0.9511393 0.0575273 0.3033542 0.9511389 -0.05754274 0.3033767 0.9511327 -0.05752688 0.3033763 0.9372631 -0.1717578 0.3033729 0.9372637 -0.1717604 0.3033742 0.9097287 -0.2834747 0.3033686 0.9097293 -0.2834788 0.303368 0.8689197 -0.3910835 0.3033699 0.8689213 -0.3910788 0.303371 0.8154582 -0.4929442 0.3033668 0.8154571 -0.4929487 0.303367 0.7500792 -0.5876648 0.3033744 0.7500815 -0.5876579 0.3033747 0.6737809 -0.6737827 0.3033729 0.6737836 -0.6737809 0.3033742 0.5876637 -0.750077 0.3033651 0.5876594 -0.7500841 0.3033656 0.4929471 -0.8154584 0.3033703 0.4929476 -0.8154564 0.3033722 0.3910818 -0.8689191 0.3033665 0.3910803 -0.8689218 0.3033682 0.283474 -0.9097309 0.3033733 0.2834797 -0.9097274 0.3033726 0.1717571 -0.9372645 0.3033772 0.17176 -0.9372624 0.3033766 0.05752772 -0.9511326 0.1852924 0.0593267 -0.980891 0.1852734 0.05932784 0.9808945 0.1852738 0.1771342 0.9665905 0.1852744 0.1771333 0.9665905 0.1852734 0.292348 0.9381932 0.1852732 0.292347 0.9381935 0.1852742 0.4033168 0.8961078 0.1852949 0.4032992 0.8961113 0.1852967 0.5083697 0.840967 0.1852644 0.5083894 0.8409621 0.185266 0.6060483 0.7735516 0.1852807 0.6060355 0.773558 0.1852811 0.6948645 0.6948627 0.1852809 0.6948626 0.6948648 0.1852821 0.7735506 0.6060447 0.185265 0.7735597 0.6060382 0.1852646 0.8409729 0.5083716 0.1852969 0.8409559 0.5083881 0.1852966 0.8961043 0.4033141 0.1852735 0.8961139 0.4033033 0.1852734 0.938193 0.2923485 0.1852729 0.9381934 0.2923479 0.185275 0.9665903 0.177134 0.1852733 0.9665905 0.1771345 0.1852727 0.9808948 0.05932682 0.1852939 0.9808899 0.05934029 0.1852939 0.9808908 -0.05932682 0.1852731 0.9808939 -0.05934035 0.1852731 0.9665903 -0.1771358 0.1852751 0.9665905 -0.1771327 0.1852726 0.9381935 -0.2923475 0.1852734 0.9381932 -0.2923482 0.185274 0.8961079 -0.4033166 0.1852959 0.8961103 -0.4033011 0.1852962 0.8409678 -0.5083686 0.1852657 0.8409609 -0.5083911 0.1852664 0.7735525 -0.606047 0.1852807 0.7735571 -0.6060367 0.1852813 0.6948618 -0.6948654 0.185281 0.6948643 -0.694863 0.1852818 0.6060438 -0.7735514 0.185265 0.6060386 -0.7735594 0.1852653 0.5083723 -0.8409723 0.1852964 0.508387 -0.8409566 0.1852985 0.4033132 -0.8961043 0.1852715 0.4033019 -0.896115 0.1852734 0.292348 -0.9381932 0.185273 0.2923479 -0.9381933 0.1852756 0.1771342 -0.9665902 0.1852726 0.1771337 -0.9665908 0.1852746 0.05934125 -0.9808934 0.09500056 0.06011319 -0.9936606 0.09500533 0.06011319 0.9936602 0.09500664 0.1794388 0.9791708 0.09501016 0.1794336 0.9791715 0.09501016 0.2961538 0.9504032 0.09499949 0.2961638 0.950401 0.09500092 0.4085518 0.9077777 0.09499448 0.4085569 0.907776 0.09499335 0.5150072 0.8519061 0.0950061 0.5149948 0.8519121 0.0950067 0.6139252 0.7836259 0.09500664 0.6139252 0.783626 0.0950067 0.7039083 0.7039083 0.09500718 0.7039077 0.7039088 0.09500676 0.7836256 0.6139256 0.09500604 0.7836259 0.6139253 0.09500616 0.8519057 0.5150054 0.09499323 0.8519138 0.5149943 0.09499365 0.9077785 0.4085517 0.09500002 0.9077752 0.4085577 0.09499931 0.9504044 0.2961532 0.09501045 0.9503997 0.2961645 0.09501039 0.9791707 0.179438 0.0950061 0.9791718 0.1794344 0.0950061 0.99366 0.06011295 0.0950011 0.9936609 0.0601077 0.0950011 0.9936606 -0.06011283 0.09500598 0.9936604 -0.06010776 0.09500575 0.9791708 -0.1794391 0.09501063 0.9791715 -0.1794334 0.09501057 0.9504031 -0.2961539 0.09499949 0.950401 -0.296164 0.09499973 0.9077776 -0.4085524 0.09499418 0.907776 -0.408557 0.09499311 0.8519067 -0.5150061 0.09500628 0.8519127 -0.5149937 0.09500622 0.7836251 -0.6139264 0.09500688 0.7836262 -0.6139249 0.09500676 0.7039088 -0.7039077 0.09500735 0.703907 -0.7039096 0.09500676 0.6139256 -0.7836256 0.09500664 0.6139249 -0.7836263 0.09500718 0.5150063 -0.8519051 0.09499281 0.5149952 -0.8519133 0.09499335 0.4085517 -0.9077785 0.09500133 0.4085575 -0.9077751 0.09499949 0.2961528 -0.9504045 0.09500998 0.2961643 -0.9503999 0.09501093 0.1794382 -0.9791706 0.09500575 0.179434 -0.9791718 0.09500569 0.06010824 -0.9936604 0.05683326 0.06028366 -0.9965621 0.05683243 0.06028366 0.9965621 0.05683279 0.179958 0.9820312 0.05683022 0.1799629 0.9820304 0.05683022 0.2970297 0.9531756 0.05683428 0.2970193 0.9531787 0.05683422 0.40975 0.9104257 0.05683445 0.4097499 0.9104257 0.05683481 0.5164976 0.8544005 0.05683171 0.5165035 0.8543971 0.05683189 0.6157185 0.7859141 0.05683004 0.6157225 0.7859111 0.05683046 0.7059645 0.7059636 0.05683004 0.7059637 0.7059643 0.05682992 0.7859144 0.6157183 0.05683207 0.7859115 0.6157218 0.05683189 0.8544007 0.5164974 0.05683445 0.8543968 0.5165036 0.05683434 0.9104251 0.4097512 0.05683445 0.9104262 0.4097488 0.05683434 0.9531752 0.2970305 0.05683052 0.9531787 0.2970199 0.05683052 0.9820315 0.1799565 0.05683249 0.98203 0.179964 0.05683261 0.9965621 0.06028395 0.0568332 0.996562 0.06028479 0.05683326 0.996562 -0.06028389 0.05683255 0.9965621 -0.06028479 0.05683249 0.9820312 -0.1799579 0.05683052 0.9820305 -0.1799625 0.05683052 0.9531759 -0.297029 0.05683428 0.953178 -0.2970213 0.05683428 0.9104257 -0.4097499 0.05683457 0.9104257 -0.4097502 0.05683451 0.8544006 -0.5164974 0.05683189 0.854397 -0.5165037 0.05683243 0.7859147 -0.6157177 0.05682975 0.7859111 -0.6157225 0.0568304 0.705964 -0.705964 0.05683016 0.7059641 -0.7059639 0.05682975 0.6157187 -0.7859141 0.05683213 0.6157225 -0.7859109 0.05683231 0.5164977 -0.8544006 0.0568341 0.5165037 -0.8543969 0.05683422 0.4097505 -0.9104255 0.05683434 0.4097496 -0.9104259 0.05683434 0.2970295 -0.9531755 0.05683034 0.2970196 -0.9531788 0.05683112 0.1799578 -0.9820314 0.05683207 0.1799631 -0.9820303 0.05683249 0.06028538 -0.996562 0.05394417 0.06029528 -0.9967219 0.05394792 0.06028264 -0.9967225 0.0539478 0.1800022 -0.9821858 0.0539447 0.1799921 -0.9821878 0.05394536 0.2970641 -0.9533326 0.05394595 0.2970674 -0.9533315 0.05394583 0.4098224 -0.9105689 0.05394363 0.4098154 -0.9105721 0.05394381 0.5165736 -0.854542 0.05394768 0.5165868 -0.8545338 0.05394756 0.615825 -0.7860339 0.05394619 0.615821 -0.7860372 0.05394625 0.7060769 -0.7060774 0.05394655 0.7060775 -0.7060768 0.05394643 0.7860337 -0.6158254 0.05394762 0.7860364 -0.6158218 0.0539478 0.8545421 -0.516573 0.05394363 0.8545342 -0.5165865 0.05394369 0.9105689 -0.4098225 0.05394566 0.9105718 -0.4098157 0.05394589 0.9533326 -0.2970638 0.053945 0.9533316 -0.2970671 0.05394476 0.982186 -0.1800025 0.05394756 0.9821876 -0.1799923 0.05394762 0.9967226 -0.06028157 0.05394405 0.9967219 -0.06029582 0.05394411 0.9967228 0.06028157 0.05394762 0.9967217 0.06029582 0.05394756 0.982186 0.1800014 0.0539447 0.9821876 0.1799934 0.053945 0.9533326 0.2970638 0.05394589 0.9533316 0.2970671 0.05394572 0.9105689 0.4098222 0.05394357 0.9105719 0.4098159 0.05394369 0.8545424 0.5165728 0.0539478 0.8545339 0.5165864 0.05394762 0.7860338 0.6158251 0.05394625 0.7860364 0.615822 0.05394631 0.7060773 0.706077 0.05394649 0.7060771 0.7060772 0.05394619 0.6158253 0.7860338 0.05394774 0.6158207 0.7860373 0.05394774 0.5165739 0.8545415 0.05394381 0.5165865 0.8545342 0.05394363 0.4098224 0.9105689 0.05394583 0.4098154 0.9105719 0.05394589 0.2970641 0.9533325 0.05394512 0.2970673 0.9533315 0.053945 0.1800022 0.982186 0.05394762 0.179992 0.9821876 0.05394762 0.06029522 0.9967218 0.05683332 0.06028538 0.996562 0.06957185 0.06023693 0.9957566 0.06956368 0.06022435 0.9957581 0.0695641 0.1798191 0.981237 0.06956905 0.1798278 0.981235 0.06956893 0.2967815 0.952408 0.06956577 0.2967765 0.9524098 0.06956654 0.4094151 0.9096922 0.06957209 0.4094256 0.9096871 0.06957226 0.5160781 0.8537115 0.06956994 0.5160734 0.8537145 0.06957024 0.6152294 0.7852724 0.06956881 0.6152298 0.7852723 0.06956893 0.7053931 0.705394 0.06956899 0.7053936 0.7053936 0.06956934 0.7852726 0.6152293 0.06956946 0.7852728 0.615229 0.06956976 0.8537119 0.5160778 0.06957221 0.8537139 0.5160741 0.0695725 0.9096923 0.409414 0.06956642 0.9096875 0.4094258 0.06956583 0.952408 0.2967824 0.06956869 0.9524099 0.2967758 0.06956911 0.9812366 0.1798189 0.06956422 0.9812352 0.1798284 0.06956434 0.9957572 0.06023573 0.06957089 0.9957575 0.0602256 0.06957083 0.9957566 -0.06023871 0.06956422 0.9957581 -0.06022262 0.06956434 0.981237 -0.179819 0.06956905 0.981235 -0.1798284 0.06956863 0.9524081 -0.2967813 0.06956595 0.9524097 -0.2967768 0.06956654 0.9096923 -0.409415 0.0695725 0.9096875 -0.4094248 0.06957238 0.8537113 -0.5160784 0.0695697 0.8537145 -0.5160734 0.06956988 0.7852724 -0.6152296 0.06956893 0.7852731 -0.6152288 0.06956905 0.7053933 -0.7053939 0.06956863 0.7053934 -0.7053939 0.06956893 0.6152309 -0.7852713 0.06957012 0.6152282 -0.7852734 0.06956982 0.5160779 -0.8537117 0.0695725 0.5160733 -0.8537143 0.0695725 0.4094145 -0.909692 0.06956601 0.409426 -0.9096874 0.06956601 0.2967817 -0.9524082 0.06956881 0.2967761 -0.9524097 0.06956857 0.1798189 -0.9812367 0.06956452 0.179828 -0.9812353 0.06956541 0.06023687 -0.9957572 0.06957024 0.06022435 -0.9957576 -0.01800656 -0.983459 -0.1802341 0.04994481 -0.9535291 -0.2971325 0.006248176 -0.9618086 -0.2736518 -0.004009425 -0.9118682 -0.4104635 -0.004006445 -0.8951539 -0.4457393 0.06733965 -0.9098317 -0.4094774 -0.01751792 -0.8556428 -0.5172702 -0.01751792 -0.855655 -0.5172501 0.03325349 -0.79758 -0.6022962 0.009495854 -0.7871448 -0.6166952 -0.007517516 -0.7070851 -0.7070885 -0.007509529 -0.6736716 -0.7389927 0.07673972 -0.7050189 -0.7050243 -0.01650398 -0.6166426 -0.7870702 -0.01650571 -0.6166336 -0.7870773 0.03000873 -0.5262006 -0.8498308 0.01501208 -0.5172821 -0.8556834 -0.01051032 -0.4103796 -0.9118542 -0.01049405 -0.3612203 -0.9324216 0.08662158 -0.4088686 -0.908473 -0.01500529 -0.2974772 -0.954611 -0.01500636 -0.2974512 -0.9546191 0.02750146 -0.1801877 -0.9832478 0.02200412 -0.1837074 -0.9827347 -0.01301515 0.06037348 -0.9980911 0.04224038 0 -0.9991075 -0.01301586 -0.0603736 -0.998091 -0.01301759 -0.06036257 -0.9980917 -0.01301759 0.06036257 -0.9980917 0.02100473 0.1802169 -0.9834027 0.02625524 0.1836882 -0.9826338 -0.01050978 0.4103899 -0.9118497 0.04199635 0.3609216 -0.9316502 -0.01500546 0.2974773 -0.954611 -0.01500636 0.2974516 -0.954619 -0.01051032 0.4103796 -0.9118542 0.01501226 0.5172824 -0.8556832 0.03000897 0.5262002 -0.8498311 -0.01650547 0.616634 -0.7870771 -0.01650387 0.6166428 -0.7870702 0.0412417 0.6731169 -0.7383853 0.04197633 0.7864855 -0.6161807 0.01199287 0.7979634 -0.6025868 -0.007517218 0.7070857 -0.707088 -0.007517933 0.707085 -0.7070886 -0.004009842 0.911895 -0.4104043 0.04000151 0.8944438 -0.4453878 -0.01751792 0.8556428 -0.5172702 -0.01751792 0.8556567 -0.5172473 -0.004009425 0.9118682 -0.4104635 0.004500508 0.9547114 -0.2974994 0.03600323 0.9612036 -0.2734806 -0.01800656 0.9834595 -0.180231 -0.01800656 0.983461 -0.180223 0.03825372 0.9950051 -0.09220361 0 0.9981757 -0.06037515 0 0.995734 0.09227013 0.05840075 0.9964721 0.0602737 -0.01800656 0.983461 0.180223 -0.01800656 0.9834596 0.1802309 0.04994481 0.9535291 0.2971325 0.006248176 0.9618086 0.2736518 -0.004009425 0.9118682 0.4104635 -0.004006445 0.8951535 0.4457402 0.06733965 0.9098317 0.4094774 -0.01751804 0.8556432 0.5172696 -0.01751792 0.8556567 0.5172473 0.04197621 0.7864868 0.6161791 0.01199281 0.7979634 0.6025866 -0.007517516 0.7070851 0.7070885 -0.007509529 0.6736714 0.7389929 0.07673978 0.7050194 0.7050238 -0.01650387 0.6166428 0.7870702 -0.01650571 0.6166336 0.7870773 0.034496 0.5170335 0.8552697 0.01725739 0.5263586 0.8500876 -0.01051032 0.4103796 0.9118542 -0.01049405 0.3612202 0.9324215 0.08662158 0.4088686 0.908473 -0.01500529 0.2974772 0.954611 -0.01500636 0.2974516 0.954619 0.02750146 0.1801877 0.9832478 0.02200412 0.1837074 0.9827347 -0.01301515 -0.06037348 0.9980911 0.04224038 0 0.9991075 -0.01301586 0.0603736 0.998091 -0.01301759 0.06036257 0.9980917 -0.01301759 -0.06036257 0.9980917 0.02100479 -0.1802169 0.9834026 0.02625524 -0.1836882 0.9826338 -0.01050984 -0.4103902 0.9118494 0.04199635 -0.3609215 0.9316502 -0.01500546 -0.2974773 0.954611 -0.01500636 -0.2974512 0.9546191 -0.01051032 -0.4103796 0.9118542 0.01501226 -0.5172824 0.8556832 0.03000897 -0.5262002 0.8498311 -0.01650547 -0.616634 0.7870771 -0.01650387 -0.6166428 0.7870702 0.0412417 -0.6731169 0.7383853 0.04197633 -0.7864859 0.6161802 0.01199287 -0.7979634 0.6025868 -0.007517218 -0.7070857 0.707088 -0.007517933 -0.707085 0.7070886 -0.004009842 -0.911895 0.4104043 0.04000157 -0.8944442 0.445387 -0.01751792 -0.8556428 0.5172702 -0.01751792 -0.855655 0.5172501 -0.004009425 -0.9118682 0.4104635 0.004500508 -0.954711 0.2975008 0.03600329 -0.9612039 0.2734797 -0.01800656 -0.9834589 0.1802343 -0.01800656 -0.983461 0.180223 0.03825372 -0.9950053 0.0922026 0 -0.9981757 0.0603767 0 -0.9957339 -0.09227114 0.05840075 -0.9964721 -0.06027209 -0.01800656 -0.983461 -0.180223 0.05394458 -0.06028264 -0.9967226 0.09500151 -0.06010806 -0.9936609 0.1852934 -0.05934059 -0.98089 0.3033553 -0.05752813 -0.9511394 0.4269646 -0.0545926 -0.902619 0.4269648 -0.1629965 -0.8894567 0.426968 -0.8633251 0.2690132 0.4269644 -0.2690156 0.8633262 0.4269689 -0.269008 0.8633264 0.4269689 -0.1629962 0.8894549 0.4269654 -0.163 0.8894558 0.4269641 -0.05458921 0.9026194 0.4269663 -0.3711335 0.8245968 0.4269779 -0.3711215 0.8245961 0.426978 -0.2690275 0.8633158 0.4269753 -0.5576852 0.7118141 0.4269804 -0.5576717 0.7118217 0.4269809 -0.4677975 0.7738559 0.4269621 -0.467814 0.7738562 0.4269628 -0.3711199 0.8246046 0.4269739 -0.6394104 0.6394121 0.4269734 -0.6394119 0.6394109 0.4269727 -0.5576835 0.711817 0.4269797 -0.7738572 0.4677966 0.4269815 -0.7738538 0.4678002 0.4269787 -0.7118145 0.5576821 0.4269732 -0.7118186 0.557681 0.4269729 -0.639417 0.639406 0.4269779 -0.8633177 0.2690213 0.4269807 -0.824581 0.3711519 0.4269796 -0.8245914 0.3711304 0.4269616 -0.8246052 0.37112 0.4269628 -0.7738494 0.4678246 0.4269633 -0.8894574 -0.1629966 0.4269657 -0.8894575 -0.1629902 0.4269655 -0.9026176 -0.05460822 0.4269788 -0.902612 -0.05459547 0.4269785 -0.9026116 0.05460625 0.4269653 -0.9026184 0.05459755 0.4269649 -0.8894566 0.1629964 0.4269624 -0.889459 0.1629904 0.4269691 -0.889452 0.1630111 0.4269796 -0.8245912 -0.3711304 0.4269807 -0.824581 -0.3711519 0.4269767 -0.8633206 -0.2690142 0.4269691 -0.8633223 -0.2690203 0.4269691 -0.889452 -0.1630111 0.4269795 -0.7738572 -0.4677966 0.4269628 -0.7738494 -0.4678246 0.4269616 -0.8246052 -0.37112 0.426974 -0.6394101 -0.6394122 0.4269729 -0.639417 -0.639406 0.4269726 -0.7118168 -0.5576839 0.4269796 -0.7118163 -0.5576792 0.4269815 -0.7738538 -0.4678002 0.4269755 -0.5576851 -0.7118141 0.4269727 -0.5576835 -0.711817 0.4269734 -0.6394119 -0.6394109 0.4269661 -0.3711328 -0.8245972 0.4269628 -0.3711199 -0.8246046 0.426963 -0.4677999 -0.7738643 0.4269801 -0.4678111 -0.773848 0.4269804 -0.5576717 -0.7118217 0.4269701 -0.1629996 -0.8894537 0.4269689 -0.269008 -0.8633264 0.4269641 -0.2690156 -0.8633263 0.426978 -0.2690275 -0.8633158 0.4269779 -0.3711215 -0.8245961 0.3033543 -0.05754244 0.9511389 0.4269704 -0.05460804 0.9026153 0.4269772 -0.05459779 0.9026128 0.4269771 -0.05459862 -0.9026126 0.4269704 -0.05460804 -0.9026153 0.3033768 -0.05754244 -0.9511317 0.3033776 -0.1717569 -0.9372629 0.3033722 -0.1717603 -0.937264 0.3033751 -0.2834736 -0.9097287 0.3033667 -0.2834794 -0.9097297 0.3033673 -0.3910827 -0.8689205 0.3033709 -0.3910801 -0.8689203 0.3033693 -0.4929471 -0.8154571 0.3033662 -0.4929472 -0.8154582 0.3033651 -0.5876637 -0.7500808 0.3033737 -0.5876578 -0.7500818 0.3033742 -0.6737833 -0.6737805 0.3033734 -0.6737819 -0.6737824 0.303376 -0.7500764 -0.5876636 0.3033648 -0.7500846 -0.587659 0.3033668 -0.8154593 -0.4929448 0.3033709 -0.8154567 -0.4929467 0.3033711 -0.8689191 -0.3910825 0.3033664 -0.8689224 -0.3910791 0.3033681 -0.9097306 -0.2834753 0.3033741 -0.9097277 -0.2834778 0.3033726 -0.9372643 -0.171758 0.3033766 -0.9372627 -0.1717602 0.3033758 -0.9511321 -0.05754232 0.3033557 -0.9511393 -0.0575273 0.3033542 -0.9511389 0.05754274 0.3033767 -0.9511327 0.05752688 0.3033763 -0.9372631 0.1717578 0.3033729 -0.9372637 0.1717604 0.3033742 -0.9097287 0.2834747 0.3033686 -0.9097293 0.2834788 0.3033681 -0.8689201 0.3910828 0.3033698 -0.8689209 0.3910796 0.303371 -0.8154582 0.4929442 0.303367 -0.8154575 0.492948 0.3033668 -0.7500787 0.5876654 0.3033744 -0.7500815 0.5876579 0.3033747 -0.6737809 0.6737827 0.3033729 -0.6737836 0.6737809 0.3033742 -0.5876637 0.750077 0.3033651 -0.5876594 0.7500841 0.3033656 -0.4929471 0.8154584 0.3033704 -0.4929478 0.8154562 0.3033722 -0.3910818 0.8689191 0.3033664 -0.3910802 0.8689219 0.3033683 -0.2834742 0.9097309 0.3033732 -0.2834796 0.9097274 0.3033726 -0.1717571 0.9372645 0.3033772 -0.17176 0.9372624 0.3033766 -0.05752772 0.9511326 0.1852924 -0.0593267 0.980891 0.1852735 -0.05932784 -0.9808946 0.1852738 -0.1771342 -0.9665905 0.1852744 -0.1771333 -0.9665906 0.1852734 -0.2923481 -0.9381932 0.1852732 -0.292347 -0.9381935 0.1852741 -0.4033166 -0.8961079 0.1852949 -0.4032994 -0.8961114 0.1852965 -0.5083693 -0.8409672 0.1852645 -0.5083898 -0.8409619 0.185266 -0.6060483 -0.7735516 0.1852807 -0.6060355 -0.773558 0.185281 -0.6948641 -0.6948632 0.185281 -0.694863 -0.6948643 0.185282 -0.7735502 -0.6060452 0.1852651 -0.7735602 -0.6060377 0.1852646 -0.8409729 -0.5083716 0.1852969 -0.8409559 -0.5083881 0.1852965 -0.896104 -0.4033148 0.1852736 -0.8961142 -0.4033026 0.1852734 -0.938193 -0.2923485 0.1852729 -0.9381934 -0.2923479 0.185275 -0.9665903 -0.177134 0.1852733 -0.9665905 -0.1771345 0.1852727 -0.9808948 -0.05932682 0.1852939 -0.9808899 -0.05934029 0.1852939 -0.9808908 0.05932682 0.1852731 -0.9808939 0.05934035 0.1852732 -0.9665906 0.177134 0.185275 -0.9665902 0.1771345 0.1852726 -0.9381935 0.2923475 0.1852734 -0.9381932 0.2923482 0.185274 -0.8961079 0.4033166 0.1852959 -0.8961103 0.4033011 0.1852962 -0.8409678 0.5083686 0.1852657 -0.8409609 0.5083911 0.1852664 -0.7735525 0.606047 0.1852807 -0.7735571 0.6060367 0.1852815 -0.6948623 0.6948649 0.185281 -0.6948639 0.6948634 0.1852818 -0.6060438 0.7735514 0.185265 -0.6060386 0.7735594 0.1852653 -0.5083723 0.8409723 0.1852964 -0.508387 0.8409566 0.1852986 -0.4033135 0.8961043 0.1852714 -0.4033017 0.8961151 0.1852734 -0.2923481 0.9381932 0.185273 -0.2923479 0.9381933 0.1852755 -0.1771342 0.9665901 0.1852726 -0.1771337 0.9665908 0.1852746 -0.05934125 0.9808934 0.09500056 -0.06011319 0.9936606 0.09500533 -0.06011319 -0.9936602 0.09500664 -0.1794388 -0.9791708 0.09501016 -0.1794337 -0.9791714 0.09501016 -0.2961537 -0.9504032 0.09499949 -0.296164 -0.950401 0.09500086 -0.4085516 -0.9077778 0.09499454 -0.4085571 -0.9077759 0.09499335 -0.5150072 -0.8519061 0.09500604 -0.5149946 -0.8519123 0.0950067 -0.6139252 -0.7836259 0.09500664 -0.6139252 -0.783626 0.0950067 -0.7039083 -0.7039083 0.09500718 -0.7039077 -0.7039088 0.09500676 -0.7836256 -0.6139256 0.09500604 -0.7836259 -0.6139253 0.09500616 -0.8519057 -0.5150054 0.09499323 -0.8519138 -0.5149943 0.09499365 -0.9077785 -0.4085517 0.09500008 -0.9077755 -0.4085568 0.09499925 -0.9504041 -0.2961542 0.09501051 -0.9504 -0.2961635 0.09501039 -0.9791705 -0.1794391 0.0950061 -0.9791719 -0.1794334 0.0950061 -0.99366 -0.06011402 0.0950011 -0.9936609 -0.0601077 0.0950011 -0.9936606 0.06011283 0.09500598 -0.9936603 0.06010878 0.09500581 -0.9791711 0.1794381 0.09501057 -0.9791713 0.1794344 0.09501063 -0.9504034 0.2961528 0.09499949 -0.9504007 0.296165 0.09499979 -0.9077779 0.4085515 0.09499418 -0.907776 0.408557 0.09499311 -0.8519067 0.5150061 0.09500628 -0.8519127 0.5149937 0.09500622 -0.7836251 0.6139264 0.09500688 -0.7836262 0.6139249 0.09500676 -0.7039088 0.7039077 0.09500735 -0.703907 0.7039096 0.09500676 -0.6139256 0.7836256 0.09500664 -0.6139249 0.7836263 0.09500718 -0.5150063 0.8519051 0.09499281 -0.5149949 0.8519136 0.09499341 -0.4085519 0.9077785 0.09500128 -0.4085573 0.9077752 0.09499949 -0.296153 0.9504044 0.09500992 -0.2961642 0.9503999 0.09501093 -0.1794382 0.9791705 0.09500575 -0.179434 0.9791719 0.09500569 -0.0601083 0.9936604 0.05683326 -0.06028366 0.9965621 0.05683243 -0.06028366 -0.9965621 0.05683279 -0.179958 -0.9820312 0.05683022 -0.1799629 -0.9820304 0.05683022 -0.2970297 -0.9531756 0.05683428 -0.2970193 -0.9531787 0.05683422 -0.40975 -0.9104257 0.05683445 -0.4097497 -0.9104257 0.05683481 -0.516498 -0.8544002 0.05683171 -0.5165035 -0.8543971 0.05683189 -0.6157185 -0.7859141 0.05682998 -0.6157221 -0.7859113 0.05683046 -0.7059648 -0.7059632 0.05683004 -0.7059637 -0.7059643 0.05682992 -0.7859144 -0.6157183 0.05683207 -0.7859115 -0.6157218 0.05683189 -0.8544007 -0.5164974 0.05683439 -0.8543961 -0.5165048 0.05683439 -0.9104257 -0.4097499 0.05683445 -0.9104262 -0.4097488 0.05683434 -0.9531752 -0.2970305 0.05683052 -0.9531787 -0.2970199 0.05683052 -0.9820315 -0.1799565 0.05683249 -0.98203 -0.179964 0.05683261 -0.9965621 -0.06028395 0.0568332 -0.996562 -0.06028479 0.05683326 -0.9965622 0.06028223 0.05683255 -0.996562 0.0602864 0.05683249 -0.9820312 0.1799579 0.05683052 -0.9820305 0.1799625 0.05683052 -0.9531759 0.297029 0.05683428 -0.953178 0.2970213 0.05683434 -0.9104264 0.4097485 0.05683457 -0.9104257 0.4097502 0.05683451 -0.8543999 0.5164986 0.05683189 -0.854397 0.5165037 0.05683243 -0.7859151 0.6157172 0.05682975 -0.7859107 0.615723 0.0568304 -0.705964 0.705964 0.05683022 -0.7059645 0.7059635 0.05682975 -0.6157183 0.7859144 0.05683213 -0.6157225 0.7859109 0.05683237 -0.516498 0.8544004 0.0568341 -0.5165037 0.8543969 0.05683422 -0.4097503 0.9104255 0.05683434 -0.4097496 0.9104259 0.05683434 -0.2970295 0.9531755 0.05683034 -0.2970196 0.9531788 0.05683112 -0.1799578 0.9820314 0.05683207 -0.1799631 0.9820303 0.05683249 -0.06028538 0.996562 0.05394417 -0.06029528 0.9967219 0.05394792 -0.06028264 0.9967225 0.0539478 -0.1800022 0.9821858 0.0539447 -0.1799921 0.9821878 0.0539453 -0.297064 0.9533326 0.05394595 -0.2970675 0.9533314 0.05394583 -0.4098224 0.9105689 0.05394363 -0.4098153 0.9105722 0.05394387 -0.5165738 0.8545418 0.05394768 -0.5165865 0.8545339 0.05394756 -0.615825 0.7860339 0.05394619 -0.615821 0.7860372 0.05394631 -0.7060774 0.7060769 0.05394649 -0.706077 0.7060773 0.05394643 -0.7860337 0.6158254 0.05394768 -0.786037 0.6158211 0.0539478 -0.8545421 0.516573 0.05394363 -0.8545337 0.5165873 0.05394369 -0.9105689 0.4098225 0.05394566 -0.9105718 0.4098157 0.05394589 -0.9533326 0.2970638 0.053945 -0.9533316 0.2970671 0.05394476 -0.982186 0.1800025 0.05394756 -0.9821876 0.1799923 0.05394762 -0.9967225 0.0602827 0.05394428 -0.9967219 0.06029468 0.05394434 -0.9967226 -0.06028264 0.05394762 -0.9967218 -0.06029468 0.05394756 -0.9821858 -0.1800025 0.0539447 -0.9821878 -0.1799923 0.053945 -0.9533326 -0.2970638 0.05394589 -0.9533316 -0.2970671 0.05394572 -0.9105685 -0.4098231 0.05394363 -0.9105722 -0.4098149 0.05394369 -0.8545424 -0.5165728 0.0539478 -0.8545334 -0.5165872 0.05394762 -0.7860338 -0.6158251 0.05394631 -0.7860369 -0.6158213 0.05394631 -0.7060773 -0.706077 0.05394649 -0.7060771 -0.7060772 0.05394619 -0.6158253 -0.7860338 0.05394774 -0.6158207 -0.7860373 0.05394768 -0.5165736 -0.8545417 0.05394387 -0.5165868 -0.854534 0.05394363 -0.4098224 -0.9105689 0.05394577 -0.4098152 -0.9105721 0.05394589 -0.2970641 -0.9533325 0.05394512 -0.2970674 -0.9533315 0.053945 -0.1800022 -0.982186 0.05394762 -0.179992 -0.9821876 0.05394762 -0.06029522 -0.9967218 0.05683332 -0.06028538 -0.996562 0.06957185 -0.06023693 -0.9957567 0.06956368 -0.06022435 -0.995758 0.06956416 -0.1798191 -0.981237 0.06956905 -0.1798278 -0.9812351 0.06956893 -0.2967815 -0.952408 0.06956577 -0.2967765 -0.9524098 0.06956654 -0.4094151 -0.9096922 0.06957209 -0.4094256 -0.9096871 0.06957226 -0.5160781 -0.8537115 0.06956994 -0.5160734 -0.8537145 0.06957024 -0.6152294 -0.7852724 0.06956881 -0.6152298 -0.7852723 0.06956893 -0.7053931 -0.705394 0.06956899 -0.7053936 -0.7053936 0.06956934 -0.7852726 -0.6152293 0.06956946 -0.7852728 -0.615229 0.06956976 -0.8537119 -0.5160778 0.06957221 -0.8537143 -0.5160733 0.0695725 -0.9096919 -0.4094148 0.06956642 -0.9096875 -0.4094258 0.06956583 -0.952408 -0.2967824 0.06956869 -0.9524099 -0.2967758 0.06956905 -0.9812366 -0.1798189 0.0695647 -0.9812352 -0.1798284 0.06956481 -0.9957571 -0.06023776 0.06957089 -0.9957575 -0.0602256 0.06957083 -0.9957566 0.06023871 0.0695647 -0.9957579 0.06022465 0.06956481 -0.981237 0.179819 0.06956905 -0.981235 0.1798284 0.06956863 -0.9524081 0.2967813 0.06956595 -0.9524097 0.2967768 0.06956654 -0.9096923 0.409415 0.06957244 -0.909687 0.4094256 0.06957238 -0.8537117 0.5160776 0.0695697 -0.8537145 0.5160734 0.06956988 -0.7852724 0.6152296 0.06956893 -0.7852731 0.6152288 0.06956905 -0.7053933 0.7053939 0.06956863 -0.7053934 0.7053939 0.06956893 -0.6152309 0.7852713 0.06957012 -0.6152282 0.7852734 0.06956982 -0.5160779 0.8537117 0.0695725 -0.5160733 0.8537143 0.0695725 -0.4094145 0.909692 0.06956601 -0.409426 0.9096874 0.06956601 -0.2967817 0.9524082 0.06956881 -0.2967761 0.9524097 0.06956857 -0.1798189 0.9812367 0.06956446 -0.179828 0.9812353 0.06956541 -0.06023687 0.9957571 0.06957024 -0.06022435 0.9957576 1 0 0 1 1.91846e-7 0 1 -3.06234e-7 0 1 2.58817e-7 0 0 -0.2588216 0.9659252 0 -0.7071312 0.7070823 0 -0.707127 0.7070866 0 -0.9659136 0.2588651 0 -0.9659136 -0.2588651 0 -0.707127 -0.7070866 0 -0.7071313 -0.7070823 0 -0.2588216 -0.9659252 0 -0.2588194 -0.9659258 0 0.2588194 -0.9659258 0 0.2588216 -0.9659252 0 0.7071355 -0.7070782 0 0.7071313 -0.7070823 0 0.9659136 -0.2588651 0 0.9659136 0.2588651 0 0.7071312 0.7070823 0 0.7071356 0.7070781 0 0.2588216 0.9659252 0.9659171 -0.2588521 0 0.965917 -0.2588523 0 0.7071198 -0.7070938 0 0.258828 -0.9659235 0 -0.2588704 0 -0.9659121 -0.2588708 0 -0.9659119 -0.7070322 0 -0.7071815 -0.7070357 0 -0.707178 -0.9659168 0 -0.2588528 -0.9659172 0 -0.2588511 -0.9659168 0 0.2588528 -0.7070357 0 0.707178 -0.7070322 0 0.7071815 -0.258877 0 0.9659104 -0.2588643 0 0.9659138 -1 0 0 -1 0 0 -1 0 0 -1 0 0 -1 0 0 -1 0 0 -1 0 0 -1 0 0 -0.2588639 0 -0.9659139 -0.2588774 0 -0.9659103 -0.9659172 0 0.2588511 -0.2588704 0 0.9659121 -0.2588708 0 0.9659119 0 0.2588529 0.9659168 0 0.7070916 0.707122 0 0.707095 0.7071185 0 0.9659236 0.2588275 0 0.9659236 0.2588275 0 -0.9659236 0.2588275 0 -0.9659227 0.2588308 0 -0.7070934 0.7071203 0 -0.707095 0.7071185 0 -0.2588529 0.9659168 0 -0.2588511 0.9659172 0 -1 8.36009e-6 0 -1 -1.46979e-5 0 -1 -2.34708e-5 0 -1 -3.47081e-6 0 -1 3.84035e-6 0 -1 0 0 -1 -4.15384e-6 0 -1 -1.57067e-6 0 -1 6.7001e-6 0 -1 -2.37589e-7 0 -1 1.55977e-5 1 1.60843e-6 0 1 -4.83456e-6 0 1 6.60007e-6 0 1 4.04594e-6 0 1 4.07667e-6 0 1 7.76853e-6 0 1 -8.23754e-6 0 1 5.96976e-6 0 1 -6.63097e-5 0 1 3.58483e-5 0 1 -2.334e-5 0 1 8.75971e-6 0 1 -7.76853e-6 0 1 -2.39498e-6 0 1 4.8181e-6 0 1 -4.07667e-6 0 1 -2.71445e-6 0 1 -1.30182e-5 0 1 6.45635e-5 0 1 -1.45053e-5 0 1 6.63097e-5 0 1 -9.63394e-7 0 1 -2.60547e-6 0 1 8.11028e-6 0 1 -5.67462e-6 0 1 -2.18778e-5 0 1 1.73573e-5 0 1 -1.70256e-5 0 1 1.80909e-5 0 1 6.57866e-6 0 1 -1.45174e-6 0 1 8.46679e-6 0 1 -5.51222e-6 0 1 -7.88216e-6 0 1 5.88845e-6 0 1 -5.58562e-7 0 1 -3.16013e-6 0 1 6.09973e-7 0 1 -3.99832e-6 0 1 -2.06753e-5 0 1 1.70256e-5 0 1 -3.43507e-7 0 1 3.84429e-6 0 1 -2.89398e-6 0 1 2.2848e-6 0 1 0 0 1 1.49386e-6 0 1 -3.21006e-7 0 1 3.21006e-7 0 1 8.17042e-7 0 1 0 0 1 -3.23365e-6 0 1 -1.48733e-7 0 1 0 0 1 -1.35364e-7 0 1 0 0 0.9618731 0 -0.2734963 0.9618709 0 -0.2735038 0.6998109 0 -0.7143282 0.6998105 0 -0.7143287 0.2563177 0 -0.9665927 0.2563306 0 -0.9665893 -2.64088e-7 0 -1 2.57547e-7 0 -1 -1.3497e-7 0 -1 -0.195102 0.980783 0 -0.195102 0.980783 0 -0.555534 0.8314938 0 -0.555534 0.8314939 0 -0.8314621 0.5555817 0 -0.831462 0.5555817 0 -0.9807913 0.1950604 0 0 0 1 -2.38547e-7 0 1 0 -0.2588645 0.9659137 0 -0.2588635 0.9659139 0 -0.7071068 0.7071068 0 -0.7071046 0.7071089 0 -0.9659148 0.2588605 0 -0.9659134 0.2588655 0 -0.9659134 -0.2588655 0 -0.9659144 -0.2588616 0 -0.7071046 -0.7071089 0 -0.7071068 -0.7071068 0 -0.2588666 -0.9659132 0 -0.2588655 -0.9659134 0 0.2588666 -0.9659132 0 0.2588645 -0.9659137 0 0.7071068 -0.7071068 0 0.9659134 -0.2588655 0 0.9659144 -0.2588616 0 0.9659148 0.2588605 0 0.9659134 0.2588655 0 0.7071068 0.7071068 0 0.2588635 0.965914 0 0.2588635 0.9659139 0 -0.2588625 0.9659143 0 -0.7071047 0.7071089 0 -0.7071089 0.7071047 0 -0.9659137 0.2588645 0 -0.9659144 0.2588616 0 -0.7071089 -0.7071047 0 -0.7071047 -0.7071089 0 -0.2588655 -0.9659134 0 0.2588655 -0.9659134 0 0.7071089 -0.7071047 0 0.7071025 -0.7071111 0 0.9659137 0.2588645 0 0.9659144 0.2588616 0 0.7071025 0.7071111 0 0.7071089 0.7071047 0 0.2588645 0.9659137 0 -0.2588666 0.9659132 0 -0.2588645 0.9659137 0 -0.9659148 -0.2588605 0 -0.2588635 -0.965914 0 -0.2588635 -0.9659139 0 0.2588645 -0.9659137 0 0.2588635 -0.9659139 0 0.7071046 -0.7071089 0 0.9659148 -0.2588605 0 0.7071046 0.7071089 0 0.2588666 0.9659132 0 0.2588655 0.9659134 0 -0.2588655 0.9659134 0 -0.7071025 0.7071111 0 -0.9659137 -0.2588645 0 -0.7071025 -0.7071111 0 -0.2588645 -0.9659137 0 0.2588625 -0.9659143 0 0.7071047 -0.7071089 0 0.9659137 -0.2588645 0 0.7071047 0.7071089 0 0.2588655 0.9659134 0 -0.2588199 0.9659257 0 -0.258821 0.9659254 0 -0.7071059 0.7071076 0 -0.7071059 0.7071078 0 -0.9659253 0.2588211 0 -0.9659255 0.2588202 0 -0.9659253 -0.2588213 0 -0.9659256 -0.2588199 0 -0.7071059 -0.7071078 0 -0.7071059 -0.7071076 0 -0.25882 -0.9659257 0 -0.258821 -0.9659254 0 0.2588199 -0.9659256 0 0.258821 -0.9659254 0 0.7071059 -0.7071076 0 0.9659253 -0.2588211 0 0.9659256 -0.2588199 0 0.9659253 0.2588211 0 0.9659256 0.2588199 0 0.7071059 0.7071076 0 0.2588199 0.9659257 0 0.2588209 0.9659253 0.258836 -0.9659213 0 0.7071968 -0.7070167 0 0.7071402 -0.7070734 0 0.9659149 -0.2588602 0 0.9659429 -0.2587557 0 0 -0.2559385 -0.9666931 0 -0.7008205 -0.7133377 0 -0.7008223 -0.7133359 0 -0.961848 -0.2735848 0 0.961848 -0.2735848 0 0.7008205 -0.7133377 0 0.7008223 -0.7133359 0 0.2559385 -0.9666931 0 -0.2588635 0.9659139 0 -0.7070811 0.7071325 0 -0.707081 0.7071326 0 -0.9659256 0.2588202 0 -0.9659255 0.2588205 0 -0.9659252 -0.2588216 0 -0.7070854 -0.7071282 0 -0.7070855 -0.7071281 0 -0.2588635 -0.9659139 0 0.2588635 -0.9659139 0 0.7070853 -0.7071283 0 0.7070855 -0.7071281 0 0.9659252 -0.2588216 0 0.9659255 0.2588205 0 0.7070811 0.7071325 0 0.707081 0.7071327 0 0.2588635 0.9659139 3.75376e-4 -0.7005472 -0.7136061 0 -0.9938796 -0.1104696 -0.002874076 -0.9586296 -0.284642 2.17226e-4 -0.9807853 -0.1950907 -0.007176935 -0.8971373 -0.4416937 -0.00716114 -0.8974456 -0.441067 3.75298e-4 -0.7005832 -0.7135707 3.76353e-4 -0.700449 -0.7137024 -0.001013696 -0.8314758 -0.5555601 -0.001823425 -0.810419 -0.5858479 2.24942e-4 -0.8972354 -0.4415527 -0.001324415 -0.5555584 -0.8314765 -9.9229e-4 -0.5708964 -0.8210215 -9.94691e-4 -0.570753 -0.8211213 0 -0.1013273 -0.9948533 -0.002504944 -0.2672682 -0.9636189 -0.002498507 -0.2668565 -0.9637331 -6.82944e-4 -0.1950924 -0.9807846 3.00536e-4 -0.4249389 -0.9052219 3.00531e-4 -0.4248319 -0.9052723 0.9948368 0 -0.1014888 0.8965525 -3.61035e-4 -0.4429374 0.9054207 -2.55416e-4 -0.4245154 0.8976387 -1.71001e-4 -0.4407321 0.9938594 0 -0.1106508 0.9945709 3.51297e-4 -0.1040616 0.958649 -2.50988e-4 -0.2845911 0.9649118 3.70835e-4 -0.2625744 0.9638953 2.67551e-4 -0.2662817 0.8972633 -1.71115e-4 -0.4414961 0.9051558 3.62403e-4 -0.4250799 0.8104232 -2.55343e-4 -0.585845 0.8226915 3.21397e-4 -0.5684881 0.8211743 2.55504e-4 -0.5706775 0.7015382 -3.6783e-4 -0.7126318 0.7139222 -2.59772e-4 -0.7002251 0.7005831 -5.71857e-6 -0.7135708 0.7140974 -5.85691e-6 -0.7000463 0.7006508 2.4944e-4 -0.7135043 0.7137792 3.62423e-4 -0.7003708 0.5703997 -2.65212e-4 -0.8213673 0.5728987 -1.91318e-4 -0.8196262 0.5864605 2.58016e-4 -0.8099778 0.4248981 -3.72369e-4 -0.9052411 0.4419201 1.82532e-4 -0.8970546 0.4248378 1.82756e-4 -0.9052695 0.4420949 3.69221e-4 -0.8969683 0.4436594 3.78165e-4 -0.8961954 0.2668249 -2.57464e-4 -0.9637451 0.2851537 2.38814e-4 -0.9584819 0.2640278 1.87832e-4 -0.964515 0.1107729 -3.38721e-4 -0.9938457 0.1013467 0 -0.9948512 0.965917 0 -0.2588524 0.965917 0 -0.2588524 0.7071201 0 -0.7070936 0.7071201 0 -0.7070935 0.2588267 0 -0.9659238 0.2588295 0 -0.9659231 0 -0.9659149 0.2588603 0 -0.9659148 0.2588603 0 -0.7071217 0.7070919 0 -0.7071217 0.7070919 0 -0.2588276 0.9659236 0 -0.2588276 -0.9659236 0 -0.7071217 -0.7070919 0 -0.7071217 -0.7070919 0 -0.9659149 -0.2588603 0 -0.9659148 -0.2588603 0.9999976 -0.00220561 0 0.9999883 -0.004699409 0.001184701 1 2.82321e-4 2.42775e-4 0.999995 -0.003025949 8.94893e-4 0.9999907 -0.004197895 0.001048624 0.9999571 -0.008756279 0.003063559 0.9999815 -0.005739033 0.002014994 0.9999528 -0.009014189 0.003642737 0.9999897 -0.003849327 0.002417206 0.9999796 -0.005419254 0.003390789 0.9999829 -0.004987001 0.003085911 0.9999319 -0.009911239 0.006168246 0.9999837 -0.004636168 0.003339886 0.9999569 -0.007268548 0.005788683 0.9999955 -0.002336859 0.001880347 0.9999792 -0.004466176 0.00466454 0.9999902 -0.00290066 0.003377974 0.9999778 -0.004352867 0.005066812 0.9999893 -0.003054559 0.00347799 0.9999987 -9.86404e-4 0.001356542 0.9999952 -0.001653909 0.002639293 0.9999831 0.003063261 -0.004955291 0.9999992 5.52826e-4 -0.001243233 0.9999929 0.001110732 -0.003614783 0.9997411 0 -0.02275228 0.9999201 0.002778947 -0.01234066 0.9999249 0.002690851 -0.01195758 0.9999834 0.001772999 -0.005491793 0.9999963 4.57694e-4 -0.002692341 1 -4.11724e-4 -2.12908e-4 0.9999999 -4.33524e-4 -2.13241e-4 0 1 -1.23411e-5 0 1 -9.30981e-7 0 1 1.49354e-6 0 1 -4.59308e-6 0 1 -5.22503e-7 0 1 1.5707e-7 0 1 0 0 1 -3.6346e-6 0 1 7.68383e-7 0 1 0 0 1 -3.73031e-6 0 1 -5.37527e-6 -1 8.60438e-7 0 -1 4.07667e-6 0 -1 -1.05944e-5 0 -1 9.13945e-7 0 -1 -5.66835e-7 0 -1 4.19121e-6 0 -1 -1.18134e-6 0 -1 -3.64688e-6 0 -1 -4.84403e-5 0 -1 3.52271e-5 0 -1 -1.19395e-5 0 -1 2.88657e-6 0 -1 -3.13802e-6 0 -1 7.93438e-6 0 -1 4.84123e-6 0 -1 1.05944e-5 0 -1 -4.07667e-6 0 -1 -1.34466e-6 0 -1 6.78614e-6 0 -1 -5.20728e-6 0 -1 1.63184e-5 0 -1 -6.63097e-5 0 -1 2.55988e-5 0 -1 -2.91429e-5 0 -1 2.06753e-5 0 -1 2.92372e-6 0 -1 9.63394e-7 0 -1 3.40525e-6 0 -1 -1.21589e-5 0 -1 7.46441e-6 0 -1 -1.13182e-6 0 -1 -2.86978e-6 0 -1 -1.57678e-6 0 -1 8.03554e-7 0 -1 2.09972e-6 0 -1 -4.51562e-5 0 -1 2.93986e-5 0 -1 -1.1206e-5 0 -1 3.36212e-4 0 -1 -6.08441e-7 0 -1 -2.93986e-5 0 -1 3.02646e-5 0 -1 -3.40525e-6 0 -1 -9.63394e-7 0 -1 -1.09838e-5 0 -1 3.70744e-5 0 -1 -2.97107e-5 0 -1 2.18778e-5 0 -1 3.29717e-6 0 -1 1.18782e-6 0 -1 3.92273e-6 0 -1 -1.31288e-5 0 0 -0.9999147 -0.0130679 -0.003573358 -0.9997819 -0.02058058 -8.87347e-4 -0.9999755 -0.006957411 -0.003774464 -0.999781 -0.02059054 -0.001846551 -0.9999805 -0.005991578 -0.003067076 -0.9999572 -0.008738934 -5.32559e-4 -0.9999988 -0.001507937 -5.88034e-4 -0.9999986 -0.00162965 -5.73425e-4 -0.9999986 -0.00156939 0.001270353 -0.9999983 0.001381576 -7.43122e-4 -0.9999985 -0.001566171 -6.65419e-4 -0.9999988 -0.001442253 8.60601e-4 -0.9999987 0.001383006 0.002521932 -0.9999919 0.003143072 0.002324998 -0.9999932 0.002900481 0.005188703 -0.9999738 0.005062639 0.002988815 -0.9999927 0.002401471 0.002788126 -0.9999937 0.002232789 0.005616247 -0.9999743 0.004491508 0.004019796 -0.9999877 0.002919375 0.008461534 -0.999958 0.003534078 0.004522264 -0.9999864 0.002602219 0.007945895 -0.9999562 0.004949271 0.007847547 -0.9999572 0.004898548 0.004070401 -0.9999918 0 0.002162754 -0.9999976 5.1204e-4 0.007478654 -0.9999707 0.001703739 0.004374384 -0.9999897 0.001265823 0.0084486 -0.9999592 0.003191232 0.004184663 -0.9999899 0.001677632 0.005126714 -0.9999849 0.002017557 0.002095699 0.9999979 0 0.004499137 0.9999893 0.001143574 0.003678739 0.9999927 9.93994e-4 0.004628777 0.9999887 0.001178979 0.004173278 0.9999907 0.001120388 0.007817029 0.9999657 0.002744078 0.004964828 0.9999862 0.00173968 0.004935681 0.9999864 0.001725494 0.008053362 0.999956 0.004821181 0.004520833 0.9999865 0.002602398 0.008079886 0.9999548 0.005028605 0.007906973 0.9999567 0.004921138 0.00411427 0.9999874 0.002885162 0.006958901 0.9999603 0.005571365 0.003076493 0.9999923 0.002462148 0.004544973 0.99998 0.004402935 0.002696633 0.9999923 0.002874195 0.002410709 0.9999938 0.002559781 0.00435543 0.9999783 0.004965662 0.001086652 0.9999981 0.00166732 -0.00113672 0.9999932 -0.003530323 -5.7115e-4 0.9999992 -0.001138687 -0.002139866 0.9999918 -0.003439247 0.001305222 0.999997 0.002102792 0 0.9997392 -0.02283841 -0.002786695 0.9999194 -0.01238614 -0.002695381 0.9999247 -0.01198214 -0.001759409 0.9999842 -0.005347549 -9.90703e-4 0.9999926 -0.003716826 -4.32895e-4 0.9999976 -0.002163767 3.1258e-5 0.9999995 -9.64582e-4 1 -1.7781e-6 0 1 0 0 1 3.06234e-7 0 1 -2.58817e-7 0 1 -3.06236e-7 0 1 2.99378e-7 0 1 -1.01607e-6 0 1 1.66727e-7 0 1 -3.17646e-7 0 1 -1.74181e-7 0 -1.23259e-5 0 -1 9.12922e-6 0 -1 0 0 -1 5.36222e-7 0 -1 0 -0.7071355 0.7070782 0 -0.7071313 0.7070823 0 -0.7071312 -0.7070823 0 -0.7071356 -0.7070781 0 0.7071312 -0.7070823 0 0.707127 -0.7070866 0 0.707127 0.7070866 0 0.7071313 0.7070823 0.965943 0.2587552 0 0.9659147 0.2588606 0 0.7071406 0.707073 0 0.7071965 0.7070172 0 0.258836 0.9659213 0 0 0.1356381 0.9907585 1.8813e-6 0.1358736 0.9907262 0.00129199 0.7246998 0.6890636 0.00129354 0.7247681 0.6889917 2.64173e-4 0.5987625 0.8009267 -3.2604e-4 0.4560015 0.889979 -3.25661e-4 0.4561998 0.8898773 -3.18398e-4 0.2588291 0.9659232 0.004110634 0.4558486 0.890048 0.001857757 0.2999346 0.953958 0.001450181 0.9678509 0.2515206 0.001358091 0.9659219 0.2588301 0 0.993872 0.1105377 -1.69573e-4 0.9119627 0.4102731 -1.69959e-4 0.9119415 0.4103203 -1.58785e-4 0.7071068 0.7071068 0.007327735 0.9119616 0.4102101 0.004146158 0.8301366 0.5575449 -0.135688 0 0.9907516 -0.4115312 5.43819e-4 0.9113956 -0.2993866 8.78763e-4 0.9541315 -0.4120765 -2.27523e-4 0.9111492 -0.1358051 2.2434e-4 0.9907355 -0.2527863 -7.00165e-4 0.9675219 -0.1113322 -5.01003e-4 0.9937832 -0.5976727 0.00103259 0.8017396 -0.4110152 -0.002156615 0.9116259 -0.456548 -3.58487e-4 0.8896988 -0.4570848 -3.56544e-4 0.8894231 -0.4559754 -3.56455e-4 0.8899924 -0.5589123 -2.72968e-4 0.8292267 -0.689823 5.38092e-4 0.723978 -0.7247918 3.6911e-4 0.6889679 -0.690176 -3.60489e-4 0.7236415 -0.7245832 -5.32189e-4 0.6891872 -0.8010333 3.98714e-5 0.5986199 -0.8309736 -3.77562e-5 0.5563119 -0.8898943 5.29932e-4 0.4561666 -0.9115964 5.25066e-4 0.411086 -0.8908497 3.64737e-4 0.454298 -0.9117965 3.63596e-4 0.4106424 -0.8906534 -3.89408e-4 0.4546828 -0.9119604 -5.31754e-4 0.4102782 -0.9541148 4.84977e-5 0.2994411 -0.9908376 0 0.135059 -0.9908378 0 0.1350579 -0.9903861 -6.60835e-5 0.1383308 -0.9938917 6.81705e-4 0.1103575 -0.9678541 -2.49746e-5 0.2515126 0 1 -1.68529e-7 0 1 1.89854e-7 -0.1951024 0 0.9807829 -0.1951013 0 0.9807832 -0.5555331 0 0.8314945 -0.5555347 0 0.8314934 -0.8314618 0 0.5555821 -0.8314625 0 0.555581 -0.9807913 0 0.1950607 -0.9807913 0 0.1950603 0.9659171 0.2588521 0 0.965917 0.2588523 0 0.7071198 0.7070938 0 0.258828 0.9659235 0 3.75314e-4 0.7139244 -0.7002227 2.14595e-4 0.1950925 -0.9807849 -0.007191419 0.4420624 -0.8969556 -0.007183253 0.4418462 -0.8970621 -0.002883672 0.2851045 -0.9584922 0 0.1107901 -0.9938439 3.75317e-4 0.7139529 -0.7001937 3.76757e-4 0.7141751 -0.699967 -0.00101006 0.5555586 -0.8314768 -0.001833975 0.5863247 -0.810074 2.22388e-4 0.4420014 -0.8970143 3.01356e-4 0.9053592 -0.4246464 3.01354e-4 0.9053959 -0.4245684 -0.001323699 0.8314773 -0.5555573 -9.95077e-4 0.8211297 -0.5707408 -0.001000404 0.8213529 -0.5704196 0 0.9948597 -0.1012639 -0.001410543 0.9807838 -0.1950928 -3.81997e-4 0.9637028 -0.2669773 -3.87282e-4 0.9637715 -0.2667294 -1 0 0 -1 0 0 -1 0 0 -1 0 0 -1 0 0 -1 0 0 -1 0 0 -1 0 0 0.9999126 0 -0.01322734 0.9997779 -0.003579139 -0.02076804 0.9999999 5.05433e-4 -1.32652e-4 0.999814 -0.003506898 -0.0189709 0.9999813 -0.001775503 -0.005858898 0.999956 -0.003112256 -0.008858323 0.9999982 -6.29611e-4 -0.001810789 0.9999978 -7.28976e-4 -0.00199604 0.9999988 -5.9174e-4 -0.001413762 1 2.66898e-4 -1.43256e-4 1 1.69212e-4 -1.15176e-4 1 2.5246e-4 -1.1522e-4 0.9999981 0.001134634 0.00157386 0.9999951 0.001954138 0.002455592 0.999992 0.002501726 0.003133714 0.9999724 0.005297422 0.005224466 0.9999958 0.002358317 0.00170654 0.9999739 0.005648374 0.004512965 0.999974 0.005623698 0.0045107 0.9999877 0.004032909 0.002928614 0.9999568 0.007899701 0.004915952 0.9999852 0.004618048 0.002872526 0.9999891 0.003987073 0.002447009 0.9999603 0.008223593 0.003450274 0.9999935 0.003604173 0 0.999998 0.001970529 4.40939e-4 0.9999576 0.008994758 0.002025485 0.9999876 0.004801273 0.001430153 0.9999469 0.009630024 0.003695845 1 -1.46694e-4 2.13214e-4 0.9999651 0.007716119 0.003209233 1.06253e-6 0 1 -1.78416e-6 0 1 -1.82584e-5 0 1 -2.6249e-6 0 1 2.4711e-5 0 1 0 0 1 0 0 1 -2.65796e-7 0 1 0.256331 0 -0.9665891 0.2563173 0 -0.9665927 0 1 2.4777e-7 0 1 0 0 1 -1.37298e-5 0 1 1.49313e-5 -2.64088e-7 0 1 2.57547e-7 0 1 -1.3497e-7 0 1 -0.195102 -0.980783 0 -0.195102 -0.980783 0 -0.555534 -0.8314938 0 -0.555534 -0.8314939 0 -0.8314621 -0.5555817 0 -0.831462 -0.5555817 0 -0.9807913 -0.1950604 0 0 0 -1 -2.38547e-7 0 -1 0 -0.9907862 0.1354357 3.01025e-6 -0.9907378 0.1357888 7.69146e-5 -0.5588984 0.8292362 2.59631e-4 -0.801521 0.5979667 0.001134514 -0.7071071 0.7071056 7.71465e-4 -0.689958 0.723849 7.71164e-4 -0.6899246 0.7238809 -3.24332e-4 -0.8903415 0.4552935 -3.2466e-4 -0.890432 0.4551163 -3.17473e-4 -0.9659233 0.2588282 0.004099249 -0.890333 0.4552915 0.001851081 -0.9541257 0.2994008 0 -0.1113003 0.9937869 0.001305699 -0.2529255 0.967485 0.003241598 -0.411654 0.9113345 8.6322e-4 -0.2588292 0.9659227 -1.765e-4 -0.4117221 0.9113095 -1.76508e-4 -0.4116538 0.9113404 0 -1 -1.38367e-7 0 -1 4.07333e-6 0 -1 0 0 -1 7.04681e-7 0 -1 -1.36274e-6 0.6947337 -0.5085986 -0.5085986 0.6947348 -0.5085974 -0.5085985 0.6947296 -0.1861324 -0.6947702 0.6947377 -0.1861624 -0.694754 0.6947405 0.1861453 -0.6947557 0.6947327 0.1861556 -0.6947609 0.6947352 0.5085946 -0.5086007 0.6947344 0.5085971 -0.5085993 0.694729 0.6947695 -0.1861377 0.6947394 0.6947532 -0.1861588 0.6947425 0.6947547 0.186142 0.6947336 0.6947594 0.1861572 0.6947334 0.5085989 0.5085989 0.6947345 0.5085976 0.5085987 0.6947286 0.1861477 0.6947671 0.6947385 0.1861564 0.6947548 0.6947417 -0.1861293 0.6947589 0.6947307 -0.1861621 0.6947611 0.6947373 -0.5085932 0.5085993 0.6947353 -0.508597 0.5085981 0.6947357 -0.694761 0.1861438 0.6947396 -0.6947537 0.1861567 0.6947402 -0.6947584 -0.1861367 0.6947334 -0.6947591 -0.1861593 0.6947341 -0.5085994 -0.5085974 0.6947353 -0.508597 -0.5085981 0.6947275 -0.186148 -0.6947681 0.694738 -0.1861563 -0.6947553 0.6947432 0.1861295 -0.6947574 0.6947307 0.1861621 -0.6947611 0.6947358 0.5085942 -0.5086002 0.6947346 0.5085969 -0.5085991 0.6947362 0.6947615 -0.1861399 0.6947386 0.6947589 0.186141 0.6947339 0.6947591 0.1861571 0.694732 0.5085988 0.5086008 0.6947342 0.5085978 0.5085989 0.6947296 0.1861324 0.6947702 0.6947383 0.1861625 0.6947534 0.6947391 -0.1861451 0.6947573 0.6947327 -0.1861556 0.6947609 0.6947365 -0.5085937 0.5085998 0.6947342 -0.5085978 0.5085989 0.6947278 -0.6947694 0.1861417 0.6947397 -0.6947535 0.1861566 0.694743 -0.6947552 -0.1861381 0.6947335 -0.694759 -0.1861592 0.6947345 -0.5085976 -0.5085987 0.6947286 -0.1861477 -0.6947671 0.6947427 0.1861296 -0.6947579 0.6947365 0.5085927 -0.5086008 0.6947353 0.508597 -0.5085981 0.694736 0.6947613 -0.1861419 0.6947394 0.6947535 -0.1861578 0.6947399 0.6947581 0.1861387 0.6947335 0.6947593 0.1861582 0.694733 0.508598 0.5086001 0.6947348 0.5085974 0.5085985 0.6947306 0.1861326 0.6947691 0.6947377 0.1861624 0.694754 0.6947396 -0.186145 0.6947568 0.694736 -0.5085951 0.5085992 0.6947344 -0.5085971 0.5085993 0.694729 -0.6947695 0.1861377 0.6947394 -0.6947532 0.1861588 0.6947428 -0.694755 -0.18614 0.6947335 -0.6947593 -0.1861582 0.6947327 -0.5085993 -0.5085993 0.6947342 -0.5085978 -0.5085989 0.69474 0.1861454 -0.6947562 0.6947358 0.5085932 -0.5086013 0.6947342 0.5085978 -0.5085989 0.6947281 0.6947697 -0.1861398 0.6947396 0.6947534 -0.1861577 0.6947428 0.694755 0.18614 0.6947337 0.6947592 0.1861582 0.6947353 0.508597 0.5085981 0.6947285 0.1861482 0.6947669 0.694738 0.1861563 0.6947553 0.6947422 -0.1861292 0.6947584 0.6947365 -0.5085947 0.5085988 0.6947346 -0.5085969 0.5085991 0.6947362 -0.6947615 0.1861399 0.6947389 -0.6947591 -0.186139 0.6947338 -0.6947591 -0.1861581 0 0.9659094 -0.2588804 0 0.9659124 -0.2588692 0 0.7071359 -0.7070777 0 0.7071306 -0.707083 0 0.2588237 -0.9659246 0 0.2588199 -0.9659257 0 -0.2588211 -0.9659253 0 -0.2588225 -0.9659249 0 -0.7071253 -0.7070883 0 -0.7071306 -0.707083 0 -0.9659147 -0.2588607 0 -0.9659124 -0.2588692 0 -0.9659121 0.2588706 0 -0.9659151 0.2588593 0 -0.7071306 0.707083 0 -0.7071253 0.7070883 0 -0.2588237 0.9659246 0 -0.2588199 0.9659257 0 0.2588211 0.9659253 0 0.2588225 0.9659249 0 0.7071306 0.707083 0 0.7071359 0.7070777 0 0.9659121 0.2588706 0 0.9659097 0.2588791 0 0.9659121 -0.2588706 0 0.9659151 -0.2588593 0 0.7071253 -0.7070883 0 -0.7071359 -0.7070777 0 -0.9659121 -0.2588706 0 -0.9659097 -0.2588791 0 -0.9659094 0.2588804 0 -0.9659124 0.2588692 0 -0.7071359 0.7070777 0 0.7071253 0.7070883 0 0.9659147 0.2588607 0 0.9659124 0.2588692 1 -7.03314e-6 0 1 3.45743e-6 0 1 5.00281e-5 0 1 7.56258e-7 0 1 -4.60905e-7 0 1 8.58342e-7 0 1 -6.69563e-5 0 1 1.84217e-6 0 1 -8.96448e-7 0 1 -8.27628e-7 0 1 -1.54749e-6 0 1 2.90288e-6 0 1 -4.64336e-6 0 1 -4.67739e-6 0 1 -1.65525e-6 0 1 4.05134e-6 0 1 -2.8608e-6 0 1 1.68117e-5 0 1 -3.90569e-6 0 1 5.32963e-6 0 1 4.24227e-6 0 1 -2.3344e-6 0 1 -2.47841e-6 0 1 -9.98178e-6 0 1 -9.41862e-6 0 1 1.13818e-6 0 1 1.85362e-6 0 1 2.82582e-6 0 1 -3.02962e-6 0 1 1.29048e-6 0 1 -5.54396e-5 0 1 4.48442e-6 0 1 1.84311e-6 0 1 -3.36331e-6 0 1 -3.5973e-6 0 1 2.31562e-6 0 1 -2.31562e-6 0 1 -2.1121e-6 0 1 4.7357e-6 0 1 -1.00218e-6 0 1 -3.25414e-7 0 1 -7.59487e-6 0 1 -4.7357e-6 0 1 1.95334e-6 0 1 -1.56213e-6 0 1 4.30869e-6 0 1 8.09016e-6 0 1 -2.90288e-6 0 1 5.98696e-6 0 1 -2.19906e-6 0 0 -0.9659333 -0.2587913 0 -0.965934 -0.2587885 0 -0.7071053 -0.7071083 0 -0.258792 -0.9659332 0 -0.2587898 -0.9659337 0 0.258792 -0.9659332 0 0.2587891 -0.9659339 0 0.965934 -0.2587885 0 0.9659333 -0.2587913 0 0.9659333 0.2587913 0 0.965934 0.2587885 0 0.7071083 0.7071053 0 0.2587877 0.9659343 0 0.2587906 0.9659335 0 -0.2587885 0.965934 0 -0.2587906 0.9659335 0 -0.965934 0.2587885 0 -0.9659333 0.2587913 0 -0.2587892 -0.9659339 0 0.2587892 -0.9659339 0 0.7071083 -0.7071053 0 0.2587905 0.9659335 0 -0.2587913 0.9659333 0 -0.7071053 0.7071083 0 -0.7071083 -0.7071053 0 -0.2587877 -0.9659343 0 -0.2587906 -0.9659335 0 0.2587885 -0.965934 0 0.2587906 -0.9659335 0 0.7071053 0.7071083 0 0.258792 0.9659332 0 0.2587898 0.9659337 0 -0.258792 0.9659332 0 -0.2587891 0.9659339 0 -0.2587905 -0.9659335 0 0.2587913 -0.9659333 0 0.7071053 -0.7071083 0 0.2587892 0.9659339 0 -0.2587892 0.9659339 0 -0.7071083 0.7071053 -0.6947675 0.5085964 -0.5085548 -0.6947566 0.5085811 -0.5085849 -0.6947585 0.1861492 -0.6947368 -0.694757 0.1861509 -0.6947379 -0.6947548 -0.1861307 -0.6947455 -0.6947566 -0.1861582 -0.6947362 -0.6947509 -0.5086054 -0.5085684 -0.6947598 -0.5085808 -0.5085808 -0.6947725 -0.6947144 -0.1861802 -0.6947601 -0.694737 -0.1861421 -0.694752 -0.6947336 0.1861854 -0.6947687 -0.6947291 0.18614 -0.6947664 -0.5085925 0.5085601 -0.6947568 -0.508579 0.5085867 -0.6947585 -0.1861492 0.6947368 -0.6947551 -0.1861504 0.6947398 -0.6947592 0.1861318 0.6947407 -0.6947566 0.1861582 0.6947362 -0.6947504 0.5086103 0.5085641 -0.6947603 0.5085824 0.5085785 -0.6947735 0.6947112 0.1861886 -0.6947596 0.6947366 0.1861459 -0.6947508 0.6947324 -0.1861943 -0.694769 0.6947277 -0.1861435 -0.6947664 0.5085925 -0.5085601 -0.6947568 0.508579 -0.5085867 -0.6947551 0.1861504 -0.6947398 -0.6947592 -0.1861318 -0.6947407 -0.6947504 -0.5086103 -0.5085641 -0.6947603 -0.5085824 -0.5085785 -0.6947735 -0.6947112 -0.1861886 -0.6947591 -0.6947361 -0.1861495 -0.6947508 -0.6947324 0.1861943 -0.6947686 -0.6947273 0.1861472 -0.6947675 -0.5085964 0.5085548 -0.6947566 -0.5085811 0.5085849 -0.694757 -0.1861509 0.6947379 -0.6947548 0.1861577 0.6947382 -0.6947509 0.5086054 0.5085684 -0.6947598 0.5085808 0.5085808 -0.6947725 0.6947144 0.1861802 -0.6947601 0.694737 0.1861421 -0.694752 0.6947336 -0.1861854 -0.6947687 0.6947291 -0.18614 1.42741e-6 0.970942 -0.2393149 5.10337e-6 0.9709433 -0.2393097 -2.33713e-6 0.9709443 -0.2393059 0 0.9709377 -0.2393326 0 0.9967515 -0.08053904 -7.12196e-6 0.9967575 -0.08046448 -9.46748e-6 0.9967573 -0.08046764 0 0.9709478 -0.2392915 0 0.9199776 -0.3919712 0 0.9199773 -0.3919718 0 0.8451893 -0.5344671 0 0.84519 -0.534466 0 0.7485135 -0.6631197 4.57953e-6 0.7485095 -0.6631242 1.36502e-6 0.7484982 -0.663137 0 0.7485017 -0.6631329 0 0.6324601 -0.7745931 -1.48726e-5 0.6324858 -0.7745719 8.58945e-6 0.6324378 -0.7746112 0 0.632445 -0.7746053 0 0.5000001 -0.8660253 0 0.3546088 -0.9350148 0 0.3546077 -0.9350153 0 0.2000116 -0.9797936 0 0.2000112 -0.9797937 4.59999e-6 0.2000354 -0.9797887 0 -0.568062 -0.8229858 0 -0.428694 -0.9034499 0 -0.428692 -0.9034507 0 -0.2782067 -0.9605213 -9.20988e-6 -0.2782149 -0.9605188 0 -0.2782819 -0.9604995 0 -0.1205021 -0.9927132 1.11635e-6 -0.120535 -0.9927091 0 -0.1205363 -0.9927089 0 0.04026317 -0.9991892 0 0.04026317 -0.9991891 0 0.2000416 -0.9797874 1.0304e-5 -0.6927368 -0.7211905 1.03457e-5 -0.6927369 -0.7211905 8.36674e-7 -0.6927228 -0.721204 -3.73103e-6 -0.6927334 -0.7211937 0 -0.6927481 -0.7211796 0 -0.5680617 -0.8229861 0 -0.6927208 -0.7212059 0 -0.7994387 -0.6007478 0 -0.7994389 -0.6007474 0 -0.8854578 -0.4647199 0 -0.8854588 -0.4647181 0 -0.9485357 -0.3166701 0 -0.9870508 -0.1604086 1.24999e-6 -0.9870514 -0.1604046 1.3321e-6 -0.987051 -0.160407 0 -0.9870504 -0.1604108 0 -0.9870509 0.1604076 1.69765e-6 -0.9870505 0.16041 1.59683e-6 -0.9870508 0.1604086 0 -0.9870514 0.1604046 0 -0.9485357 0.3166701 0 -0.8854578 0.4647199 0 -0.8854588 0.4647181 0 -0.7994389 0.6007474 0 -0.7994387 0.6007478 0 -0.6927269 0.7212001 6.51515e-7 -0.6927258 0.721201 -3.73103e-6 -0.6927334 0.7211937 0 -0.6927481 0.7211796 0 -0.5680617 0.8229861 0 -0.568062 0.8229858 0 -0.4286921 0.9034507 0 -0.4286938 0.9034499 0 -0.2782067 0.9605213 -8.93079e-6 -0.2782154 0.9605187 0 -0.2782819 0.9604995 0 -0.1205021 0.9927132 1.11635e-6 -0.120535 0.9927091 0 -0.1205363 0.9927089 0 0.04026317 0.9991892 0 0.04026317 0.9991891 0 0.200035 0.9797888 5.75944e-6 0.2000421 0.9797873 0 0.2000114 0.9797936 0 0.2000113 0.9797937 0 0.3546087 0.9350149 0 0.3546078 0.9350152 0 0.5000001 0.8660253 0 0.6324383 0.7746109 5.97412e-6 0.6324447 0.7746056 -2.78961e-6 0.632461 0.7745923 1.42741e-6 0.970942 0.2393149 5.05075e-6 0.9709433 0.2393097 0 0.9709478 0.2392915 0 0.9199768 0.3919727 0 0.9199779 0.3919702 0 0.84519 0.534466 0 0.8451893 0.5344671 0 0.7485083 0.6631255 0 0.7485088 0.663125 0 0.6324808 0.7745762 -1.20289e-5 0.9967586 -0.08045083 0 0.9967566 -0.08047658 0 0.9967586 0.08045083 -8.66075e-6 0.9967566 0.08047658 -9.46107e-6 0.9967573 0.0804677 -7.12196e-6 0.9967575 0.08046448 0 0.9967515 0.08053904 0 0.9709377 0.2393326 -2.33713e-6 0.9709443 0.2393059 0 -0.7071067 -0.707107 0 -0.7071072 -0.7071064 0 -0.2588217 -0.9659252 -1.80211e-7 -0.2588206 -0.9659254 0 -0.2588191 -0.9659258 0 0.2588191 -0.9659258 -1.80211e-7 0.2588205 -0.9659255 0 0.2588217 -0.9659252 0 0.7071072 -0.7071064 0 0.7071067 -0.7071069 0 0.7071076 -0.7071059 0 0.9659255 -0.2588205 0 0.9659255 0.2588205 0 0.7071076 0.7071059 0 0.7071067 0.7071069 0 0.7071072 0.7071064 0 0.2588217 0.9659252 -1.80211e-7 0.2588205 0.9659255 0 0.2588191 0.9659258 0 -0.2588191 0.9659258 -1.80211e-7 -0.2588206 0.9659254 0 -0.2588217 0.9659252 0 -0.7071072 0.7071064 0 -0.7071067 0.707107 0 -0.7071075 0.7071061 0 -0.9659255 0.2588201 0 -0.9659255 0.2588205 0 -0.9659255 -0.2588205 0 -0.9659255 -0.2588201 0 -0.7071075 -0.7071061 -1 -1.55833e-6 0 -1 2.49169e-6 0 -1 2.08262e-6 0 -1 -1.48984e-6 0 -1 -5.87716e-6 0 -1 -1.44754e-6 0 -1 3.13106e-6 0 -1 4.53657e-6 0 -1 -2.11455e-6 0 -1 1.92768e-5 0 -1 8.96928e-6 0 -1 -4.97746e-5 0 -1 3.68225e-6 0 -1 -1.56613e-5 0 -1 6.82861e-6 0 -1 0 0 -1 -7.20027e-7 0 -1 7.79293e-7 0 -1 5.87716e-6 0 -1 2.82413e-6 0 -1 -6.82861e-6 0 -1 -2.4466e-6 0 -1 4.34955e-5 0 -1 -4.96535e-5 0 -1 4.11421e-6 0 -1 3.85119e-6 0 -1 -1.51597e-6 0 -1 2.72793e-6 0 -1 -2.64061e-6 0 -1 -4.6155e-6 0 -1 4.34171e-5 0 -1 -5.69776e-6 0 -1 2.17665e-6 0 -1 1.08833e-6 0 -1 -1.32953e-6 0 -1 2.97197e-6 0 -1 1.48599e-6 0 -1 6.16336e-6 0 -1 -1.98045e-6 0 -1 -7.57987e-7 0 -1 7.98174e-7 0 -1 -2.01771e-5 0 -1 6.8941e-6 0 -1 -2.97545e-6 0 -1 -3.61107e-6 0 -1 -8.85049e-7 0 -1 4.45663e-6 0 -1 5.16198e-7 0 -1 2.36151e-6 0 -1 -2.36151e-6 0 -1 1.77114e-6 0 -1 1.2921e-5 0 -1 -1.2921e-5 0 -1 -1.08833e-6 0 -1 -3.72001e-6 0 -1 7.73432e-6 0 -1 7.73432e-6 0 -1 -1.86e-6 0 -1 -2.17665e-6 0 -1 -1.76527e-6 0 -1 6.2505e-6 0 -1 6.64763e-7 0 -1 -3.13106e-6 0 -1 2.52627e-5 0 -1 -1.91687e-6 0 -1 1.56613e-5 0 -1 2.1344e-5 0 -1 -2.82413e-6 0 -1 6.30059e-6 0 -1 -1.6011e-6 0 -1 1.22501e-5 0 -1 3.51449e-6 0 -1 1.40559e-5 0 -1 -2.45986e-5 0 -1 7.02757e-6 0 -1 1.4056e-5 0 -1 2.4596e-5 0 -1 7.02904e-6 0 -1 -1.40564e-5 0 -1 2.81163e-5 0 -1 -7.02802e-6 0 -1 1.93276e-5 0 -1 -2.45964e-5 0 -1 1.40559e-5 0 -1 1.05412e-5 0 6.75246e-4 -0.8745596 0.4849175 -0.002679169 -0.9018442 0.4320533 6.75423e-4 -0.874666 0.4847255 -8.6049e-4 -0.767061 0.6415737 -0.001728117 -0.7593209 0.6507142 0.001143574 -0.6318601 0.7750818 0.001143276 -0.6315935 0.775299 -0.002878606 -0.5649942 0.8250899 0.001425325 -0.4737794 0.8806425 0.001425385 -0.4733752 0.8808597 -0.002308309 -0.3322715 0.943181 0 -0.2982661 0.9544828 0 -0.112303 0.993674 -0.002296864 -0.07681173 0.997043 0.001159369 0.2650821 0.9642252 -0.002869307 0.1838719 0.9829461 0.001444697 0.07782214 0.9969663 0.001443862 0.07786417 0.9969629 0.001159667 0.264249 0.9644539 -0.001924157 0.4428951 0.8965714 -9.53852e-4 0.4320567 0.9018459 6.77337e-4 0.6047445 0.7964194 6.77779e-4 0.6043637 0.7967084 -0.002680063 0.6507124 0.7593197 6.77024e-4 0.8573303 0.5147665 -0.002689063 0.8250897 0.5649954 0.001535236 0.7442078 0.6679465 0.001535594 0.7442077 0.6679465 6.77013e-4 0.8562163 0.5166172 -8.7539e-4 0.9392449 0.3432468 -0.001718997 0.9431808 0.3322755 0.001150846 0.9871249 0.1599479 0.001150786 0.9871952 0.1595131 -0.002876162 0.9970414 0.07681411 0.001440882 0.9995405 -0.0302776 0.001440882 0.999542 -0.03022825 -0.002299189 0.982949 -0.1838643 0 0.9757645 -0.2188237 0 0.9166469 -0.399698 -0.002294659 0.9018462 -0.4320512 0.001150012 0.7025359 -0.7116475 -0.002876698 0.7593255 -0.6507046 0.001438498 0.8245347 -0.5658095 0.001438319 0.8246195 -0.5656859 0.001150012 0.7023181 -0.7118624 -0.001911759 0.5552455 -0.8316843 -9.64393e-4 0.5650003 -0.8250902 6.67418e-4 0.3873258 -0.9219427 6.67637e-4 0.3877077 -0.9217822 -0.002683818 0.3322647 -0.9431825 6.78237e-4 0.01742857 -0.999848 -0.002674162 0.07681882 -0.9970415 0.001538693 0.2061128 -0.978527 0.001538395 0.2062233 -0.9785038 6.78385e-4 0.01689499 -0.9998571 -8.50504e-4 -0.1719842 -0.9850994 -0.001725852 -0.1838743 -0.9829483 0.001158535 -0.3560902 -0.9344509 0.001158356 -0.3553789 -0.9347217 -0.002877593 -0.4320526 -0.9018439 0.001439094 -0.5260109 -0.8504768 0.001439034 -0.5262148 -0.8503506 -0.00229144 -0.6507158 -0.7593181 0 -0.6773077 -0.7356999 0 -0.8044254 -0.5940536 -0.002297699 -0.8250924 -0.5649932 0.001154899 -0.9676168 -0.2524214 -0.002882957 -0.9431813 -0.3322662 0.001432418 -0.9022725 -0.4311641 0.001432299 -0.9021447 -0.4314313 0.001154839 -0.9675588 -0.2526437 -0.001912415 -0.9978851 -0.06497669 -9.56173e-4 -0.9970454 -0.0768091 6.66934e-4 -0.9922133 0.1245496 6.668e-4 -0.9921203 0.1252874 -0.002677977 -0.982946 0.1838747 0.001532733 -0.9506117 0.3103794 0.001532673 -0.9504593 0.3108454 0.1952983 0.8085641 -0.5550521 0.1950795 -0.1696981 -0.9659952 0.1951233 -0.3486607 -0.916713 0.1944054 -0.7890012 -0.582824 0.1944081 -0.2926329 0.936254 0.1949991 0.2600035 0.9457134 0.1945756 0.9211686 0.3370295 0.1944707 0.96836 0.1563974 0.1949411 0.9682371 0.1565724 0.194896 0.9682353 0.1566399 0.1948819 0.9803778 -0.02967065 0.1950849 0.8407136 0.5051163 0.1950708 0.8407587 0.5050468 0.1951611 0.7297229 0.655299 0.1942527 0.2598308 0.9459143 0.1942158 0.4367996 0.878343 0.1950581 0.4341796 0.8794547 0.1947864 0.4341563 0.8795263 0.1947362 0.592795 0.7814551 0.1948866 0.592767 0.7814388 0.1948424 0.5927102 0.7814928 0.1946183 -0.2926125 0.9362168 0.1946097 -0.1099775 0.9746959 0.1947532 -0.1101065 0.9746527 0.1944319 -0.1102178 0.9747042 0.1944887 0.07617574 0.9779424 0.1948343 0.07626098 0.9778671 0.1949821 0.07646632 0.9778215 0.1946724 -0.7522691 0.6294394 0.1946366 -0.6199961 0.7600799 0.1942023 -0.6197737 0.7603724 0.1950512 -0.6193525 0.7604983 0.1951353 -0.464405 0.8638578 0.194698 -0.4645268 0.863891 0.1943765 -0.4651004 0.8636548 0.1945962 -0.8577972 0.4757272 0.0561164 -0.9626871 0.2647349 0.1952491 -0.9166957 0.348636 0.1945759 -0.8578476 0.4756445 0.1949378 -0.9730806 0.1229362 0.1945611 -0.9788105 -0.06384456 0.1952798 -0.978684 -0.06358861 0.195465 -0.9732847 0.1204591 0.1952925 -0.7889762 -0.5825611 0.1952201 -0.8848738 -0.4229511 0.1950514 -0.8850169 -0.4227294 0.1948508 -0.8850156 -0.4228246 0.1949518 -0.9490117 -0.247731 0.1943348 -0.9490684 -0.2479981 0.1946274 -0.9490714 -0.2477572 0.1946659 -0.348581 -0.9168406 0.1947402 -0.5159214 -0.8342071 0.1948084 -0.5158628 -0.8342273 0.1947941 -0.51582 -0.8342571 0.194803 -0.6644814 -0.7214682 0.1947968 -0.6645885 -0.7213712 0.1943541 -0.6640399 -0.7219955 0.1950598 0.01692938 -0.9806453 0.1947653 0.01710546 -0.9807008 0.1948955 0.01719278 -0.9806733 0.1948297 0.2022747 -0.9597533 0.1951377 0.3803155 -0.9040362 0.194675 0.3804342 -0.9040859 0.1949087 0.8087387 -0.5549345 0.1948395 0.6881851 -0.698884 0.1953479 0.688922 -0.6980156 0.1945346 0.6893212 -0.6978485 0.1944472 0.5446595 -0.8158041 0.1950384 0.5442934 -0.8159074 0.1950632 0.5444171 -0.815819 0.1951709 0.9803174 -0.02976828 0.1952476 0.9569524 -0.2147567 0.1952228 0.9569284 -0.2148865 0.1945719 0.9571313 -0.214573 0.1946439 0.8992483 -0.3917478 0.1950863 0.8990854 -0.3919018 0.1951979 0.899009 -0.3920214 0.5529142 0.8328571 -0.0251981 0.5530318 0.8327778 -0.02524262 0.5529425 0.8225374 0.1329916 0.5532646 0.8223375 0.1328892 0.5529999 0.8224553 0.1332613 0.5529851 0.7825393 0.2860767 0.1950441 0.9211799 0.3367274 0.1950845 0.92117 0.3367314 0.5530562 0.7142595 0.4289081 0.5526458 0.7144084 0.4291892 0.5530095 0.7133823 0.4304257 0.553121 0.7824951 0.2859345 0.5530784 0.6200026 0.556508 0.553037 0.6200556 0.5564901 0.1951577 0.7298847 0.6551197 0.1948361 0.7300351 0.6550479 0.5530402 0.6200196 0.5565271 0.5530229 0.5035164 0.6638048 0.5530564 0.5035139 0.6637789 0.5531774 0.5037711 0.6634829 0.5531631 0.3688415 0.7469716 0.5535301 0.3688588 0.7466911 0.553503 0.2201129 0.803234 0.5530411 0.220883 0.8033407 0.5530272 0.2208123 0.8033697 0.5529462 0.06471848 0.8306998 0.5533139 0.0648362 0.8304458 0.5533317 0.06486111 0.8304319 0.5533638 -0.09351056 0.8276742 0.5532177 -0.09355366 0.827767 0.553224 -0.2485677 0.7950834 0.553412 -0.248382 0.7950104 0.5534191 -0.3942485 0.7336863 0.5534978 -0.3943621 0.7335659 0.5530939 -0.3946817 0.7336985 0.5530974 -0.5263814 0.64576 0.5536721 -0.5259553 0.6456147 0.5534673 -0.5263376 0.6454786 0.5535058 -0.6387804 0.5344071 0.1945114 -0.7523358 0.6294094 0.1944336 -0.8582646 0.4749499 0.553125 -0.7285917 0.4039889 0.5531782 -0.7285611 0.4039712 0.5531857 -0.7286253 0.4038451 0.5533212 -0.6389148 0.5344377 0.5531577 -0.7918018 0.2589718 0.5533958 -0.7917351 0.2586671 0.194355 -0.9324173 0.3046706 0.1943627 -0.9732215 0.1227315 0.5532416 -0.7918698 0.258585 0.553134 -0.8265305 0.1043558 0.5531171 -0.8265343 0.104416 0.5529209 -0.8267402 0.1038232 0.5529133 -0.8314716 -0.05423974 0.55325 -0.8312546 -0.05413216 0.5530833 -0.8060954 -0.2104974 0.5530735 -0.8061165 -0.2104423 0.5532994 -0.8060153 -0.210236 0.5533341 -0.7516049 -0.3590425 0.5530148 -0.7517373 -0.3592574 0.5527232 -0.7518222 -0.3595282 0.5527543 -0.6702699 -0.4951778 0.5532003 -0.6701349 -0.4948623 0.5532612 -0.5643926 -0.6126688 0.5527368 -0.5644458 -0.613093 0.5527414 -0.4384912 -0.7086624 0.5529557 -0.4382666 -0.7086343 0.5530778 -0.4382684 -0.7085379 0.5530787 -0.2961873 -0.7787023 0.5528365 -0.2961332 -0.7788947 0.5531772 -0.296688 -0.7784416 0.5531936 -0.1434307 -0.8206123 0.1948182 -0.168865 -0.9661938 0.1950464 -0.1687622 -0.9661657 0.5529582 0.01449501 -0.8330829 0.5529314 0.01452416 -0.8331001 0.5527696 0.01414048 -0.8332142 0.5528163 -0.1433036 -0.8208887 0.5529572 0.1717851 -0.8153087 0.553071 0.1718243 -0.8152232 0.1947723 0.2022513 -0.9597699 0.194558 0.199964 -0.9602925 0.5530644 0.1717782 -0.8152374 0.5530711 0.3230098 -0.7679694 0.5531173 0.3229632 -0.7679557 0.5531889 0.3228756 -0.767941 0.5532619 0.4624539 -0.6928474 0.5531617 0.4626147 -0.6928203 0.5531709 0.5850266 -0.5930817 0.5532367 0.5851438 -0.5929046 0.5530138 0.5854207 -0.5928394 0.5530488 0.6869294 -0.4714501 0.5528317 0.687051 -0.4715275 0.5527142 0.6872038 -0.4714425 0.5526801 0.7640292 -0.3328729 0.5533385 0.7635266 -0.332932 0.5533999 0.8126866 -0.1824536 0.5529248 0.8130351 -0.1823407 0.5529984 0.8328023 -0.02516204 0 0.3110827 0.9503828 -1.363e-4 0.3100057 0.9507347 0 0.310515 0.9505686 -7.97486e-5 0.3109856 0.9504147 4.98737e-5 0.3103951 0.9506077 3.89551e-5 0.3104722 0.9505825 -1.0187e-4 0.3108195 0.950469 -2.71395e-5 0.3106525 0.9505236 -1.56344e-4 0.3102365 0.9506595 7.58837e-6 0.3108754 0.9504507 0 -0.9642031 0.2651648 0.009103 -0.9504438 0.3107635 0.009094536 -0.9346674 0.3554071 0 -0.9505363 0.3106138 0 -0.8745428 0.4849483 0 -0.8745477 0.4849398 0 -0.8749136 0.4842792 0 -0.8749827 0.4841544 0 -0.7669632 0.6416911 0 -0.7669545 0.6417016 0 -0.6321449 0.7748503 0 -0.6321362 0.7748573 0 -0.6314446 0.7754212 0 -0.6314281 0.7754345 0 -0.4736398 0.8807187 0 -0.4736344 0.8807217 0 -0.4741168 0.880462 0 -0.2982853 0.9544768 0 -0.112092 0.9936979 0 -0.112087 0.9936985 0 -0.112384 0.9936649 0 -0.1123809 0.9936653 0 0.07775837 0.9969723 0 0.07775765 0.9969723 0 0.07793712 0.9969583 0 0.07794219 0.9969579 0 0.2648636 0.9642859 0 0.264869 0.9642845 0 0.4451721 0.8954452 0 0.4452109 0.8954257 0 0.4426225 0.8967081 0 0.604369 0.7967045 0 0.6043814 0.7966952 0 0.6043484 0.7967203 0 0.6043596 0.7967118 0 0.7442826 0.6678649 0 0.7442868 0.6678601 0 0.7439757 0.6682067 0 0.8571994 0.5149848 0 0.939209 0.343346 0 0.939206 0.3433543 0 0.9391233 0.3435804 0 0.9391176 0.3435963 0 0.9872078 0.1594397 0 0.9871672 0.1596906 0 0.9995396 -0.03034329 0 0.9995389 -0.03036379 0 0.9757232 -0.2190077 0 0.9757223 -0.2190117 0 0.9757823 -0.2187439 0 0.975776 -0.218772 0 0.9167227 -0.399524 0 0.9167126 -0.3995473 0 0.9166576 -0.3996735 0 0.9166713 -0.399642 0 0.8245471 -0.5657936 0 0.8245403 -0.5658035 0 0.7016446 -0.7125271 0 0.7016009 -0.7125702 0 0.7027046 -0.7114818 0 0.5550207 -0.8318366 0 0.555029 -0.8318311 0 0.5550051 -0.8318469 0 0.555014 -0.831841 0 0.3878847 -0.9217079 0 0.3878719 -0.9217133 0 0.2035862 -0.979057 0 0.2034853 -0.9790781 0 0.2061951 -0.9785109 0 0.01753103 -0.9998463 0 0.01753145 -0.9998463 0 0.0172621 -0.9998511 0 0.01726174 -0.9998511 0 -0.172074 -0.9850841 0 -0.1720761 -0.9850838 0 -0.1730306 -0.9849165 0 -0.1730276 -0.9849171 0 -0.3553563 -0.934731 0 -0.3553493 -0.9347336 0 -0.5260396 -0.8504602 0 -0.5260133 -0.8504764 0 -0.5259463 -0.8505179 0 -0.5259533 -0.8505135 0 -0.677513 -0.7355108 0 -0.6775124 -0.7355114 0 -0.6770407 -0.7359457 0 -0.6770287 -0.7359567 0 -0.8044828 -0.593976 0 -0.9022105 -0.4312961 0 -0.9021944 -0.4313297 0 -0.9023017 -0.4311053 0 -0.9023117 -0.4310843 0 -0.9675107 -0.2528305 0 -0.9675188 -0.252799 0 -0.9675878 -0.2525351 0 -0.9978944 -0.06485992 0 -0.9978952 -0.064848 0 -0.9924026 0.1230332 0 -0.9921411 0.1251247 0 0.9784461 0.2065026 -8.19365e-6 0.9784631 0.2064222 -1.02978e-4 0.9785533 0.2059943 6.50524e-6 0.9784796 0.2063434 4.20869e-5 0.9784634 0.2064207 0 0.9785639 0.205944 -4.11383e-5 0.9784954 0.2062689 -1.51226e-5 0.9784911 0.2062892 -3.34589e-4 0.9786047 0.2057496 0 -0.6679299 0.7442243 -7.33352e-6 -0.6680156 0.7441474 0 -0.6676461 0.7444788 9.04304e-4 -0.6727438 0.739875 6.28082e-5 -0.6681144 0.7440586 -6.38901e-5 -0.6677329 0.744401 -1.86568e-5 -0.6678354 0.744309 7.7986e-6 -0.6678718 0.7442764 1.03158e-4 -0.6676461 0.7444789 -2.03342e-5 -0.6679714 0.7441871 -0.5527412 0.8123184 -0.1860544 -0.552609 0.8131965 -0.182578 -0.5532066 0.8223659 0.1329539 -0.5529953 0.8225194 0.132884 -0.5529134 0.8328291 -0.02612793 -0.5530993 0.7141458 0.429042 -0.5530976 0.7825921 0.2857147 -0.5530848 0.7824804 0.2860452 -0.5529378 0.782595 0.2860158 -0.5530993 0.8222275 0.1342501 -0.5529944 0.6201519 0.556425 -0.5531055 0.6199862 0.5564992 -0.553074 0.6199318 0.5565913 -0.5529876 0.503797 0.6636214 -0.5531616 0.3689414 0.7469235 -0.5532976 0.368746 0.7469191 -0.5532246 0.2208532 0.8032226 -0.553523 0.2205967 0.8030874 -0.5534796 0.3691222 0.7465984 -0.553237 0.06466406 0.8305104 -0.5529491 0.06487882 0.8306854 -0.5530283 0.2205443 0.8034425 -0.5532474 -0.2484496 0.795104 -0.5532631 -0.09360355 0.8277308 -0.5532822 -0.09349709 0.8277302 -0.5533335 -0.0935195 0.8276933 -0.553375 0.06484121 0.8304046 -0.553387 -0.3945944 0.7335245 -0.55304 -0.3944445 0.7338668 -0.5535005 -0.6388983 0.5342718 -0.5535155 -0.5259793 0.6457294 -0.5532694 -0.5262995 0.6456794 -0.5530967 -0.526309 0.6458196 -0.5530693 -0.3945124 0.7338081 -0.5532492 -0.7284307 0.404109 -0.5534788 -0.7283822 0.4038819 -0.5536301 -0.7916281 0.2584935 -0.5531644 -0.7917977 0.2589704 -0.5531424 -0.7287276 0.4037199 -0.5528901 -0.8266847 0.1044275 -0.5532239 -0.8264769 0.1043049 -0.5534115 -0.8058924 -0.2104123 -0.5533893 -0.8059067 -0.2104156 -0.5530712 -0.8061929 -0.2101554 -0.5532041 -0.8312783 -0.05423706 -0.552906 -0.8314833 -0.05413693 -0.5529047 -0.8314853 -0.05411773 -0.5532733 -0.6700104 -0.4949492 -0.5528163 -0.6705482 -0.4947317 -0.5527638 -0.7519426 -0.3592138 -0.553364 -0.7515034 -0.3592091 -0.553295 -0.7515686 -0.359179 -0.5526853 -0.5646946 -0.6129104 -0.5531473 -0.5642875 -0.6128685 -0.5534523 -0.3147487 -0.7711187 -0.5538519 -0.3140295 -0.7711249 -0.5530686 -0.4381984 -0.7085882 -0.5529057 -0.4383836 -0.7086008 -0.5528041 -0.43846 -0.7086328 -0.5531504 0.0145716 -0.832954 -0.5527735 0.01375573 -0.833218 -0.5528073 -0.1434821 -0.8208636 -0.5534318 -0.1431708 -0.820497 -0.5532066 -0.1435915 -0.8205754 -0.5530886 0.171784 -0.8152199 -0.5529806 0.1716193 -0.8153278 -0.5529423 0.0145846 -0.833092 -0.553181 0.4631909 -0.6924198 -0.5532339 0.3229966 -0.7678579 -0.5531788 0.3229643 -0.767911 -0.5531316 0.3226832 -0.7680633 -0.553056 0.1718779 -0.8152221 -0.5530634 0.5854044 -0.5928091 -0.5531092 0.5852082 -0.5929601 -0.552939 0.6869513 -0.471547 -0.5530357 0.6873946 -0.4707869 -0.5530857 0.5852296 -0.592961 -0.5533965 0.812758 -0.1821447 -0.5532903 0.7636189 -0.3328008 -0.5529425 0.7638759 -0.3327888 -0.5529645 0.7622926 -0.3363633 -0.5527094 0.6871247 -0.4715633 -0.1951593 0.9803232 -0.02965426 -0.5528474 0.8329014 -0.0252009 -0.5529994 0.8328019 -0.02515465 -0.194847 0.9803815 -0.02977836 -0.194896 0.9682353 0.1566399 -0.1949148 0.9682458 0.1565513 -0.1945066 0.9683482 0.1564262 -0.1945543 0.9212871 0.3367176 -0.1954023 0.920996 0.3370227 -0.1950669 0.9211847 0.336701 -0.1950421 0.8407636 0.5050498 -0.5530256 0.714164 0.4291068 -0.5530779 0.7142643 0.4288722 -0.1948536 0.7300049 0.6550763 -0.195135 0.7299591 0.6550435 -0.1951283 0.7298306 0.6551888 -0.1950876 0.840756 0.5050448 -0.1948322 0.5927676 0.7814518 -0.1947967 0.5927973 0.7814382 -0.5534274 0.503354 0.6635909 -0.553216 0.5030973 0.6639617 -0.1947892 0.5927255 0.7814946 -0.1947864 0.4341563 0.8795263 -0.1950513 0.4342442 0.8794243 -0.1942316 0.4366491 0.8784144 -0.1942847 0.2600292 0.9458532 -0.194968 0.2597771 0.9457819 -0.1949826 0.0764355 0.9778238 -0.1947016 0.07616335 0.9779011 -0.1945143 0.07629448 0.9779281 -0.1944638 -0.1101118 0.9747098 -0.1948169 -0.1102107 0.9746282 -0.1946076 -0.1099567 0.9746987 -0.1945813 -0.2926589 0.9362098 -0.5533701 -0.2484692 0.7950124 -0.5533993 -0.2485107 0.794979 -0.1944434 -0.2925677 0.9362671 -0.1943765 -0.4651004 0.8636548 -0.1947832 -0.4644999 0.8638862 -0.1951322 -0.464486 0.863815 -0.1950426 -0.6197065 0.760212 -0.1937013 -0.6195371 0.760693 -0.1946333 -0.6200294 0.7600537 -0.1946449 -0.7523642 0.6293341 -0.553277 -0.6388692 0.5345379 -0.5532901 -0.6388787 0.534513 -0.1945759 -0.8578476 0.4756445 -0.1945696 -0.8578393 0.4756622 -0.1944206 -0.8582851 0.4749183 -0.194518 -0.7522494 0.6295106 -0.1946333 -0.9323521 0.3046926 -0.1946013 -0.9323731 0.3046488 -0.5532202 -0.7918384 0.2587267 -0.553173 -0.8265125 0.1042912 -0.1943428 -0.9323704 0.3048218 -0.1943627 -0.9732215 0.1227315 -0.1949435 -0.9730792 0.1229398 -0.1954355 -0.9732929 0.1204409 -0.1953 -0.9786639 -0.06383544 -0.1945794 -0.9788219 -0.06361371 -0.1946274 -0.9490714 -0.2477572 -0.1945444 -0.9490899 -0.2477515 -0.194981 -0.9489444 -0.2479658 -0.1948598 -0.8850512 -0.4227458 -0.1951267 -0.8849288 -0.422879 -0.1952469 -0.8848402 -0.4230091 -0.1952734 -0.7888612 -0.5827232 -0.5532743 -0.6699245 -0.4950645 -0.5533304 -0.5639957 -0.6129718 -0.1944241 -0.7891002 -0.5826836 -0.1943324 -0.6641343 -0.7219145 -0.1948153 -0.6644896 -0.7214573 -0.1947813 -0.66452 -0.7214384 -0.1948044 -0.5158921 -0.8342102 -0.1947677 -0.5159094 -0.8342081 -0.1947302 -0.5159673 -0.8341811 -0.1946661 -0.3486582 -0.9168111 -0.5891882 -0.2872657 -0.7552057 -0.5548474 -0.2395227 -0.7967266 -0.1951403 -0.3485386 -0.9167558 -0.1950739 -0.1696982 -0.9659962 -0.194817 -0.1689037 -0.9661874 -0.195043 -0.1687733 -0.9661645 -0.1950337 0.0171045 -0.9806475 -0.1945419 0.01692193 -0.9807483 -0.1951523 0.3804624 -0.9039712 -0.1946604 0.3803558 -0.9041221 -0.1945761 0.1995175 -0.9603816 -0.1947711 0.2022799 -0.9597641 -0.194828 0.2022353 -0.9597619 -0.1948885 0.01719278 -0.9806747 -0.1950618 0.5443496 -0.8158643 -0.194816 0.5445408 -0.8157954 -0.5531311 0.4625022 -0.6929197 -0.5531366 0.4625613 -0.6928759 -0.1944175 0.544437 -0.8159597 -0.1945601 0.6892213 -0.6979401 -0.1953351 0.6889541 -0.6979875 -0.1948217 0.6882551 -0.6988201 -0.1949033 0.8086942 -0.5550013 -0.1952786 0.8086781 -0.5548929 -0.1951979 0.899009 -0.3920214 -0.19496 0.899169 -0.3917728 -0.1946007 0.8992404 -0.3917874 -0.1945706 0.9570646 -0.2148714 -0.1954433 0.9569593 -0.2145485 -0.1952209 0.9569645 -0.2147274 0 0.6679741 -0.7441846 9.42959e-5 0.6677231 -0.7444099 -6.21029e-4 0.6685822 -0.743638 -2.60596e-4 0.6685846 -0.7436361 -6.15138e-5 0.6680495 -0.7441169 7.24964e-5 0.6675196 -0.7445923 8.64481e-6 0.6678636 -0.7442837 -6.97284e-6 0.6678757 -0.7442729 0 0.6679152 -0.7442374 -2.25624e-5 -0.9785142 -0.20618 7.16294e-4 -0.979749 -0.2002286 0 -0.978524 -0.2061336 0 -0.9784514 -0.2064774 -1.65036e-5 -0.9784917 -0.2062868 3.2134e-5 -0.9784508 -0.2064803 -8.59942e-5 -0.9785454 -0.2060315 -1.05107e-5 -0.9784949 -0.206271 -7.24253e-5 -0.9784703 -0.2063882 -8.66996e-5 -0.9784538 -0.2064661 0.8632358 -0.49848 -0.07963514 0.8655908 -0.3910841 -0.3127392 0.8653236 -0.2615972 -0.4275301 0.8650727 -0.1113374 -0.4891351 0.864695 0.0546627 -0.499314 0.8635374 0.354078 -0.3590707 0.8636077 0.4462829 -0.2345492 0.8653049 0.4635027 -0.1908214 0.8650752 0.4998536 -0.04232394 0.8633195 0.4985475 0.07829451 0.8653165 0.04110002 0.4995381 0.8647842 -0.05293697 0.4993456 0.8650736 -0.2642967 0.4263743 0.8658018 -0.4905837 0.09856474 0.8933216 -0.4271752 0.1396355 0.9085201 -0.397209 0.1296777 0.8632174 -0.3552957 0.3586375 0.865226 -0.42918 0.2592077 0.8632696 -0.356552 0.3572624 0.8651798 -0.2581195 0.4299283 0.8652884 -0.1864931 0.4652918 0.8655344 -0.1312814 0.4833379 0.8653073 0.04165017 0.4995083 0.8650913 0.1990094 0.4604482 0.8651002 0.1923583 0.4632493 0.8652038 0.1149219 0.4880733 0.8646886 0.3386064 0.3710247 0.865339 0.2616338 0.4274768 0.8652518 0.4629191 0.1924718 0.8641836 0.4134568 0.286776 0.8634759 0.4978405 0.08102029 0.9074266 0.3166196 0.2762775 0.8622133 0.3805267 0.3343471 0.8636997 0.49843 -0.07476991 0.8653084 0.4867227 -0.1197602 0.8650867 0.4284189 -0.2609257 0.8633176 0.3561016 -0.3575954 0.8652722 0.2598978 -0.4286692 0.8641789 0.164052 -0.4756908 0.865316 -0.04152548 -0.4995037 0.9075712 0.0923776 -0.4096108 0.8622066 0.1096957 -0.4945369 0.8650975 -0.1179482 -0.4875393 0.8652094 -0.1954782 -0.4617372 0.8652981 -0.2619101 -0.4273902 0.8647478 -0.3377285 -0.3716863 0.8650373 -0.4650511 -0.1882497 0.8651792 -0.4622744 -0.194338 0.8652921 -0.4252004 -0.2654703 0.8632528 -0.4987426 -0.07778418 0.8652286 -0.4994275 0.04417705 0.863479 -0.4792314 0.1572943 -0.7077074 -0.121782 -0.6959307 -0.704235 -0.5887202 0.3968144 -0.7042452 -0.5057552 0.4982474 -0.708518 -0.5413671 0.4526853 -0.7085396 -0.5412154 0.4528329 -0.704276 -0.4056544 0.5826148 -0.7084727 -0.4458045 0.5471059 -0.7084662 -0.4457408 0.5471662 -0.7043147 -0.291646 0.6472122 -0.7084072 -0.3343808 0.6215696 -0.708393 -0.3341701 0.621699 -0.7043685 -0.167692 0.6897424 -0.7082913 -0.2105584 0.6737868 -0.7083079 -0.2105574 0.6737697 -0.7044318 -0.0381596 0.7087452 -0.7081769 -0.07932227 0.7015651 -0.7081804 -0.07931458 0.7015624 -0.7045091 0.09274482 0.7036088 -0.7080532 0.05498605 0.7040151 -0.7080466 0.05495321 0.7040244 -0.7045724 0.2204771 0.674513 -0.7078844 0.1871466 0.6810844 -0.7078952 0.1870372 0.6811032 -0.704674 0.3405579 0.6224588 -0.7076991 0.312874 0.6334602 -0.7076889 0.313082 0.6333689 -0.7047736 0.449071 0.5492081 -0.7074918 0.4272515 0.5629491 -0.7074972 0.4268235 0.5632668 -0.704888 0.5422243 0.4573028 -0.7072824 0.5261254 0.4721691 -0.7072734 0.5260726 0.4722416 -0.7050073 0.6169612 0.3497479 -0.7070559 0.6061435 0.3642281 -0.7070701 0.6062531 0.3640182 -0.7051573 0.6705589 0.2304433 -0.7067669 0.6644586 0.2428483 -0.7068092 0.6644963 0.2426221 -0.7052802 0.7013807 0.1031745 -0.7064945 0.6986604 0.1128679 -0.7064983 0.6984775 0.1139716 -0.6812589 0.7135142 -0.163658 -0.7061879 0.7077021 -0.0213648 -0.7060786 0.7077837 -0.02225601 -0.7057673 0.7079167 -0.02732521 -0.7057724 0.6908153 -0.1570339 -0.7054779 0.6915802 -0.1549767 -0.7055964 0.6504149 -0.281237 -0.7058553 0.6493542 -0.2830326 -0.7059316 0.5873213 -0.3958715 -0.7051414 0.5846571 -0.401188 -0.7062636 0.6477699 -0.2856325 -0.7062095 0.4045582 -0.5810343 -0.7043163 0.3941324 -0.5904221 -0.7064505 0.4973046 -0.5036031 -0.7060732 0.5044571 -0.4969747 -0.7047336 0.498397 -0.5049268 -0.7062273 0.5841295 -0.4000447 -0.7064512 0.167203 -0.6877281 -0.7034197 0.1466146 -0.6954889 -0.7070478 0.2740682 -0.6518974 -0.7063352 0.29081 -0.6453838 -0.7038887 0.2753792 -0.6547573 -0.7066861 0.3932719 -0.5881598 -0.7066411 -0.09249037 -0.7015013 -0.7024744 -0.1222728 -0.701127 -0.7075317 0.01171654 -0.7065845 -0.7065534 0.03806996 -0.7066349 -0.7029541 0.0124309 -0.7111266 -0.7073009 0.1455661 -0.6917629 -0.7056242 -0.2039905 -0.6785886 -0.7042062 -0.2206028 -0.6748542 -0.7078009 -0.2668722 -0.6540621 -0.7068071 -0.3395394 -0.620594 -0.7013381 -0.3749785 -0.606231 -0.7077775 -0.2664926 -0.6542422 -0.7069238 -0.5406799 -0.455987 -0.7002054 -0.5741911 -0.4242841 -0.708172 -0.4781282 -0.5195054 -0.7068769 -0.4477474 -0.5475833 -0.7007769 -0.4832341 -0.5247823 -0.708045 -0.3716129 -0.6004799 -0.707009 -0.6688133 -0.2298414 -0.698911 -0.6920154 -0.1806609 -0.7084041 -0.6368151 -0.3043522 -0.7069758 -0.6152502 -0.3487871 -0.6995972 -0.6446614 -0.3081809 -0.7083119 -0.568052 -0.41906 -0.7070472 -0.7066398 0.02728497 -0.697554 -0.7108935 0.08971524 -0.7085008 -0.7042185 -0.04585802 -0.7070341 -0.6996496 -0.1029237 -0.6982784 -0.7143142 -0.04650354 -0.7084742 -0.6829068 -0.1780523 -0.7085568 -0.6170393 0.3423592 -0.7085677 -0.6172534 0.3419504 -0.7042214 -0.6516712 0.2817746 -0.7085515 -0.6706995 0.2193559 -0.7070397 -0.6895835 0.1567471 -0.6968902 -0.6817532 0.2226133 -0.7085496 -0.7001111 0.08832919 0 -0.3105556 -0.9505552 -9.25175e-5 -0.3104986 -0.9505739 -3.74491e-5 -0.3107025 -0.9505074 3.61525e-5 -0.3109883 -0.9504138 0 -0.3108009 -0.9504752 2.37308e-5 -0.3103983 -0.9506066 -3.66602e-5 -0.310727 -0.9504993 -1.63277e-5 -0.3106538 -0.9505231 -8.25974e-5 -0.3105357 -0.9505618 -1.05598e-4 -0.3104876 -0.9505774 0 -0.975126 0.2216515 0 -0.9992555 0.0385816 0 -0.9992556 0.03858017 0 -0.9893522 -0.1455416 0 -0.9893529 -0.145537 0 -0.9457119 -0.3250063 0 -0.9457159 -0.3249948 0 -0.8699432 -0.4931521 0 -0.8699361 -0.4931647 0 -0.7644355 -0.6447002 0 -0.6330118 -0.7741422 0 -0.6329894 -0.7741606 0 -0.479983 -0.8772777 0 -0.4799975 -0.8772699 0 -0.3107013 -0.9505076 0 -0.3106829 -0.9505136 0 -0.1307013 -0.9914218 0 0.05379855 -0.9985519 0 0.0537967 -0.998552 0 0.2362475 -0.971693 0 0.2362464 -0.9716933 0 0.4108262 -0.9117137 0 0.5714093 -0.8206652 0 0.5713967 -0.820674 0 0.7123632 -0.701811 0 0.7123864 -0.7017875 0 0.8292242 -0.5589162 0 0.9178708 -0.3968794 0 0.9178751 -0.3968697 0 0.975125 -0.221656 0 0.9992557 -0.03857696 0 0.999256 -0.03857082 0 0.9893522 0.1455416 0 0.9893529 0.145537 0 0.9457119 0.3250063 0 0.9457159 0.3249948 0 0.8699361 0.4931647 0 0.8699381 0.4931611 0 0.7644332 0.644703 0 0.7644355 0.6447002 0 0.6329894 0.7741606 0 0.6330118 0.7741422 0 0.479983 0.8772777 0 0.4799811 0.8772789 0 0.3107013 0.9505076 0 0.3106843 0.9505133 0 0.1307013 0.9914218 0 -0.05379879 0.9985518 0 -0.05379647 0.998552 0 -0.2362475 0.971693 0 -0.2362453 0.9716935 0 -0.410828 0.911713 0 -0.4108262 0.9117137 0 -0.5714093 0.8206652 0 -0.5713967 0.820674 0 -0.7123841 0.7017899 0 -0.7123656 0.7018087 0 -0.829222 0.5589194 0 -0.8292242 0.5589162 0 -0.9178751 0.3968697 0 -0.9178726 0.3968755 1 -1.71376e-6 0 1 2.70968e-5 0 1 -1.36786e-5 0 1 -1.28226e-6 0 1 -6.77424e-6 0 1 1.71377e-6 0 1 1.34422e-5 0 1 -6.84128e-6 0 1 1.33148e-5 0 1 6.40416e-6 0 1 -3.32855e-6 0 1 -1.06855e-6 0 1 1.36786e-5 0 1 -1.94933e-5 0 1 6.7211e-6 0 1 2.66297e-5 0 1 -1.37523e-5 0 1 1.92125e-5 0 1 -2.32998e-5 0 -1 -1.4055e-5 0 -1 1.05429e-5 0 -1 -7.02859e-6 0 -1 -7.02752e-6 0 -1 1.75708e-6 0 -1 -1.05429e-5 0 -1 -7.02863e-6 0 -1 -7.02749e-6 0 -1 3.51418e-6 0 -1 1.40572e-5 0 6.79664e-4 -0.9977512 -0.06702399 -0.002684831 -0.9919742 -0.126412 6.79762e-4 -0.9977171 -0.06752985 -8.55956e-4 -0.9924303 0.1228068 -0.001720845 -0.9908926 0.1346434 0.00115776 -0.9511917 0.3085987 0.001157701 -0.9513457 0.3081235 -0.002886414 -0.9222725 0.38653 0.001433968 -0.8756015 0.483032 0.001433849 -0.8757368 0.4827867 -0.00230515 -0.7908751 0.6119734 0 -0.7684807 0.639873 0 -0.6335386 0.7737112 -0.002304136 -0.6054666 0.7958675 0.001157343 -0.3007301 0.9537087 -0.002867221 -0.3790051 0.9253902 0.001434326 -0.4754318 0.8797515 0.001433908 -0.4756109 0.8796547 0.001157581 -0.3003973 0.9538136 -0.001904368 -0.1146682 0.9934021 -9.5246e-4 -0.1264149 0.9919771 6.79528e-4 0.07586658 0.9971178 6.79427e-4 0.07541334 0.9971522 -0.002679646 0.1346365 0.9908915 6.60019e-4 0.4404719 0.8977662 -0.002682805 0.3865303 0.9222729 0.001529395 0.2630369 0.9647846 0.001529216 0.2625197 0.9649255 6.5955e-4 0.4413279 0.8973457 -8.65513e-4 0.6024752 0.7981373 -0.001731932 0.6119782 0.7908727 0.001152098 0.7429772 0.6693159 0.0011518 0.7426248 0.6697068 -0.00288248 0.7958668 0.6054649 0.001430273 0.8559981 0.5169771 0.001430332 0.8559435 0.5170677 -0.002310752 0.9253921 0.3790043 0 0.9383921 0.3455727 0 0.9868302 0.1617594 -0.002301037 0.9919745 0.1264172 0.00114715 0.9762557 -0.2166181 -0.002881407 0.9908913 -0.1346337 0.001440942 0.9996137 -0.02775806 0.001440942 0.9996051 -0.02806365 0.00114715 0.9761858 -0.216933 -0.001912474 0.91764 -0.397408 -9.61116e-4 0.9222744 -0.3865348 6.58284e-4 0.8264708 -0.5629794 6.58246e-4 0.8257569 -0.5640259 -0.002685487 0.7908729 -0.6119745 6.58801e-4 0.5571938 -0.8303822 -0.002688169 0.6054732 -0.7958613 0.001534044 0.7042045 -0.7099956 0.001534283 0.7041992 -0.7100009 6.58671e-4 0.556689 -0.8307207 -8.72795e-4 0.3897215 -0.9209324 -0.001715004 0.379001 -0.9253947 0.001159965 0.2086684 -0.9779858 0.001159667 0.2085754 -0.9780057 -0.002869546 0.1264164 -0.9919732 0.001441001 0.01977026 -0.9998036 0.001440644 0.01964902 -0.9998059 -0.002299249 -0.1346328 -0.990893 0 -0.1698988 -0.9854616 0 -0.3532298 -0.9355367 -0.002309024 -0.3865307 -0.9222737 0.001151382 -0.6755766 -0.737289 -0.002869725 -0.611974 -0.7908728 0.001429796 -0.5242438 -0.8515671 0.001430213 -0.5240564 -0.8516824 0.001151502 -0.6759129 -0.7369806 -0.00191003 -0.8029787 -0.5960047 -9.57042e-4 -0.7958734 -0.6054624 6.59437e-4 -0.90063 -0.4345864 6.59736e-4 -0.9012913 -0.4332132 -0.002687454 -0.9253897 -0.3790075 0.001541972 -0.9670295 -0.2546597 0.00154215 -0.9669424 -0.2549904 0.1949146 0.9804341 -0.02752 0.195352 0.3817111 -0.9034016 0.1954014 0.2044236 -0.9591817 0.1949084 -0.3465952 -0.9175416 0.194633 -0.7537747 0.6276477 0.1954519 -0.2946739 0.9353961 0.1942728 0.5910841 0.7828652 0.1942522 0.7286718 0.6567371 0.1946412 0.7284554 0.6568619 0.1950649 0.7291016 0.6560187 0.1951544 0.8395863 0.5069612 0.1954119 0.4322584 0.8803221 0.1949718 0.4320933 0.8805007 0.1950863 0.2610423 0.9454091 0.1947774 -0.2949961 0.9354352 0.194777 -0.1125083 0.9743736 0.1947922 -0.1125165 0.9743697 0.1952804 -0.1122902 0.974298 0.1952354 0.07401496 0.9779596 0.1957541 0.07418948 0.9778428 0.1949343 0.07355904 0.9780541 0.1946266 -0.7537392 0.6276923 0.1946778 -0.6210095 0.7592416 0.1950998 -0.6214504 0.7587724 0.1948797 -0.6215586 0.7587404 0.194841 -0.466487 0.8628018 0.1949139 -0.4665006 0.8627779 0.1954005 -0.4659648 0.8629574 0.1949943 -0.9733833 0.1204256 0.1948748 -0.9329406 0.3027304 0.1951172 -0.9329897 0.3024231 0.1945844 -0.9331733 0.3021998 0.1946555 -0.8589552 0.4736088 0.1945338 -0.8590124 0.4735549 0.1947024 -0.8588491 0.4737819 0.1954348 -0.9784936 -0.06599652 0.05655068 -0.9522519 -0.3000307 0.1951951 -0.9591258 -0.2048822 0.1945965 -0.9786801 -0.06570917 0.1945505 -0.8839702 -0.4251434 0.1949313 -0.7876932 -0.5844156 0.1941426 -0.7877082 -0.5846575 0.194225 -0.8847006 -0.4237706 0.1950511 -0.3466164 -0.9175033 0.1950093 -0.5138972 -0.8353928 0.195065 -0.5138785 -0.8353913 0.1949888 -0.5139201 -0.8353835 0.194882 -0.6627264 -0.7230594 0.1954154 -0.6628289 -0.7228214 0.1949039 -0.6624355 -0.72332 0.1949485 0.2045528 -0.9592462 0.1949396 0.01908427 -0.9806296 0.1950644 0.01924544 -0.9806017 0.1950122 0.01927679 -0.9806115 0.1949607 -0.1664944 -0.9665765 0.1948465 -0.166428 -0.9666109 0.1948921 -0.1665315 -0.9665839 0.1954625 0.5461742 -0.8145478 0.1950494 0.5464251 -0.8144786 0.19515 0.5464545 -0.8144348 0.1950641 0.690573 -0.6964618 0.1950864 0.8099437 -0.5531117 0.1948804 0.8099957 -0.5531082 0.195142 0.9803865 -0.02760672 0.1951274 0.9575601 -0.2121413 0.1950173 0.9575111 -0.2124637 0.1943767 0.9576929 -0.2122312 0.1943693 0.9002035 -0.389685 0.1956107 0.8997974 -0.3900015 0.1952273 0.9000015 -0.3897224 0.1943415 0.8395978 0.5072544 0.1943826 0.9206541 0.3385431 0.1949115 0.9203242 0.3391355 0.1952357 0.92035 0.3388789 0.1952947 0.9678134 0.1587358 0.1952072 0.9678337 0.1587202 0.1948785 0.9678183 0.1592173 0.5534237 0.7130274 0.4304814 0.5532273 0.7131064 0.4306028 0.5533551 0.6185479 0.5578501 0.5531662 0.6186449 0.5579299 0.553453 0.6188312 0.5574386 0.5534933 0.5019239 0.6646185 0.1945295 0.5911388 0.78276 0.1954304 0.5904372 0.7830651 0.5531257 0.366941 0.7479346 0.553299 0.3669741 0.7477902 0.5531329 0.36764 0.747586 0.5530269 0.5019679 0.6649734 0.5531073 0.2192041 0.803755 0.55326 0.2190136 0.8037016 0.1947962 0.2578689 0.9463393 0.1950281 0.2578032 0.9463095 0.5528144 0.2187508 0.8040798 0.5527894 0.06286472 0.8309465 0.5526955 0.06289798 0.8310064 0.5527903 0.06329011 0.8309136 0.5528434 -0.09557521 0.827786 0.552897 -0.09555083 0.8277531 0.5529493 -0.2502602 0.7947434 0.5530074 -0.2504034 0.7946578 0.5526444 -0.2505866 0.7948526 0.5525858 -0.3964371 0.7331347 0.5530909 -0.3961235 0.7329234 0.5529559 -0.3962208 0.7329726 0.5529193 -0.5278796 0.6446887 0.5530722 -0.5278595 0.644574 0.5531855 -0.6401389 0.5331117 0.5531215 -0.640216 0.5330854 0.5531306 -0.7295839 0.4021862 0.5531126 -0.7295499 0.4022728 0.5533725 -0.7293313 0.402312 0.5534474 -0.7922825 0.2568747 0.552811 -0.7927767 0.2567202 0.5530824 -0.792458 0.2571191 0.5530596 -0.8268262 0.1023904 0.1953288 -0.973304 0.1205242 0.1953059 -0.9784696 -0.06673145 0.553327 -0.8310904 -0.05583941 0.5528376 -0.8314003 -0.05607187 0.5529525 -0.8313117 -0.05625587 0.5527775 -0.827023 0.1023241 0.5533659 -0.8053972 -0.2124183 0.5530382 -0.805668 -0.2122451 0.1951868 -0.9484078 -0.2498499 0.1951601 -0.8839492 -0.4249075 0.5532196 -0.8055664 -0.2121576 0.5532367 -0.7507806 -0.3609126 0.5536298 -0.7504745 -0.3609462 0.5533696 -0.7501807 -0.3619548 0.5533654 -0.6689516 -0.4962767 0.5528249 -0.6691477 -0.4966146 0.5528324 -0.5632465 -0.614109 0.55302 -0.5629248 -0.6142351 0.5528705 -0.5629227 -0.6143715 0.5527985 -0.4366319 -0.7097651 0.5534994 -0.4366345 -0.709217 0.553375 -0.4364864 -0.7094053 0.5533298 -0.2943049 -0.7792374 0.5530897 -0.2942403 -0.7794321 0.5530007 -0.1414014 -0.8210943 0.5533572 -0.141487 -0.8208394 0.553269 0.01635694 -0.8328421 0.553258 0.01635605 -0.8328495 0.5530579 0.01645135 -0.8329805 0.5531268 0.1736186 -0.8148051 0.5527721 0.1738013 -0.8150068 0.5527231 0.1740267 -0.8149921 0.5526902 0.3248993 -0.7674465 0.1951181 0.3824285 -0.9031487 0.1955156 0.3824273 -0.9030632 0.5530964 0.4641798 -0.6918249 0.5531891 0.4641597 -0.6917642 0.5530099 0.4638977 -0.6920832 0.5530104 0.3247097 -0.7672961 0.5530204 0.5867004 -0.5915666 0.5531051 0.5866973 -0.5914905 0.1946346 0.6908047 -0.6963521 0.1949568 0.6935387 -0.6935387 0.5531139 0.5866856 -0.5914939 0.5531208 0.6879175 -0.4699223 0.5532897 0.6878542 -0.4698161 0.5529233 0.6887445 -0.4689422 0.5528554 0.7647086 -0.3310164 0.5531657 0.7644717 -0.331045 0.5532428 0.8131763 -0.1807399 0.5533567 0.8131695 -0.1804209 0.5534104 0.8131306 -0.1804319 0.5533475 0.8326227 -0.02337086 0.552925 0.8329098 -0.02313464 0.5530374 0.8328284 -0.02338111 0.5531244 0.8221138 0.134842 0.5532647 0.8220343 0.1347512 0.5532521 0.7816362 0.2880229 0.5535863 0.7814975 0.2877568 0.5536182 0.7128002 0.4306076 0 -0.2548942 0.966969 8.30048e-5 -0.254303 0.9671247 0 -0.2547413 0.9670093 5.95348e-5 -0.2550728 0.9669219 -1.37242e-4 -0.2542712 0.967133 -1.46055e-5 -0.2547094 0.9670177 2.08714e-4 -0.2552955 0.9668632 1.01771e-5 -0.2548193 0.9669887 -1.56473e-4 -0.2553048 0.9668607 -7.58609e-6 -0.2547635 0.9670034 0 -0.9537919 -0.300468 0.009055197 -0.9669015 -0.2549895 0.009044408 -0.9778938 -0.2089064 0 -0.9669463 -0.2549802 0 -0.9977537 -0.06699031 0 -0.9977006 -0.06777602 0 -0.9976785 -0.06810176 0 -0.9924345 0.1227757 0 -0.9511906 0.3086043 0 -0.9511963 0.3085867 0 -0.9513608 0.3080792 0 -0.9513574 0.3080894 0 -0.8757404 0.4827823 0 -0.8757343 0.4827935 0 -0.8756093 0.48302 0 -0.8756322 0.4829785 0 -0.7684816 0.6398719 0 -0.7684679 0.6398886 0 -0.6331098 0.774062 0 -0.6336628 0.7736095 0 -0.6336711 0.7736027 0 -0.4756439 0.879638 0 -0.4756186 0.8796517 0 -0.4751195 0.8799214 0 -0.4751257 0.8799179 0 -0.3007029 0.953718 0 -0.3007107 0.9537154 0 -0.1146324 0.993408 0 -0.1146183 0.9934096 0 -0.1145082 0.9934223 0 -0.1145069 0.9934225 0 0.07564342 0.9971349 0 0.0756458 0.9971348 0 0.07499706 0.9971839 0 0.0749939 0.9971841 0 0.2628486 0.9648371 0 0.262854 0.9648356 0 0.2661629 0.9639281 0 0.2662807 0.9638956 0 0.4406909 0.897659 0 0.4406951 0.8976569 0 0.6020208 0.7984805 0 0.6020331 0.7984712 0 0.6025483 0.7980825 0 0.7427612 0.6695564 0 0.7427675 0.6695495 0 0.7433471 0.668906 0 0.7434242 0.6688202 0 0.8559277 0.5170956 0 0.8559324 0.5170879 0 0.9385604 0.345115 0 0.9385483 0.345148 0 0.9383817 0.3456007 0 0.9383864 0.3455877 0 0.9868165 0.1618433 0 0.9867322 0.1623567 0 0.9867442 0.1622837 0 0.9996042 -0.0281338 0 0.9996039 -0.02814441 0 0.9763109 -0.2163726 0 0.9763248 -0.2163098 0 0.9763162 -0.2163487 0 0.9763174 -0.2163435 0 0.9175336 -0.3976586 0 0.917651 -0.3973873 0 0.8258422 -0.5639014 0 0.7070916 -0.7071219 0 0.7070993 -0.7071144 0 0.7041395 -0.7100617 0 0.704145 -0.7100563 0 0.5571999 -0.8303785 0 0.5572214 -0.8303641 0 0.5569103 -0.8305727 0 0.5569351 -0.830556 0 0.3899976 -0.9208159 0 0.3892458 -0.921134 0 0.3892561 -0.9211296 0 0.2085745 -0.9780065 0 0.2085695 -0.9780076 0 0.01947534 -0.9998104 0 0.01965212 -0.9998069 0 0.0196526 -0.9998069 0 -0.1696959 -0.9854965 0 -0.169805 -0.9854778 0 -0.1698125 -0.9854765 0 -0.3533849 -0.9354781 0 -0.3533907 -0.9354758 0 -0.5240316 -0.8516988 0 -0.5239528 -0.8517473 0 -0.523941 -0.8517546 0 -0.6758037 -0.7370817 0 -0.675803 -0.7370824 0 -0.6754013 -0.7374505 0 -0.6754156 -0.7374374 0 -0.8029638 -0.5960278 0 -0.8029765 -0.5960109 0 -0.9019031 -0.4319385 0 -0.9012864 -0.4332241 0 0.7099875 0.7042143 -2.2441e-5 0.7100751 0.7041261 3.55047e-5 0.7099037 0.7042987 7.31209e-5 0.7097533 0.7044504 -2.15548e-5 0.7100249 0.7041767 0 0.7099612 0.7042408 8.36685e-6 0.7100111 0.7041906 -1.72864e-4 0.7101943 0.7040058 3.1099e-4 0.7094132 0.7047928 0 -0.9648784 0.2626968 -7.33588e-6 -0.9648929 0.262644 0 -0.9648594 0.2627671 -8.68019e-4 -0.9632609 0.268566 -1.14194e-5 -0.9648078 0.2629564 8.56054e-5 -0.964909 0.2625851 -5.21261e-5 -0.9648089 0.2629521 3.3058e-5 -0.9648529 0.2627908 -9.58876e-5 -0.9649607 0.2623949 1.92419e-4 -0.9646267 0.2636195 -0.5535088 0.7832139 0.2832034 -0.5532727 0.7816233 0.2880182 -0.5532419 0.6186799 0.557816 -0.5532881 0.6186205 0.5578361 -0.5531412 0.7137174 0.4297004 -0.5530479 0.3670741 0.7479269 -0.5530481 0.5013227 0.6654423 -0.5532767 0.5020154 0.6647298 -0.5535017 0.5018022 0.6647034 -0.5533753 0.6192433 0.557058 -0.553108 0.2189173 0.8038325 -0.5528401 0.2190315 0.8039858 -0.5528087 0.2189632 0.804026 -0.5527994 0.06291514 0.830936 -0.5528343 -0.09541302 0.8278108 -0.5531592 -0.09557074 0.8275754 -0.5530831 -0.2503432 0.794624 -0.5529555 -0.2503035 0.7947254 -0.5529294 -0.09597206 0.8276826 -0.55271 -0.396398 0.7330623 -0.5526158 -0.396296 0.7331884 -0.552638 -0.2510838 0.7947002 -0.553164 -0.6400955 0.533186 -0.5530527 -0.5280008 0.6444751 -0.5531362 -0.5278646 0.6445149 -0.5529211 -0.5278185 0.6447371 -0.5529175 -0.3959915 0.7331256 -0.5531155 -0.7295889 0.4021981 -0.5530908 -0.7295669 0.4022722 -0.5530335 -0.8268505 0.1023342 -0.5531531 -0.7925359 0.2567265 -0.553292 -0.7923929 0.2568689 -0.5534333 -0.7923184 0.2567939 -0.5533625 -0.7292615 0.4024523 -0.5528906 -0.8313769 -0.05589818 -0.5531166 -0.8312156 -0.05605942 -0.5529137 -0.8057715 -0.2121762 -0.5533659 -0.8053972 -0.2124183 -0.5533553 -0.8310674 -0.05590116 -0.5533065 -0.7506725 -0.36103 -0.5528402 -0.7510446 -0.3609705 -0.5528966 -0.562932 -0.6143395 -0.5530336 -0.5628791 -0.6142646 -0.5528323 -0.5630953 -0.6142477 -0.5528529 -0.6692201 -0.4964858 -0.5539352 -0.6683676 -0.4964278 -0.553384 -0.6690207 -0.4961628 -0.5534536 -0.2941492 -0.7792081 -0.5533356 -0.2943268 -0.779225 -0.5533397 -0.4364481 -0.7094564 -0.5532905 -0.4365187 -0.7094513 -0.5528876 -0.4369535 -0.7094977 -0.5533577 -0.1413757 -0.8208583 -0.5530366 -0.1415515 -0.8210443 -0.5540599 0.1541869 -0.8180734 -0.5538676 0.1538501 -0.8182669 -0.5530398 0.01635867 -0.8329942 -0.5533037 0.01645332 -0.8328171 -0.5532712 0.01634842 -0.8328408 -0.5527757 0.4643125 -0.691992 -0.5529917 0.4646816 -0.6915715 -0.5530281 0.3247782 -0.7672543 -0.552918 0.324798 -0.7673252 -0.5526887 0.3245137 -0.7676107 -0.5530503 0.586798 -0.5914419 -0.5530052 0.5866408 -0.59164 -0.553085 0.4640645 -0.6919112 -0.5528308 0.7650628 -0.3302382 -0.5528991 0.6881901 -0.469784 -0.5532028 0.6879117 -0.4698343 -0.5530586 0.6879231 -0.4699873 -0.5531674 0.5866342 -0.5914949 -0.5532588 0.8130116 -0.1814302 -0.5534914 0.8130747 -0.1804351 -0.553339 0.8326283 -0.02336961 -0.5533654 0.832634 -0.02252566 -0.5533906 0.8131505 -0.1804025 -0.5532488 0.7816458 0.2880028 -0.5531696 0.8220995 0.1347437 -0.5531159 0.8221215 0.1348302 -0.5532529 0.8221124 0.1343225 -0.5530158 0.8328456 -0.02327364 -0.1943521 0.8397653 0.506973 -0.5530902 0.713232 0.4305711 -0.5536239 0.7127916 0.4306144 -0.1951186 0.8394806 0.5071501 -0.1950838 0.7290394 0.6560823 -0.1946427 0.7284508 0.6568667 -0.1942791 0.7285825 0.6568282 -0.1943263 0.5911473 0.782804 -0.1946399 0.5910675 0.7827864 -0.1954361 0.5904054 0.7830877 -0.1954142 0.4320584 0.8804196 -0.5530691 0.3670454 0.7479254 -0.5531229 0.3672911 0.747765 -0.1950237 0.2578322 0.9463024 -0.1947962 0.2578689 0.9463393 -0.1951141 0.2610409 0.9454038 -0.1949707 0.4322281 0.8804348 -0.1949343 0.07355904 0.9780541 -0.1955227 0.07401061 0.9779026 -0.5528289 0.06289058 0.8309183 -0.5528228 0.06278902 0.8309299 -0.1952347 0.07419729 0.977946 -0.1952799 -0.1123125 0.9742956 -0.1948022 -0.1124966 0.9743699 -0.1947774 -0.1124853 0.9743762 -0.1947886 -0.2947226 0.9355191 -0.1954436 -0.2948921 0.9353291 -0.1954062 -0.4659163 0.8629823 -0.1948548 -0.4665123 0.8627849 -0.194848 -0.4666059 0.862736 -0.1949067 -0.6214221 0.7588451 -0.1951749 -0.6214644 0.7587415 -0.1946677 -0.6210108 0.7592431 -0.1946501 -0.7537412 0.6276828 -0.5533031 -0.6401439 0.5329837 -0.5530954 -0.6404106 0.5328789 -0.1946141 -0.7537664 0.6276637 -0.1947024 -0.8588491 0.4737819 -0.1945513 -0.8590062 0.473559 -0.1946315 -0.8590009 0.473536 -0.1946018 -0.9330689 0.3025103 -0.1954625 -0.9330118 0.3021315 -0.1948508 -0.9329594 0.3026877 -0.1949937 -0.9733697 0.1205356 -0.5529371 -0.8269079 0.1023907 -0.5528481 -0.8269757 0.1023241 -0.1946299 -0.9786726 -0.06572031 -0.1954043 -0.9785004 -0.06598621 -0.1953077 -0.9784691 -0.06673204 -0.1953206 -0.9733205 0.1204044 -0.1945563 -0.9484785 -0.2500732 -0.194876 -0.9484598 -0.249895 -0.5531489 -0.8055988 -0.212219 -0.5532302 -0.7506625 -0.3611678 -0.1952239 -0.9483317 -0.2501094 -0.1951601 -0.8839492 -0.4249075 -0.1945676 -0.8839484 -0.4251809 -0.194225 -0.8847006 -0.4237706 -0.1941605 -0.7878772 -0.5844239 -0.1949105 -0.7875704 -0.5845877 -0.1948897 -0.6624968 -0.7232676 -0.1952165 -0.6627247 -0.7229706 -0.1948614 -0.6629034 -0.7229026 -0.1950267 -0.5138825 -0.8353977 -0.1950471 -0.5138413 -0.8354184 -0.1949907 -0.5140116 -0.8353269 -0.195061 -0.3466247 -0.9174979 -0.5530887 -0.2943648 -0.7793859 -0.5530127 -0.1415817 -0.8210553 -0.1949021 -0.3465684 -0.917553 -0.1948921 -0.1665315 -0.9665839 -0.1948643 -0.1664574 -0.9666023 -0.1949765 -0.1664258 -0.966585 -0.195007 0.01923567 -0.9806133 -0.1950985 0.01928019 -0.9805942 -0.1949335 0.01908046 -0.9806309 -0.1949615 0.2044227 -0.9592713 -0.589232 0.1683809 -0.7902238 -0.5543422 0.2318777 -0.7993357 -0.1953878 0.2045443 -0.9591586 -0.1953436 0.3817117 -0.903403 -0.1951211 0.3823944 -0.9031624 -0.1955187 0.3824845 -0.9030382 -0.1954326 0.5463826 -0.8144153 -0.1947127 0.5462573 -0.8146717 -0.1950929 0.8099561 -0.5530913 -0.1948767 0.8099828 -0.5531284 -0.1950192 0.6932991 -0.6937607 -0.1946526 0.6907168 -0.6964343 -0.1950495 0.690653 -0.6963865 -0.1951397 0.5464708 -0.8144263 -0.1952273 0.9000015 -0.3897224 -0.1951025 0.9000484 -0.3896769 -0.5526021 0.7648664 -0.3310747 -0.5532344 0.7643434 -0.3312263 -0.1943816 0.9000343 -0.3900693 -0.1943767 0.9576929 -0.2122312 -0.1949951 0.957521 -0.2124394 -0.1951274 0.9575601 -0.2121413 -0.1951119 0.9803947 -0.0275253 -0.1949072 0.9804335 -0.02759641 -0.1948515 0.9678273 0.1591953 -0.1952601 0.9678204 0.158737 -0.1952579 0.9678238 0.1587186 -0.1952577 0.9202662 0.3390942 -0.1947808 0.920399 0.3390078 -0.1943826 0.9206541 0.3385431 0 0.9648739 -0.2627137 -9.83213e-5 0.9649177 -0.262553 0.001022219 0.9642776 -0.2648919 7.99266e-4 0.9642144 -0.2651225 -6.8055e-5 0.9649366 -0.2624832 3.14915e-5 0.964811 -0.2629444 -2.59318e-5 0.9648711 -0.2627239 1.67343e-5 0.9648532 -0.2627894 0 0.9648184 -0.2629172 5.36647e-5 -0.7102102 -0.7039897 -0.002517104 -0.6954893 -0.7185321 0 -0.7101832 -0.704017 0 -0.7101271 -0.7040736 2.69022e-5 -0.7099339 -0.7042683 1.19749e-4 -0.7096 -0.7046048 -2.12988e-5 -0.7100309 -0.7041706 -1.22057e-5 -0.7100085 -0.7041931 1.04248e-4 -0.7101913 -0.7040088 -1.13235e-4 -0.7097311 -0.7044727 0.8632057 -0.3754819 -0.3374751 0.8655641 -0.1590706 -0.4748636 0.8653037 0.012425 -0.5010942 0.8650613 0.1716129 -0.4714 0.8647214 0.3167164 -0.3898048 0.8636363 0.4917378 -0.1110245 0.8638089 0.5019413 0.0434668 0.8652946 0.4929084 0.09114152 0.86507 0.4429389 0.2354976 0.8633283 0.3763408 0.336202 0.8653094 -0.2361963 0.4420986 0.8647743 -0.3154056 0.390749 0.8650788 -0.4532236 0.2150048 0.8663557 -0.4605364 -0.1932201 0.8932371 -0.4347406 -0.1145784 0.9145866 -0.3906242 -0.1046142 0.8632296 -0.4930601 0.1082888 0.8652228 -0.5011663 -0.01489639 0.8632626 -0.4933564 0.1066644 0.8651741 -0.4502094 0.220874 0.8652814 -0.4091088 0.2896862 0.8655411 -0.372523 0.3347615 0.8652831 -0.2363774 0.4420534 0.8650678 -0.0829584 0.4947481 0.8651105 -0.08969748 0.4934959 0.8652086 -0.1681799 0.4723661 0.8647019 0.08365494 0.4952701 0.8653171 -0.01227915 0.5010744 0.8652626 0.2842099 0.4129714 0.8641748 0.1917549 0.4652227 0.8635057 0.3741353 0.3382022 0.9075679 0.1159787 0.4035711 0.862207 0.1382151 0.4873355 0.8637344 0.4586822 0.2087431 0.86531 0.4737537 0.1636953 0.865086 0.5014474 0.01329749 0.8633282 0.4931848 -0.1069267 0.8652542 0.4509543 -0.2190329 0.8642027 0.3960296 -0.3103456 0.8652905 0.2363116 -0.4420735 0.9076116 0.2996855 -0.2939894 0.8622254 0.3603477 -0.3559733 0.8651067 0.1653894 -0.4735364 0.8652115 0.08658081 -0.4938753 0.8653174 0.01181989 -0.501085 0.8647785 -0.08195358 -0.4954208 0.8650907 -0.2883874 -0.4104278 0.8651916 -0.2827266 -0.4141366 0.8652998 -0.212969 -0.4537627 0.8632384 -0.3768901 -0.3358176 0.8652161 -0.4435263 -0.2338497 0.8634858 -0.4878858 -0.1279057 -0.7077251 0.2751113 -0.6507219 -0.7042236 -0.7098436 0.01383054 -0.704248 -0.6951992 0.1439892 -0.7085162 -0.7003524 0.08666747 -0.7085246 -0.700347 0.08664345 -0.7042685 -0.6568397 0.2693837 -0.7084631 -0.6713702 0.2175827 -0.7084718 -0.6713926 0.2174851 -0.704321 -0.5961891 0.3853448 -0.7083852 -0.6181188 0.3407634 -0.7083729 -0.617971 0.341057 -0.7043693 -0.5151222 0.4883781 -0.7083077 -0.5424004 0.4517766 -0.7082913 -0.542635 0.4515206 -0.7044267 -0.4165971 0.5746565 -0.7081906 -0.4472348 0.5463032 -0.7081689 -0.4474315 0.5461701 -0.7045043 -0.3038434 0.6413681 -0.7080523 -0.3358396 0.6211873 -0.7080788 -0.335542 0.6213181 -0.7045903 -0.1809224 0.6861631 -0.7078748 -0.2121709 0.6737186 -0.707883 -0.2128946 0.6734817 -0.7046793 -0.0516414 0.7076442 -0.7077048 -0.08089894 0.7018614 -0.7077155 -0.08144211 0.7017878 -0.7047753 0.07925772 0.7049894 -0.707507 0.05335569 0.7046894 -0.7074951 0.05345422 0.7046939 -0.7048845 0.2074015 0.6783233 -0.7072889 0.18572 0.6820927 -0.7072908 0.1858136 0.6820653 -0.7050092 0.3283765 0.6285944 -0.7070407 0.3115416 0.6348507 -0.707059 0.3116311 0.6347863 -0.7051235 0.4383484 0.5573613 -0.706781 0.4262657 0.5645867 -0.7068038 0.4258223 0.5648928 -0.7052706 0.5331044 0.4673255 -0.7064999 0.5255684 0.4739574 -0.7064356 0.5261906 0.4733628 -0.6810092 0.6885977 0.249118 -0.7061861 0.6060258 0.3661065 -0.7060778 0.6066973 0.3652023 -0.7057691 0.6094831 0.3611376 -0.7057647 0.6654889 0.2429419 -0.7054839 0.6650198 0.2450333 -0.7055871 0.6989665 0.1165881 -0.7058434 0.6990382 0.1145902 -0.7059141 0.7081629 -0.01380389 -0.7051168 0.7088146 -0.01980668 -0.7058584 0.6990652 0.1143325 -0.7062099 0.6550523 -0.2686524 -0.7043157 0.6513776 -0.2822175 -0.7065517 0.6906583 -0.1541938 -0.7060638 0.6934317 -0.1436192 -0.7047245 0.6926389 -0.1536709 -0.706153 0.7078071 -0.01889669 -0.7064474 0.5136229 -0.4869536 -0.7034356 0.5005184 -0.5046384 -0.7070202 0.583943 -0.398915 -0.7063335 0.5945105 -0.3842529 -0.7038774 0.5866397 -0.4005129 -0.7068082 0.6494836 -0.280345 -0.7066409 0.3029326 -0.6394456 -0.7024217 0.2774536 -0.6554566 -0.7075455 0.3940054 -0.5866338 -0.7065545 0.4153553 -0.5729405 -0.7029368 0.3961545 -0.5907127 -0.7072991 0.4977406 -0.5019785 -0.7056084 0.1973984 -0.6805518 -0.7042117 0.1810189 -0.6865261 -0.7077762 0.1308526 -0.6942121 -0.7068125 0.05146247 -0.7055265 -0.7013636 0.01408201 -0.7126646 -0.7077977 0.1304884 -0.6942588 -0.7069138 -0.2068076 -0.6763901 -0.7002009 -0.2521234 -0.6679465 -0.7081766 -0.1200768 -0.6957497 -0.7068675 -0.07900065 -0.7029206 -0.7007832 -0.1212021 -0.7030029 -0.7080472 0.01392602 -0.7060279 -0.7070075 -0.4371737 -0.5558953 -0.6989421 -0.4831711 -0.5272814 -0.7084062 -0.3701741 -0.6009425 -0.7069648 -0.327494 -0.626856 -0.6995606 -0.3744047 -0.6086347 -0.708275 -0.2494723 -0.6603863 -0.7070493 -0.6083856 -0.3604832 -0.6975699 -0.6457819 -0.3104223 -0.7085075 -0.5668234 -0.4203908 -0.7070286 -0.5317755 -0.4661818 -0.6982812 -0.5746713 -0.4267978 -0.7084631 -0.4769344 -0.5202054 -0.7085372 -0.7040839 -0.0473386 -0.7085484 -0.7040742 -0.04731661 -0.7041997 -0.7003272 -0.116811 -0.7085706 -0.68231 -0.1799466 -0.707045 -0.6642869 -0.2425082 -0.696847 -0.6935737 -0.1826465 -0.7085527 -0.6359013 -0.3059127 0 0.2548009 -0.9669936 -1.55842e-4 0.2552891 -0.9668648 1.12293e-4 0.2543195 -0.9671203 -5.74083e-5 0.2550587 -0.9669256 0 0.2547467 -0.9670079 -2.3744e-5 0.2546067 -0.9670448 -1.2643e-6 0.2547585 -0.9670047 2.17699e-5 0.2548218 -0.966988 -9.12207e-5 0.2550747 -0.9669215 2.41858e-4 0.2543077 -0.9671234 0 -0.9393625 -0.3429257 0 -0.860318 -0.5097578 0 -0.8603042 -0.5097812 0 -0.7519763 -0.6591902 0 -0.7519599 -0.6592088 0 -0.6181938 -0.7860258 0 -0.618166 -0.7860476 0 -0.4630349 -0.88634 0 -0.463033 -0.886341 0 -0.2924097 -0.9562932 0 -0.2923925 -0.9562984 0 -0.1117233 -0.9937394 0 -0.1117191 -0.9937399 0 0.072766 -0.9973491 0 0.07277065 -0.9973487 0 0.2549651 -0.9669502 0 0.2549639 -0.9669506 0 0.4281231 -0.9037205 0 0.4281213 -0.9037213 0 0.5869408 -0.8096299 0 0.7256923 -0.6880194 0 0.72569 -0.6880219 0 0.8398414 -0.5428318 0 0.8398526 -0.5428147 0 0.9252094 -0.3794569 0 0.9252111 -0.379453 0 0.9792185 -0.2028086 0 0.9998103 -0.01947909 0 0.9998102 -0.01948851 0 0.9863727 0.1645268 0 0.9863728 0.1645253 0 0.9393625 0.3429257 0 0.860316 0.5097613 0 0.7519599 0.6592088 0 0.7519763 0.6591902 0 0.6181938 0.7860258 0 0.618166 0.7860476 0 0.4630478 0.8863334 0 0.4630349 0.88634 0 0.2923925 0.9562984 0 0.292411 0.9562928 0 0.1117181 0.99374 0 0.1117191 0.9937399 0 -0.0727663 0.997349 0 -0.07277065 0.9973487 0 -0.254954 0.9669533 0 -0.2549651 0.9669502 0 -0.4281231 0.9037205 0 -0.4281194 0.9037222 0 -0.5869431 0.8096283 0 -0.5869408 0.8096299 0 -0.7256947 0.688017 0 -0.72569 0.6880219 0 -0.8398526 0.5428147 0 -0.8398414 0.5428318 0 -0.9252094 0.3794569 0 -0.9252127 0.3794489 0 -0.9792185 0.2028086 0 -0.9792175 0.2028131 0 -0.9998102 0.0194838 0 -0.9998102 0.01948308 0 -0.9863727 -0.1645268 0 -0.9863744 -0.1645162 0 -0.9393611 -0.3429298 1 6.85437e-6 0 1 -1.35484e-5 0 1 6.83895e-6 0 1 -6.49726e-6 0 1 -1.71056e-6 0 1 1.29953e-5 0 1 -6.83888e-6 0 1 -6.58235e-6 0 1 1.01605e-5 0 1 1.37087e-5 0 1 5.0412e-6 0 1 6.84099e-6 0 1 4.16071e-6 0 1 1.12085e-5 0 1 -1.99725e-5 0 1 -2.6885e-5 0 1 6.49767e-6 0 1 1.31647e-5 0 1 -6.77367e-6 0 1 -6.58226e-6 0 1 -6.49725e-6 0 1 -4.1607e-6 0 1 3.20244e-6 0 1 3.32875e-6 0 -0.8651695 -0.2259607 -0.4476868 -0.863263 -0.4681744 0.1886531 -0.8652624 -0.2299302 0.4454807 -0.8631507 -0.1200625 0.4904651 -0.8654297 0.08019864 0.4945701 -0.8651767 0.225962 0.4476723 -0.8632639 0.4681762 -0.1886442 -0.8652517 0.2299313 -0.4455011 -0.8651741 0.004291534 -0.5014532 -0.8654526 -0.08020061 -0.49453 -0.8631645 0.1200726 -0.4904383 -0.8932057 0.3376025 -0.2969987 -0.8633875 0.3855628 -0.3254278 -0.8654785 0.2982999 -0.4024479 -0.8632638 0.503283 -0.0384978 -0.8652493 0.4036737 0.2973065 -0.864341 0.4589368 0.2056498 -0.863161 0.325009 0.3864224 -0.9065496 0.4024745 0.1272094 -0.862541 0.4884021 0.1322362 -0.865456 0.1474594 0.4787919 -0.8651957 -0.004248797 0.5014165 -0.8931992 -0.3376017 0.2970192 -0.8633931 -0.3855643 0.3254114 -0.8654651 -0.2982958 0.4024797 -0.8632631 -0.5032839 0.03849786 -0.8652462 -0.4036684 -0.2973233 -0.8643554 -0.4588128 -0.2058655 -0.8631681 -0.3250158 -0.3864009 -0.9064307 -0.4027708 -0.1271179 -0.8625504 -0.4884206 -0.1321074 -0.8654456 -0.147455 -0.4788122 0 -0.6840072 -0.7294753 0 -0.6840574 -0.7294282 4.76904e-5 -0.6837292 -0.729736 -1.22214e-4 -0.6842046 -0.7292901 1.47294e-6 -0.6839888 -0.7294926 3.77209e-6 -0.6839723 -0.7295081 -1.88781e-5 -0.6839511 -0.729528 0 0.2899102 -0.9570539 0 0.2898215 -0.9570808 -2.20558e-5 0.2896968 -0.9571185 -3.21052e-7 0.2897582 -0.9571 -4.8958e-6 0.2897484 -0.9571029 -7.18533e-6 0.2897713 -0.9570959 4.28317e-5 0.2895655 -0.9571582 0 0.9737284 -0.2277128 1.14499e-5 0.9737365 -0.2276781 -3.27993e-6 0.9737295 -0.2277079 -1.20985e-5 0.973733 -0.227693 0 0.9737251 -0.2277271 0 0.6840263 0.7294574 0 0.6836439 0.7298158 -5.97769e-5 0.6840472 0.7294378 -1.28703e-4 0.6841839 0.7293096 1.47294e-6 0.6839888 0.7294926 -1.12361e-6 0.6839752 0.7295053 -2.13463e-5 0.6839365 0.7295415 0 -0.2899102 0.9570539 0 -0.2898208 0.957081 -2.20566e-5 -0.2897071 0.9571154 6.42112e-7 -0.2897622 0.9570987 -5.84891e-6 -0.2897453 0.9571038 -5.19792e-6 -0.2897723 0.9570957 4.28334e-5 -0.2895767 0.9571549 0 -0.9737284 0.2277128 1.22038e-5 -0.9737339 0.2276897 3.08346e-6 -0.9737295 0.2277079 -1.13546e-5 -0.9737312 0.227701 0 -0.9737315 0.2276993 -1 3.19157e-5 0 -1 -3.19131e-5 0 -1 -7.73375e-6 0 -1 -1.45272e-5 0 -1 1.82415e-5 0 -1 -1.93332e-5 0 -1 -3.19161e-5 0 -1 7.7337e-6 0 -1 1.45272e-5 0 -1 -1.82415e-5 0 -1 1.93332e-5 0 -1 3.98942e-6 0 -1 -1.45262e-5 0 -1 2.91836e-5 0 -1 2.72364e-6 0 -1 2.39347e-5 0 -1 3.09387e-5 0 -1 7.29592e-6 0 -1 1.5467e-5 0 -1 -1.54692e-5 0 -1 2.1888e-5 0 -1 -1.5467e-5 0 -0.07490628 -0.9815355 0.1760033 0 -0.9605003 0.278279 0 -0.9051365 0.4251212 0 -0.9051426 0.4251082 0 -0.7969258 0.6040773 0 -0.7969334 0.6040672 0 -0.6539881 0.756505 0 -0.6540139 0.7564824 0 -0.4823972 0.8759526 0 -0.4823796 0.8759623 0 -0.2897593 0.9570996 0 -0.2897637 0.9570983 0 -0.08440685 0.9964314 0 -0.08440816 0.9964312 0 0.1246169 0.992205 0 0.3281524 0.9446248 0 0.3281666 0.9446199 0 0.5174593 0.855708 0 0.5174291 0.8557261 0 0.6839927 0.7294889 0 0.6840006 0.7294815 0 0.8206934 0.571369 0 0.820714 0.5713393 0 0.9216289 0.3880726 0 0.9216232 0.388086 0 0.9821331 0.1881878 0 0.9997969 -0.02015411 0 0.9997963 -0.0201857 0 0.9737331 -0.2276927 0 0.9737399 -0.2276636 0 0.9051365 -0.4251212 0 0.9051426 -0.4251082 0 0.7969334 -0.6040672 0 0.6539959 -0.7564982 0 0.6539983 -0.756496 0 0.4824039 -0.8759489 0 0.4823662 -0.8759697 0 0.2897637 -0.9570983 0 0.08440685 -0.9964314 0 0.08440816 -0.9964312 0 -0.1246188 -0.9922047 0 -0.3281476 -0.9446266 0 -0.3281617 -0.9446216 0 -0.5174593 -0.855708 0 -0.517436 -0.8557219 0 -0.6840006 -0.7294815 0 -0.6839848 -0.7294963 0 -0.8206934 -0.571369 0 -0.820714 -0.5713393 0 -0.9216289 -0.3880726 0 -0.9821302 -0.1882031 0 -0.9997966 0.02016991 0 -0.9997963 0.0201857 0 -0.9737399 0.2276636 0.7071365 0.1828135 -0.6830353 0.7041571 0.05989938 -0.7075132 0.70715 0.1825576 -0.6830897 0.7037478 0.2058683 -0.6799686 0.7079212 0.3122112 -0.6335391 0.7077973 0.3120419 -0.6337609 0.7034199 0.3428533 -0.6226172 0.7082934 0.429807 -0.5599879 0.7083756 0.4291952 -0.560353 0.7031406 0.4650321 -0.5379019 0.7087335 0.5302491 -0.4653309 0.7087319 0.5301316 -0.4654672 0.7029744 0.5667827 -0.4296329 0.7090332 0.6105846 -0.3527868 0.7090127 0.6105676 -0.3528572 0.7028778 0.6438368 -0.3023855 0.7091578 0.6674774 -0.2270889 0.7091499 0.6675033 -0.2270369 0.7028424 0.6926623 -0.1619616 0.709149 0.698947 -0.09263294 0.7069864 0.6945907 0.1330947 0.6968679 0.6929122 0.1850621 0.7090243 0.7037083 0.04559874 0.7071567 0.7069131 -0.01426136 0.6948631 0.7176129 0.0468738 0.7091397 0.6989756 -0.09248882 0.706499 0.5808209 0.404359 0.7002611 0.5665389 0.4343594 0.7083202 0.6332896 0.3118121 0.7067824 0.6519813 0.2745524 0.6986181 0.6418982 0.316069 0.7087295 0.6815407 0.1822221 0.7056941 0.3666095 0.6062948 0.7031416 0.3559323 0.6155518 0.7070646 0.4665984 0.5313621 0.7061359 0.4843235 0.5165296 0.7017633 0.4699746 0.535399 0.707818 0.5607195 0.4296362 0.7046351 0.08840477 0.7040412 0.7054155 0.0928989 0.7026798 0.7051772 0.2326852 0.6697633 0.7043628 0.2286344 0.6720115 0.7063177 0.3530536 0.6135704 0.7041535 -0.05989909 0.7075168 0.7063589 -0.04592376 0.7063626 0.7064635 -0.04537117 0.7062938 0.7037472 -0.2058718 0.6799682 0.7071547 -0.182583 0.6830781 0.7071365 -0.1828135 0.6830353 0.7034142 -0.342867 0.6226161 0.707805 -0.3120104 0.6337678 0.7078658 -0.3122961 0.6335592 0.7031462 -0.4650315 0.5378952 0.7083718 -0.4292188 0.5603399 0.7083274 -0.4297827 0.5599636 0.7029772 -0.5667743 0.4296392 0.7087047 -0.5301451 0.4654933 0.708715 -0.530256 0.4653513 0.7028763 -0.6438354 0.3023921 0.7090178 -0.6105602 0.3528596 0.7090305 -0.6106086 0.3527507 0.7086694 -0.6944662 0.1245168 0.7054264 -0.7026429 0.0930947 0.7066509 -0.6796182 0.1968852 0.7091541 -0.6675072 0.2270121 0.7091528 -0.6674729 0.2271173 0.7069842 -0.69459 -0.133109 0.6968679 -0.6929122 -0.1850621 0.7090255 -0.7037094 -0.04556387 0.7071568 -0.7069131 0.01425421 0.6948661 -0.71761 -0.04687356 0.7091365 -0.6989748 0.09251862 0.706497 -0.5808193 -0.404365 0.7002611 -0.5665389 -0.4343594 0.7083202 -0.6332896 -0.3118121 0.7067844 -0.6519872 -0.2745333 0.6986118 -0.641896 -0.3160873 0.7087275 -0.6815425 -0.1822226 0.7056991 -0.3666164 -0.6062847 0.7031275 -0.3559263 -0.6155716 0.7070786 -0.4666413 -0.5313058 0.7061335 -0.4843181 -0.5165381 0.7017667 -0.4699726 -0.5353965 0.7078393 -0.5607364 -0.4295792 0.7063584 0.04593783 -0.7063622 0.7063207 0.04535335 -0.7064377 0.7046339 -0.08840584 -0.7040423 0.7054178 -0.09290039 -0.7026773 0.7051777 -0.2326828 -0.6697636 0.7043561 -0.2286323 -0.6720193 0.7064086 -0.3530991 -0.6134394 0.5528068 0.4156736 0.7222328 0.5526204 0.5499058 0.6262702 0.5524825 0.5498283 0.62646 0.5525028 0.5499943 0.6262962 0.5526573 0.7476865 0.3681506 0.5526816 0.7476266 0.3682358 0.5526235 0.6614888 0.506991 0.5524954 0.6615088 0.5071045 0.5525497 0.6616306 0.5068864 0.5526365 0.8316691 0.05403196 0.5526086 0.8052406 0.2149683 0.5525775 0.8051589 0.2153546 0.5522946 0.8319085 0.053842 0.5518534 0.8321666 0.05437701 0.5521104 0.7219094 -0.4171583 0.5520934 0.7893524 -0.268544 0.5521348 0.7893539 -0.2684542 0.5520882 0.7894185 -0.2683601 0.5520242 0.8266448 -0.1092137 0.5528994 0.8260213 -0.1095048 0.5528464 0.8260684 -0.1094158 0.5528647 0.6260935 -0.5498614 0.552788 0.6261718 -0.5498494 0.5528174 0.3680059 -0.7476395 0.5528988 0.5072011 -0.6610976 0.5525488 0.507011 -0.6615358 0.5528523 0.5067847 -0.6614557 0.5529637 0.6261783 -0.5496653 0.5526403 0.2150682 -0.8051922 0.552713 0.2151883 -0.8051102 0.5526416 0.05404639 -0.8316648 0.5526858 0.05402189 -0.831637 0.5527445 0.2153988 -0.8050323 0.5529311 -0.417051 -0.7213431 0.5526796 -0.4157016 -0.722314 0.5526631 -0.2683942 -0.7890045 0.5527619 -0.2684531 -0.7889152 0.5526797 -0.1092304 -0.8262046 0.5526273 -0.1092453 -0.8262377 0.5525304 0.05435723 -0.8317185 0.5526411 -0.5499053 -0.6262525 0.5524528 -0.5498225 -0.6264913 0.5526573 -0.7476865 -0.3681506 0.5526942 -0.7476437 -0.3681823 0.5526169 -0.6614758 -0.5070152 0.552511 -0.6614906 -0.5071112 0.5525944 -0.661647 -0.5068163 0.5526382 -0.8316712 -0.05398076 0.5526056 -0.8052363 -0.2149919 0.5525775 -0.8051589 -0.2153546 0.5522934 -0.8319067 -0.05388313 0.5518712 -0.8321565 -0.05434882 0.5521041 -0.7219011 0.417181 0.5520881 -0.7893448 0.2685768 0.5521505 -0.7893545 0.2684202 0.55211 -0.7893953 0.2683833 0.5520515 -0.8266269 0.1092113 0.5529306 -0.8260089 0.1094412 0.5528482 -0.8260718 0.1093809 0.5528497 -0.6260765 0.549896 0.5528059 -0.6261629 0.5498417 0.5528088 -0.3680002 0.7476485 0.5528988 -0.5072011 0.6610976 0.5525496 -0.5070107 0.6615355 0.5528557 -0.5067942 0.6614456 0.5529735 -0.6261735 0.549661 0.5526403 -0.2150682 0.8051922 0.55272 -0.2151786 0.8051079 0.552648 -0.05404722 0.8316605 0.5526889 -0.05402177 0.831635 0.552758 -0.2153965 0.8050237 0.5526557 0.2683906 0.789011 0.5527619 0.2684531 0.7889152 0.552683 0.1092323 0.826202 0.5526155 0.1092442 0.8262457 0.5525758 -0.05437141 0.8316875 0.1936394 0.4908941 0.8494274 0.5525172 0.4170779 0.7216446 0.5529326 0.4170163 0.7213619 0.1946235 0.7786628 0.5964947 0.1936017 0.7786531 0.5968398 0.1937234 0.6475426 0.7369938 0.193646 0.6472443 0.7372761 0.1943128 0.6470383 0.7372815 0.1942485 0.4911524 0.8491389 0.1946941 0.8799241 0.4333912 0.1946622 0.8799663 0.4333198 0.5525806 0.7477225 0.3681926 0.55258 0.8051797 0.2152696 0.1939402 0.8799129 0.4337517 0.1939517 0.9477656 0.2532253 0.1942393 0.9477005 0.2532486 0.1946702 0.9477655 0.2526739 0.1947134 0.9787982 0.06356716 0.1943495 0.9788604 0.06372362 0.1943005 0.972483 -0.1285465 0.1942867 0.9724853 -0.1285504 0.1940882 0.972536 -0.1284661 0.1941068 0.9287043 -0.3159604 0.1946063 0.928582 -0.3160127 0.1945192 0.9286073 -0.3159919 0.1945084 0.8491446 -0.4910398 0.5524251 0.7216039 -0.4172703 0.5528112 0.7215176 -0.416908 0.1935204 0.8494983 -0.4908182 0.1935884 0.7369922 -0.6475847 0.1938451 0.7370725 -0.6474165 0.1940587 0.7370955 -0.6473265 0.1940328 0.5967349 -0.7786262 0.193925 0.5967478 -0.7786433 0.1936664 0.5970524 -0.7784741 0.1937404 0.4334542 -0.8801035 0.5523997 0.3683545 -0.7477764 0.5526503 0.368503 -0.7475181 0.1942575 0.4332323 -0.8800988 0.1941366 0.2538199 -0.9475687 0.1939929 0.2532697 -0.9477454 0.1937929 0.2533845 -0.9477556 0.1939178 0.06361585 -0.978953 0.1937153 -0.3159548 -0.9287879 0.1937401 -0.3159115 -0.9287976 0.1938572 -0.1285921 -0.9725655 0.1939286 -0.1286135 -0.9725484 0.1939433 0.06352192 -0.978954 0.1938227 0.06363213 -0.9789708 0.1936252 -0.4910081 -0.8493648 0.1936384 -0.4908942 -0.8494275 0.5525172 -0.4170779 -0.7216446 0.5525161 -0.55005 -0.6262356 0.1946194 -0.7786467 -0.596517 0.1935729 -0.7786577 -0.5968433 0.1936832 -0.6473585 -0.7371661 0.1936766 -0.6472573 -0.7372567 0.1943082 -0.6470389 -0.7372822 0.1942485 -0.4911524 -0.8491389 0.1947022 -0.8799604 -0.4333138 0.1946622 -0.8799663 -0.4333198 0.5525806 -0.7477225 -0.3681926 0.5525859 -0.8051883 -0.2152223 0.1939356 -0.8798922 -0.4337958 0.1939538 -0.9477758 -0.2531857 0.1942393 -0.9477005 -0.2532486 0.1946702 -0.9477655 -0.2526739 0.1947134 -0.9788004 -0.06353312 0.1943495 -0.9788603 -0.06372356 0.1943037 -0.9724988 0.1284216 0.1942859 -0.972481 0.128584 0.1940508 -0.9725495 0.1284203 0.1940701 -0.9287112 0.3159628 0.1946063 -0.928582 0.3160127 0.1945192 -0.9286073 0.3159919 0.1945084 -0.8491446 0.4910398 0.5524251 -0.7216039 0.4172703 0.5528302 -0.7215424 0.4168397 0.1935204 -0.8494983 0.4908182 0.1935884 -0.7369922 0.6475847 0.1938453 -0.7370895 0.6473972 0.1940253 -0.7370795 0.6473547 0.1940081 -0.5967379 0.7786301 0.193925 -0.5967478 0.7786433 0.1936961 -0.5970488 0.7784693 0.1937569 -0.4334528 0.8801006 0.5523997 -0.3683545 0.7477764 0.5526846 -0.3685258 0.7474815 0.1942436 -0.4332472 0.8800945 0.1940806 -0.2537271 0.947605 0.1939886 -0.2532614 0.9477485 0.1937746 -0.2533855 0.9477592 0.193916 -0.06361812 0.9789533 0.193817 -0.06363219 0.9789719 0.1939408 -0.06354093 0.9789534 0.1939327 0.1286134 0.9725475 0.1938576 0.128575 0.9725676 0.1937463 0.3159215 0.9287928 0.1936987 0.3159453 0.9287946 0.1936023 0.4910103 0.8493686 0 -0.5004128 -0.865787 0 -0.5003591 -0.865818 0 -0.500715 -0.8656123 0 -0.5007463 -0.8655942 0 -0.6595939 -0.7516222 0 -0.6599009 -0.7513527 0 -0.6596859 -0.7515415 0 -0.7938568 -0.6081049 0 -0.7938757 -0.60808 0 -0.8971166 -0.4417939 0 -0.8970737 -0.441881 0 -0.8969702 -0.442091 0 -0.8969397 -0.4421529 0 -0.9661232 -0.2580814 0 -0.9661113 -0.2581263 0 -0.9662781 -0.2575008 0 -0.9662799 -0.257494 0 -0.9978917 -0.06490033 0 -0.9978891 -0.064942 0 -0.991388 0.1309577 0 -0.9913886 0.1309531 0 -0.9913967 0.1308922 0 -0.9913901 0.1309419 0 -0.9466752 0.3221896 0 -0.9466917 0.3221411 0 -0.9466612 0.3222308 0 -0.9467052 0.3221014 0 -0.8658533 0.5002979 0 -0.8658462 0.5003104 0 -0.7511023 0.6601859 0 -0.7513595 0.6598932 0 -0.6083414 0.7936756 0 -0.6083018 0.7937059 0 -0.6085236 0.7935358 0 -0.6084884 0.7935628 0 -0.4416994 0.8971632 0 -0.2585741 0.9659914 0 -0.2586827 0.9659625 0 -0.2582805 0.9660701 0 -0.2582597 0.9660757 0 -0.0648666 0.9978941 0 -0.06487125 0.9978938 0 -0.06477338 0.9979 0 0.1310697 0.9913731 0 0.1310646 0.9913738 0 0.3220226 0.946732 0 0.3220106 0.946736 0 0.5004128 0.865787 0 0.5003966 0.8657964 0 0.500715 0.8656123 0 0.5007463 0.8655942 0 0.6595939 0.7516222 0 0.6595724 0.751641 0 0.6599009 0.7513527 0 0.7938568 0.6081049 0 0.7938757 0.60808 0 0.8971166 0.4417939 0 0.8970737 0.441881 0 0.8969702 0.442091 0 0.8969397 0.4421529 0 0.9661232 0.2580814 0 0.9661113 0.2581263 0 0.9662781 0.2575008 0 0.9662799 0.257494 0 0.9978892 0.06493949 0 0.9978891 0.064942 0 0.991388 -0.1309577 0 0.9913886 -0.1309531 0 0.9913896 -0.1309454 0 0.9913901 -0.1309419 0 0.9466752 -0.3221896 0 0.9466917 -0.3221411 0 0.9466612 -0.3222308 0 0.9467052 -0.3221014 0 0.8658533 -0.5002979 0 0.8658462 -0.5003104 0 0.7511023 -0.6601859 0 0.7513595 -0.6598932 0 0.6083414 -0.7936756 0 0.6083018 -0.7937059 0 0.6085236 -0.7935358 0 0.6085407 -0.7935228 0 0.4416838 -0.8971708 0 0.2586827 -0.9659625 0 0.2582805 -0.9660701 0 0.2582597 -0.9660757 0 0.0648666 -0.9978941 0 0.06487125 -0.9978938 0 0.06477338 -0.9979 0 -0.1310697 -0.9913731 0 -0.1310646 -0.9913738 0 -0.3220226 -0.946732 1 -1.19874e-5 0 1 3.59581e-5 0 1 1.19866e-5 0 1 -1.19852e-5 0 1 2.3975e-5 0 1 -4.79483e-5 0 1 2.99635e-6 0 1 -1.19867e-5 0 1 2.39701e-5 0 1 -4.79436e-5 0 1 2.39746e-5 0 -0.193602 -0.7369487 0.6476302 -0.1935963 -0.8492174 0.4912743 -0.1943413 -0.9788723 -0.06356614 -0.1940506 0.9286878 -0.3160437 -0.1936059 0.4909814 0.8493846 -0.1943105 0.6470493 0.7372725 -0.193646 0.6472443 0.7372761 -0.1937241 0.6475425 0.7369937 -0.1936022 0.7788577 0.5965726 -0.1951069 0.8797028 0.4336547 -0.1939303 0.8800963 0.4333838 -0.1939517 0.9477656 0.2532253 -0.1942959 0.9476692 0.2533224 -0.1940178 0.9725451 -0.1285041 -0.194319 0.972494 -0.1284354 -0.1943485 0.9724692 -0.1285783 -0.1943579 0.9788663 0.06360578 -0.1946544 0.9788036 0.06366652 -0.1946702 0.9477655 0.2526739 -0.1944614 0.8493956 -0.4906243 -0.1935513 0.8492935 -0.4911602 -0.1936013 0.7369488 -0.6476303 -0.1940411 0.59676 -0.7786049 -0.1939619 0.5967269 -0.77865 -0.1939936 0.2532617 -0.9477474 -0.1941366 0.2538199 -0.9475687 -0.1942483 0.4334099 -0.8800135 -0.1937301 0.4334037 -0.8801307 -0.1936877 0.5969299 -0.7785627 -0.1938688 0.06361019 -0.978963 -0.1939098 0.06362688 -0.9789538 -0.1937891 0.2534558 -0.9477373 -0.1937114 -0.3159133 -0.9288029 -0.1937444 -0.3159529 -0.9287825 -0.1938608 -0.1286153 -0.9725616 -0.1939263 -0.1285733 -0.9725541 -0.1939431 0.06354087 -0.9789529 -0.1935764 -0.778849 -0.5965924 -0.1936966 -0.6473029 -0.7372114 -0.1936766 -0.6472573 -0.7372567 -0.194306 -0.6470499 -0.7372732 -0.1942396 -0.4908348 -0.8493247 -0.1931335 -0.4912626 -0.8493295 -0.1936252 -0.4910081 -0.8493648 -0.1951069 -0.8797028 -0.4336547 -0.1939274 -0.8800833 -0.4334116 -0.1939538 -0.9477758 -0.2531857 -0.1942959 -0.9476692 -0.2533224 -0.19467 -0.9477655 -0.2526739 -0.194654 -0.9788036 -0.06366652 -0.1944813 -0.8493618 0.4906747 -0.1945075 -0.9286161 0.3159733 -0.1944751 -0.9286457 0.3159063 -0.1940082 -0.9286993 0.3160355 -0.1939799 -0.9725525 0.1285051 -0.1943331 -0.9724912 0.128435 -0.1943517 -0.9724851 0.1284534 -0.1940166 -0.596763 0.7786088 -0.1939516 -0.5967282 0.7786516 -0.1939893 -0.2532534 0.9477505 -0.1940806 -0.2537271 0.947605 -0.1942377 -0.4334243 0.8800086 -0.1937446 -0.4334024 0.880128 -0.1937178 -0.5969262 0.778558 -0.1938616 -0.06361025 0.9789645 -0.1939181 -0.06363087 0.9789519 -0.1937708 -0.2534567 0.9477409 -0.1937052 0.3159241 0.9288005 -0.1937403 0.3159426 0.9287868 -0.1938587 0.1286153 0.972562 -0.1939326 0.1285731 0.9725529 -0.1939408 -0.06354093 0.9789534 -0.5532621 0.4167993 0.7212347 -0.1942347 0.4908077 0.8493415 -0.1931439 0.4912891 0.8493118 -0.5532298 0.5496234 0.62598 -0.5532053 0.549661 0.6259686 -0.553053 0.5492231 0.6264873 -0.5530744 0.4170593 0.7212283 -0.553211 0.6613226 0.506567 -0.5529086 0.661297 0.5069304 -0.1946021 0.778481 0.5967391 -0.1946941 0.8799241 0.4333912 -0.5532274 0.6610136 0.5069522 -0.553211 0.7473602 0.3679814 -0.5532985 0.7472617 0.3680502 -0.5531648 0.7475439 0.3676778 -0.5532215 0.8047765 0.2151297 -0.552784 0.8051012 0.2150395 -0.5529661 0.8314247 0.0544219 -0.5532148 0.8312871 0.05399256 -0.5532279 0.8312758 0.05403292 -0.553282 0.8258076 -0.1091833 -0.5526607 0.8261841 -0.1094821 -0.5527727 0.8261351 -0.1092858 -0.5527166 0.7889967 -0.2683068 -0.1944739 0.928653 -0.3158856 -0.1945192 0.9286073 -0.3159919 -0.553341 0.7211368 -0.416864 -0.5532495 0.7211206 -0.4170134 -0.5529373 0.7236283 -0.4130648 -0.552658 0.7890053 -0.268402 -0.5533114 0.6258405 -0.5497002 -0.5530613 0.6260256 -0.5497411 -0.1938256 0.7371349 -0.6473513 -0.1940618 0.7370858 -0.6473365 -0.5535348 0.6260551 -0.5492306 -0.5534542 0.5066093 -0.6610867 -0.5533722 0.5066838 -0.6610981 -0.5534228 0.5068988 -0.660891 -0.5534232 0.3679788 -0.7472044 -0.5532109 0.3680658 -0.7473187 -0.5531858 0.2150693 -0.8048172 -0.5531931 0.2151377 -0.804794 -0.5533508 0.2151871 -0.8046724 -0.5532704 0.0540331 -0.8312475 -0.5531471 0.05394434 -0.8313353 -0.5532296 0.0540865 -0.8312711 -0.5532207 -0.1091505 -0.825853 -0.5532659 -0.1091884 -0.8258177 -0.5533513 -0.2682749 -0.7885625 -0.5532556 -0.2682711 -0.7886311 -0.5532787 -0.4166619 -0.7213014 -0.5532526 -0.4168977 -0.7211851 -0.5531137 -0.4170139 -0.7212245 -0.5530516 -0.5497369 -0.6260378 -0.5531182 -0.5496683 -0.6260392 -0.5532428 -0.5493552 -0.626204 -0.5533624 -0.6609647 -0.5068686 -0.1946002 -0.7784647 -0.5967608 -0.1947022 -0.8799604 -0.4333138 -0.5531747 -0.6612179 -0.5067432 -0.553213 -0.7477032 -0.3672811 -0.5528545 -0.7475797 -0.3680714 -0.5532953 -0.7471683 -0.3682444 -0.5532215 -0.8047765 -0.2151297 -0.5526059 -0.8052448 -0.2149599 -0.5530402 -0.8048879 -0.2151793 -0.5529078 -0.831497 -0.05390352 -0.5526939 -0.8316325 -0.05400943 -0.5530632 -0.8310968 -0.05830252 -0.553284 -0.8258107 0.1091494 -0.5528628 -0.8260606 0.1093919 -0.5527682 -0.788983 0.2682409 -0.5528082 -0.7889392 0.2682873 -0.5525944 -0.7890492 0.2684044 -0.552663 -0.7214919 0.4171489 -0.5532071 -0.7211914 0.4169471 -0.5533787 -0.7213007 0.4165303 -0.5533865 -0.6258803 0.5495793 -0.1938257 -0.7371519 0.647332 -0.194028 -0.7370699 0.6473648 -0.5535538 -0.6258217 0.5494774 -0.5534065 -0.5066204 0.661118 -0.5534406 -0.506621 0.661089 -0.5534409 -0.5067282 0.6610067 -0.5534303 -0.3679835 0.7471969 -0.5528811 -0.3679765 0.7476067 -0.5532329 -0.3680818 0.7472946 -0.5532089 -0.2151213 0.8047875 -0.5532484 -0.215076 0.8047724 -0.5533243 -0.2153753 0.8046402 -0.5532862 -0.05403465 0.8312369 -0.5532431 -0.05400544 0.8312675 -0.5532147 0.1091583 0.825856 -0.553276 0.1092129 0.8258077 -0.553266 0.1091801 0.8258187 -0.5533438 0.2682713 0.7885692 -0.5533565 0.2681617 0.7885976 -0.5532223 0.2684794 0.7885835 0.001536071 -0.09290856 -0.9956735 -6.70027e-4 0.2582853 -0.9660685 0.001871049 0.1791406 -0.9838218 -9.37105e-4 0.06477487 -0.9978995 -9.37126e-4 0.06490206 -0.9978913 -6.70048e-4 0.2581927 -0.9660933 0.001037955 0.4417713 -0.8971271 8.33055e-4 0.4379835 -0.8989827 -5.6295e-4 0.6085455 -0.7935187 -5.62921e-4 0.6082385 -0.7937542 0.00183624 0.6641972 -0.7475552 -9.72344e-4 0.7516784 -0.6595292 -9.7235e-4 0.7511993 -0.6600748 0.001634418 0.8413226 -0.540531 -1.58964e-4 0.8657199 -0.5005288 -1.54337e-4 0.9559574 -0.2935054 0.01200664 0.8682854 -0.4959197 0.001838982 0.9467278 -0.3220296 -7.49216e-4 0.9978958 0.06483447 0.001901209 0.9996932 -0.02469897 -8.91638e-4 0.9913347 -0.1313574 -8.91632e-4 0.9913589 -0.1311746 -7.49212e-4 0.997864 0.06532102 0.001292645 0.9661085 0.2581335 6.49691e-4 0.9693265 0.2457759 -4.40724e-4 0.897216 0.4415919 -4.40746e-4 0.8971239 0.4417791 0.001782476 0.8670719 0.4981799 -9.89672e-4 0.7934749 0.6086022 -9.89675e-4 0.793846 0.6081181 0.001712739 0.7003771 0.7137711 -3.10641e-4 0.6597939 0.7514466 -3.03512e-4 0.4819443 0.8762019 0.01164311 0.6590293 0.7520272 0.001550734 0.5004494 0.8657645 -8.31574e-4 0.1310863 0.9913706 0.001901507 0.2276229 0.9737476 -8.33484e-4 0.3220584 0.9467195 -8.33398e-4 0.3221445 0.9466902 -8.31613e-4 0.1309917 0.9913831 0.001557767 -0.0648244 0.9978955 4.46148e-4 -0.04352706 0.9990522 -3.11757e-4 -0.2588565 0.9659157 -3.11699e-4 -0.2582103 0.9660887 0.001716434 -0.3114235 0.9502698 -4.46313e-4 -0.6083176 0.7936937 0.001783609 -0.5562379 0.8310213 -9.82077e-4 -0.4416317 0.8971959 -9.82078e-4 -0.4419251 0.8970515 -4.46259e-4 -0.6081151 0.7938487 5.79455e-4 -0.7514705 0.6597665 0.001163661 -0.7599335 0.6499998 -8.91386e-4 -0.9466879 0.3221511 0.001891434 -0.9070418 0.4210364 -7.55012e-4 -0.8657689 0.5004435 -7.55031e-4 -0.8660184 0.5000115 -8.91403e-4 -0.9467836 0.3218699 0.001835286 -0.9913489 0.1312403 2.39627e-4 -0.9870221 0.1605846 -1.63042e-4 -0.9975352 -0.07016932 -1.63042e-4 -0.9979032 -0.06472504 0.001630246 -0.9937786 -0.1113621 -5.61691e-4 -0.8970378 -0.4419535 0.001837074 -0.9267331 -0.3757161 -9.70792e-4 -0.9661213 -0.2580866 -9.70769e-4 -0.9660773 -0.2582516 -5.61705e-4 -0.8975393 -0.4409343 8.10007e-4 -0.7936655 -0.6083538 0.000999987 -0.7911889 -0.6115712 -6.73473e-4 -0.6595006 -0.7517038 -6.73544e-4 -0.6597797 -0.7514588 0.001866936 -0.5967195 -0.8024478 -9.39033e-4 -0.5004986 -0.8657369 -9.39103e-4 -0.5003753 -0.8658081 0.001532614 -0.3581267 -0.9336718 0 -0.3220763 -0.9467138 0 -0.131065 -0.9913738 1 1.8248e-6 0 1 -4.38161e-6 0 1 2.52401e-6 0 1 4.25051e-6 0 1 3.24617e-6 0 1 1.26835e-6 0 1 -1.26835e-6 0 1 -3.24617e-6 0 1 1.52118e-6 0 1 -4.03083e-6 0 1 -1.22689e-6 0 1 -3.487e-7 0 1 3.94069e-6 0 1 6.07065e-6 0 1 -1.81995e-6 0 1 -1.52118e-6 0 1 2.62909e-6 0 1 -2.03633e-6 0 1 1.22689e-6 0 1 1.36772e-6 0 1 -1.65972e-6 0 1 2.52629e-7 0 1 1.65972e-6 0 1 -1.36772e-6 0 0 0.19509 0.9807854 0 0.5555568 0.8314786 0 0.5555558 0.8314793 0 0.8314743 0.5555635 0 0.8314844 0.5555481 0 0.980785 0.195092 0 0.9807854 0.19509 0 -0.9807854 0.19509 0 -0.980785 0.195092 0 -0.8314743 0.5555635 0 -0.8314844 0.5555481 0 -0.5555558 0.8314793 0 -0.5555568 0.8314786 0 -0.19509 0.9807854 0 -0.0804677 -0.9967573 0 -0.2393096 -0.9709434 0 -0.2393096 -0.9709434 0 -0.3919713 -0.9199775 0 -0.3919715 -0.9199774 0 -0.5344792 -0.8451818 0 -0.5344603 -0.8451938 0 -0.6631345 -0.7485004 0 -0.6631194 -0.7485136 0 -0.7746018 -0.6324493 0 -0.7746117 -0.6324372 0 -0.8660281 -0.4999952 0 -0.8660286 -0.4999946 0 -0.9350195 -0.3545966 0 -0.9350127 -0.3546143 0 -0.9797911 -0.2000239 0 -0.9797912 -0.2000231 0 -0.9991891 -0.04026281 0 -0.9927091 0.1205361 0 -0.9927092 0.1205345 0 -0.9605181 0.2782179 0 -0.9605178 0.2782186 0 -0.9034488 0.4286961 0 -0.9034491 0.4286954 0 -0.8229836 0.5680652 0 -0.822984 0.5680646 0 -0.7211974 0.6927297 0 -0.721197 0.6927301 0 -0.6007449 0.7994409 0 -0.6007447 0.7994411 0 -0.4647355 0.8854496 0 -0.4647145 0.8854607 0 -0.3166711 0.9485355 0 -0.3166709 0.9485356 0 -0.1604071 0.987051 0 -0.1604071 0.987051 0 0.1604071 0.987051 0 0.1604071 0.987051 0 0.316671 0.9485355 0 0.316671 0.9485356 0 0.4647355 0.8854496 0 0.4647145 0.8854607 0 0.6007447 0.7994411 0 0.6007449 0.7994409 0 0.721197 0.6927301 0 0.7211974 0.6927297 0 0.822984 0.5680646 0 0.8229836 0.5680652 0 0.9034491 0.4286954 0 0.9034488 0.4286961 0 0.9605178 0.2782186 0 0.9605181 0.2782179 0 0.9927092 0.1205345 0 0.9927091 0.1205361 0 0.9991891 -0.04026281 0 0.9797911 -0.2000239 0 0.9797912 -0.2000231 0 0.9350195 -0.3545966 0 0.9350127 -0.3546143 0 0.8660286 -0.4999946 0 0.8660281 -0.4999952 0 0.7746011 -0.6324504 0 0.7746125 -0.6324362 0 0.6631345 -0.7485004 0 0.6631194 -0.7485136 0 0.5344794 -0.8451817 0 0.53446 -0.8451938 0 0.3919715 -0.9199774 0 0.3919713 -0.9199775 0 0.2393096 -0.9709434 0 0.2393096 -0.9709434 0 0.08047103 -0.996757 0 0.0804677 -0.9967573 0 -0.08047103 -0.996757 -1 -1.02602e-6 0 -1 3.47293e-7 0 -1 7.01845e-7 0 -1 8.41337e-7 0 -1 -2.74455e-6 0 -1 -1.36772e-6 0 -1 -7.98998e-7 0 -1 5.05257e-7 0 -1 4.03083e-6 0 -1 8.25866e-7 0 -1 1.90484e-6 0 -1 2.21296e-6 0 -1 1.36772e-6 0 -1 -6.07065e-6 0 -1 1.81995e-6 0 -1 -1.90484e-6 0 -1 1.52118e-6 0 -1 3.24617e-6 0 -1 3.80506e-6 0 -1 5.2124e-6 0 -1 -2.62909e-6 0 -1 1.22689e-6 0 -1 -5.07341e-6 0 -1 -3.24617e-6 0 -1 -4.03083e-6 0 -1 -1.22689e-6 0 -1 1.0461e-6 0 -1 -5.2124e-6 0 1 0 0 1 0 0 1 0 0 1 0 0 1 0 0 1 0 0 1 0 0 1 0 0 1 0 0 1 0 0 1 0 0 1 0 0 1 0 0 1 0 0 1 0 0 1 0 0 1 0 0 1 0 0 1 0 0 1 0 0 1 0 0 1 0 0 1 0 0 1 0 0 1 0 0 1 0 0 1 0 0 1 0 0 1 0 0 1 0 0 0 -0.9967572 -0.08046799 0 -0.970942 -0.2393151 0 -0.9709417 -0.2393165 0 -0.9199802 -0.3919647 0 -0.9199808 -0.3919636 0 -0.8451877 -0.5344698 0 -0.845187 -0.5344709 0 -0.7485167 -0.663116 0 -0.7485171 -0.6631155 0 -0.6324403 -0.7746091 0 -0.6324406 -0.7746089 0 -0.499996 -0.8660278 0 -0.4999963 -0.8660275 0 -0.354611 -0.935014 0 -0.3546108 -0.935014 0 -0.2000257 -0.9797906 0 -0.2000257 -0.9797908 0 -0.04026293 -0.9991892 0 0.1205376 -0.9927088 0 0.1205376 -0.9927088 0 0.2782196 -0.9605175 0 0.2782198 -0.9605175 0 0.4286915 -0.903451 0 0.4286913 -0.9034511 0 0.5680646 -0.822984 0 0.5680643 -0.8229842 0 0.6927198 -0.7212069 0 0.6927206 -0.7212061 0 0.7994443 -0.6007404 0 0.7994439 -0.600741 0 0.8854557 -0.464724 0 0.8854557 -0.464724 0 0.9485369 -0.3166667 0 0.9485365 -0.316668 0 0.9870502 -0.1604115 0 0.9870502 0.1604115 0 0.9485365 0.316668 0 0.9485369 0.3166667 0 0.8854557 0.464724 0 0.8854557 0.464724 0 0.7994439 0.6007409 0 0.7994441 0.6007405 0 0.6927205 0.7212062 0 0.6927198 0.7212068 0 0.5680643 0.8229843 0 0.5680646 0.8229839 0 0.4286913 0.9034511 0 0.4286915 0.903451 0 0.2782198 0.9605175 0 0.2782197 0.9605175 0 0.1205376 0.9927088 0 0.1205376 0.9927088 0 -0.04026293 0.9991892 0 -0.04026293 0.9991892 0 -0.2000257 0.9797906 0 -0.2000257 0.9797906 0 -0.3546108 0.935014 0 -0.354611 0.935014 0 -0.4999963 0.8660277 0 -0.499996 0.8660277 0 -0.6324407 0.7746088 0 -0.6324403 0.7746092 0 -0.748517 0.6631156 0 -0.7485167 0.663116 0 -0.8451871 0.5344708 0 -0.8451877 0.5344699 0 -0.9199808 0.3919636 0 -0.9199802 0.3919647 0 -0.9709417 0.2393164 0 -0.970942 0.2393151 0 -0.9967572 0.08046799 0 -0.9967571 0.08046942 0 -0.9967571 -0.08046942 0 0.9963975 0.08480638 0 0.9963974 0.08480709 0 0.967733 0.2519778 0 0.9112282 0.411902 0 0.9112279 0.4119026 0 0.8285072 0.5599786 0 0.8285075 0.5599781 0 0.7219613 0.6919336 0 0.7219612 0.6919336 0 0.5946341 0.8039966 0 0.5946341 0.8039965 0 0.4502024 0.8929266 0 0.4502023 0.8929267 0 0.2928161 0.9561688 0 0.2928161 0.9561688 0 0.1270186 0.9919003 0 0.1270186 0.9919004 0 -0.04243922 0.9990991 0 -0.04243922 0.9990991 0 -0.2106775 0.9775556 0 -0.2106775 0.9775556 0 -0.3728545 0.9278898 0 -0.3728544 0.92789 0 -0.5243109 0.851527 0 -0.5243112 0.8515269 0 -0.6606733 0.7506737 0 -0.6606739 0.750673 0 -0.7780315 0.6282255 0 -0.7780314 0.6282255 0 -0.8730171 0.4876896 0 -0.8730178 0.4876886 0 -0.9428757 0.3331448 0 -0.942876 0.3331441 0 -0.9856157 0.1690023 0 -0.9856159 0.1690016 0 -0.9856159 -0.1690016 0 -0.9856157 -0.1690023 0 -0.942876 -0.3331441 0 -0.9428757 -0.3331447 0 -0.8730177 -0.4876885 0 -0.8730171 -0.4876897 0 -0.7780315 -0.6282255 0 -0.7780314 -0.6282255 0 -0.660674 -0.7506729 0 -0.6606732 -0.7506738 0 -0.5243112 -0.8515267 0 -0.5243108 -0.851527 0 -0.3728544 -0.92789 0 -0.3728545 -0.9278898 0 -0.2106775 -0.9775556 0 -0.2106775 -0.9775556 0 -0.04243922 -0.9990991 0 -0.04243922 -0.9990991 0 0.1270186 -0.9919003 0 0.1270186 -0.9919004 0 0.2928161 -0.9561688 0 0.2928162 -0.9561688 0 0.4502022 -0.8929266 0 0.4502024 -0.8929266 0 0.5946341 -0.8039966 0 0.5946341 -0.8039965 0 0.7219613 -0.6919336 0 0.7219612 -0.6919336 0 0.8285075 -0.5599781 0 0.8285072 -0.5599786 0 0.9112279 -0.4119026 0 0.9112282 -0.411902 0 0.967733 -0.2519778 0 0.9963974 -0.08480709 0 0.9963974 -0.08480638 -1 0 0 -1 0 0 -1 0 0 -1 0 0 -1 0 0 -1 0 0 -1 0 0 -1 0 0 -1 0 0 -1 0 0 -1 0 0 -1 0 0 -1 0 0 -1 0 0 -1 0 0 -1 0 0 -1 0 0 -1 0 0 -1 0 0 -1 0 0 -1 0 0 -1 0 0 -1 0 0 -1 0 0 -1 0 0 -0.8651661 0.1459608 -0.4797741 -0.8632562 -0.4688473 -0.1870056 -0.8652616 -0.4740802 0.1630041 -0.8631447 -0.4256392 0.271685 -0.8654518 -0.2836304 0.4129734 -0.8651732 -0.145962 0.479761 -0.8632563 0.4688504 0.1869971 -0.8652565 0.474083 -0.1630235 -0.8651866 0.3495264 -0.3595603 -0.8654469 0.2837148 -0.4129257 -0.8631484 0.4256404 -0.2716712 -0.8930457 0.449582 0.01859194 -0.8633915 0.5035716 0.03115844 -0.8654813 0.4937008 -0.08486366 -0.8632702 0.3903806 0.3199494 -0.8652608 0.08614015 0.493866 -0.8643386 0.189704 0.4657588 -0.8631594 -0.03201532 0.5039156 -0.9064961 0.2031849 0.370109 -0.8625435 0.2617706 0.4330071 -0.8654555 -0.2240546 0.4480918 -0.8651914 -0.349526 0.3595492 -0.8930431 -0.4495874 -0.01857811 -0.8633925 -0.5035699 -0.03115838 -0.8654801 -0.4936997 0.08488208 -0.8632716 -0.3903788 -0.319948 -0.8652765 -0.08614176 -0.4938384 -0.864324 -0.1897008 -0.4657871 -0.8631552 0.03201514 -0.5039229 -0.9064844 -0.2031939 -0.3701328 -0.8625478 -0.2617707 -0.4329984 -0.8654487 0.2240391 -0.4481129 0 0.009507894 -0.9999548 0 0.009426593 -0.9999557 1.52575e-5 0.00955522 -0.9999544 4.12342e-6 0.009514868 -0.9999548 -4.33214e-7 0.009503304 -0.9999549 4.49505e-6 0.009495735 -0.9999549 0 0.009509086 -0.9999548 0 0.8709992 -0.4912845 0 0.87077 -0.4916905 5.22369e-6 0.8707828 -0.491668 -7.39562e-5 0.8706615 -0.4918829 4.3893e-5 0.8707685 -0.4916934 -8.3619e-5 0.8708984 -0.4914632 1.13007e-4 0.8705685 -0.4920472 0 0.8612681 0.5081508 -2.75878e-5 0.8613336 0.50804 3.8956e-5 0.8612618 0.5081616 -3.7393e-5 0.8611837 0.5082939 0 0.8612738 0.5081412 0 -0.009509027 0.9999548 0 -0.009425759 0.9999557 1.49461e-5 -0.00955522 0.9999544 4.42904e-6 -0.009515225 0.9999548 -3.46573e-7 -0.009503364 0.9999549 4.49502e-6 -0.009495735 0.9999549 1.4524e-7 -0.009508669 0.9999549 0 -0.8710216 0.4912447 0 -0.8707659 0.4916977 1.42201e-5 -0.8707828 0.491668 -6.17975e-5 -0.8706636 0.4918789 4.62106e-5 -0.8707637 0.4917019 -7.53608e-5 -0.870882 0.4914925 1.1062e-4 -0.8705892 0.4920107 0 -0.8612922 -0.5081101 -2.46517e-5 -0.86132 -0.5080629 4.31691e-5 -0.8612594 -0.5081657 -3.14829e-5 -0.8611972 -0.508271 0 -0.8612604 -0.5081641 -1 -3.19146e-5 0 -1 -3.19135e-5 0 -1 -6.98099e-6 0 -1 -7.97865e-6 0 -1 -9.07906e-7 0 -1 1.54677e-5 0 -1 3.19133e-5 0 -1 -7.97808e-6 0 -1 9.079e-7 0 -1 -1.54676e-5 0 -1 -1.45273e-5 0 -1 -1.45912e-5 0 -1 1.54683e-5 0 -1 1.45269e-5 0 -1 -1.54683e-5 0 -1 2.48556e-5 0 -1 -2.31998e-5 0 -1 2.79255e-5 0 -1 7.73362e-6 0 -1 -1.45258e-5 0 -1 4.33264e-6 0 -1 2.31999e-5 0 -0.07510536 -0.8310213 -0.5511471 0 -0.8866631 -0.4624159 0 -0.9481027 -0.3179644 0 -0.9480996 -0.3179737 0 -0.9934686 -0.1141065 0 -0.9934703 -0.1140909 0 -0.9954643 0.09513604 0 -0.9954637 0.09514206 0 -0.9539731 0.2998924 0 -0.9539788 0.2998743 0 -0.8707581 0.4917116 0 -0.8707361 0.4917507 0 -0.7494795 0.6620276 0 -0.7494874 0.6620187 0 -0.5954394 0.8034003 0 -0.595419 0.8034154 0 -0.4153673 0.9096539 0 -0.2171834 0.9761309 0 -0.2171984 0.9761275 0 -0.009498178 0.9999549 0 -0.009498655 0.9999549 0 0.1985704 0.9800866 0 0.1985735 0.980086 0 0.3980261 0.9173742 0 0.3980394 0.9173684 0 0.5800794 0.81456 0 0.7367837 0.6761286 0 0.8612042 0.5082592 0 0.8612275 0.5082197 0 0.9481027 0.3179644 0 0.9480996 0.3179737 0 0.9934686 0.1141065 0 0.9934703 0.1140909 0 0.9954643 -0.09513604 0 0.9954637 -0.09514206 0 0.9539731 -0.2998924 0 0.9539788 -0.2998743 0 0.8707581 -0.4917116 0 0.8707361 -0.4917507 0 0.7494795 -0.6620276 0 0.7494874 -0.6620187 0 0.5954394 -0.8034003 0 0.595419 -0.8034154 0 0.4153673 -0.9096539 0 0.2171834 -0.9761309 0 0.2171984 -0.9761275 0 0.009498178 -0.9999549 0 0.009498655 -0.9999549 0 -0.1985704 -0.9800866 0 -0.3980318 -0.9173716 0 -0.3980394 -0.9173684 0 -0.5800719 -0.8145654 0 -0.5800794 -0.81456 0 -0.7367916 -0.6761201 0 -0.7367758 -0.6761372 0 -0.8612275 -0.5082197 0.7072241 0.6043187 -0.3669238 0.7041468 0.5321751 -0.4700713 0.707156 0.6038965 -0.3677492 0.7037535 0.6186131 -0.3493547 0.7077998 0.6636818 -0.2419629 0.7078096 0.6634683 -0.2425192 0.7034296 0.6780506 -0.213153 0.7083478 0.6975333 -0.1081239 0.7083701 0.6974306 -0.108639 0.7031511 0.7078152 -0.06764817 0.708751 0.7048108 0.03022867 0.7087579 0.7048187 0.02988266 0.7029833 0.7065615 0.0811513 0.7089991 0.6853464 0.1661943 0.7089796 0.6851698 0.1670039 0.7028698 0.6744015 0.2261786 0.7091501 0.6394429 0.2970167 0.709164 0.6395444 0.2967649 0.7028121 0.6126483 0.3615486 0.7091367 0.5691089 0.4162214 0.7069937 0.4102337 0.5760802 0.6968488 0.372987 0.6126031 0.7089858 0.4770879 0.519352 0.7071416 0.5209558 0.478075 0.6949043 0.4866377 0.5294259 0.709123 0.5691456 0.4161945 0.70649 0.1405303 0.6936303 0.7002924 0.1095741 0.7053964 0.7083336 0.242267 0.663001 0.7067833 0.281593 0.6489705 0.6986413 0.2456475 0.6719805 0.7087734 0.3666877 0.6026445 0.7056941 -0.1538932 0.6916015 0.7031223 -0.1680595 0.6909233 0.7071119 -0.03012067 0.7064599 0.7061398 -0.00671184 0.7080407 0.7017664 -0.03004455 0.7117734 0.70786 0.1083691 0.6979903 0.7046371 -0.4225083 0.5700644 0.7054312 -0.4182621 0.5722095 0.705186 -0.2945298 0.6449534 0.7043415 -0.2990726 0.6437846 0.7064638 -0.1666603 0.6878468 0.7041523 -0.5321782 0.4700595 0.7063837 -0.5211178 0.4790183 0.7062324 -0.5219091 0.4783793 0.7037554 -0.6186147 0.3493484 0.7071595 -0.6039035 0.367731 0.7071631 -0.6041373 0.3673399 0.7034296 -0.6780506 0.213153 0.7078178 -0.6634585 0.242522 0.7078126 -0.6636666 0.241967 0.7031511 -0.7078152 0.06764817 0.7083672 -0.6974278 0.1086767 0.7083519 -0.6975373 0.1080721 0.7029826 -0.7065628 -0.08114421 0.7087582 -0.7048192 -0.02986174 0.7087514 -0.7048086 -0.03027057 0.7028671 -0.6744043 -0.2261784 0.708978 -0.6851714 -0.1670043 0.7089889 -0.6853495 -0.1662257 0.7086595 -0.5879914 -0.3899588 0.7054608 -0.5723157 -0.4180667 0.7066521 -0.6273784 -0.3271686 0.7091584 -0.6393696 -0.2971548 0.7091548 -0.6394246 -0.2970451 0.7070016 -0.4102359 -0.5760689 0.696831 -0.3729771 -0.6126294 0.7090201 -0.4770992 -0.5192945 0.7071344 -0.5209504 -0.4780916 0.6949099 -0.4866458 -0.5294111 0.7091327 -0.5691519 -0.4161692 0.7064888 -0.1405292 -0.6936319 0.7003013 -0.1095754 -0.7053874 0.7083314 -0.2422339 -0.6630154 0.7067804 -0.2815942 -0.6489732 0.6986392 -0.2456545 -0.6719801 0.708762 -0.3666936 -0.6026543 0.7056907 0.1538925 -0.6916053 0.7031297 0.1680613 -0.6909155 0.7071457 0.03011924 -0.7064262 0.7061327 0.006711781 -0.7080478 0.7017775 0.03004544 -0.7117624 0.70786 -0.1083691 -0.6979903 0.7063878 0.5211004 -0.4790311 0.7063749 0.5220144 -0.4780539 0.7046342 0.4225066 -0.5700692 0.7054255 0.4182587 -0.572219 0.705186 0.2945298 -0.6449534 0.7043479 0.2990754 -0.6437764 0.7064638 0.1666603 -0.6878468 0.5526474 -0.1966369 0.8098857 0.5526019 -0.03515911 0.8327034 0.5525926 -0.03520625 0.8327077 0.5526064 -0.03520482 0.8326986 0.5526797 0.2861142 0.7827414 0.5526296 0.2859716 0.7828287 0.552579 0.1279855 0.8235753 0.5526254 0.1279907 0.8235433 0.5525282 0.1278726 0.823627 0.5526928 0.563895 0.6136394 0.5529618 0.4332578 0.711703 0.5527458 0.4332793 0.7118576 0.552767 0.5638247 0.613637 0.5529789 0.5638867 0.613389 0.5525928 0.8097417 0.1973819 0.5525523 0.7559433 0.3510495 0.5526875 0.7557893 0.3511684 0.5532417 0.7556485 0.3505981 0.5532533 0.6724415 0.4916639 0.5526508 0.6727553 0.4919121 0.5526921 0.6727204 0.4919136 0.5524495 0.8327999 0.0352692 0.5526765 0.8326503 0.03524667 0.5527157 0.7827304 -0.2860745 0.5528185 0.8234745 -0.1275988 0.552596 0.8235536 -0.1280516 0.5529677 0.8232829 -0.1281881 0.5530025 0.8324159 0.03566646 0.5527334 0.7117887 -0.4334083 0.5525838 0.7118429 -0.4335098 0.5526113 0.6136174 -0.5639986 0.5528427 0.6134021 -0.5640061 0.5529313 0.7122084 -0.4324654 0.5525049 0.1969539 -0.8099059 0.5526326 0.1967564 -0.8098668 0.5523903 0.351257 -0.7559653 0.5525592 0.3510191 -0.7559523 0.5524981 0.4919485 -0.6728541 0.552808 0.4917131 -0.6727716 0.5529074 0.6143521 -0.5629076 0.5526015 0.03515839 -0.8327038 0.552586 0.03520643 -0.8327121 0.5527226 -0.2861189 -0.7827093 0.5526016 -0.2859181 -0.782868 0.5525934 -0.1279918 -0.8235647 0.5525883 -0.1279851 -0.8235691 0.5526339 -0.1278995 -0.8235519 0.5526986 -0.5639009 -0.6136287 0.5529338 -0.4332675 -0.7117187 0.5527451 -0.4332872 -0.7118533 0.5527638 -0.5638056 -0.6136575 0.5530028 -0.5638759 -0.6133773 0.5526406 -0.8097046 -0.1974003 0.5525988 -0.7559019 -0.3510656 0.5526811 -0.7558127 -0.351128 0.5525331 -0.7558622 -0.3512543 0.5526075 -0.6727792 -0.4919279 0.5531556 -0.6727355 -0.4913716 0.5526921 -0.6727204 -0.4919136 0.5524765 -0.8327832 -0.03524374 0.5526762 -0.8326497 -0.03526377 0.5527189 -0.7827351 0.2860556 0.5528142 -0.823468 0.1276598 0.5525948 -0.8235518 0.1280685 0.5529677 -0.8232829 0.1281881 0.5530025 -0.8324159 -0.03566646 0.5527111 -0.7118182 0.4333882 0.5526544 -0.7118029 0.4334855 0.5525874 -0.6136632 0.5639724 0.5528315 -0.6134253 0.563992 0.5528475 -0.7119804 0.4329476 0.5523903 -0.351257 0.7559653 0.5525662 -0.3510235 0.7559453 0.5524942 -0.4919337 0.6728681 0.552775 -0.491726 0.6727892 0.5526349 -0.614114 0.5634347 0.1940928 -0.2317924 0.9532054 0.5526347 -0.1969701 0.8098134 0.5525048 -0.196954 0.809906 0.1938267 0.1505517 0.969415 0.1940453 0.1506311 0.9693589 0.1938771 -0.04139602 0.9801521 0.1938595 -0.04139804 0.9801555 0.1939151 -0.04144048 0.9801427 0.1938019 -0.2319434 0.9532277 0.1936976 0.3367919 0.9214405 0.1936585 0.3368346 0.921433 0.5527431 0.2861646 0.782678 0.552773 0.4331517 0.7119141 0.1938146 0.3369069 0.9213739 0.1937496 0.5100837 0.8380189 0.1936494 0.5100316 0.8380739 0.1939763 0.5105647 0.8376736 0.1939857 0.6637474 0.7223635 0.1937763 0.663758 0.7224099 0.193731 0.7918295 0.5792015 0.1934177 0.7920697 0.5789779 0.1936219 0.7921314 0.578825 0.1935944 0.8897492 0.4133615 0.1938924 0.8896745 0.4133827 0.1935268 0.8896581 0.4135892 0.1935036 0.9533067 0.2318679 0.553213 0.8094224 0.196954 0.5525235 0.8100323 0.1963815 0.1940469 0.9532254 0.2317479 0.1940621 0.9800752 0.04233831 0.1935171 0.9802206 0.04145771 0.1934972 0.9802231 0.04149115 0.1934694 0.9694722 -0.1506427 0.1935892 0.9694323 -0.1507462 0.1940353 0.9692814 -0.1511421 0.1940045 0.921439 -0.3366191 0.5524926 0.7828825 -0.2860888 0.5527485 0.7829432 -0.2854282 0.1943429 0.9213047 -0.3367918 0.1942796 0.8381586 -0.5096524 0.1941243 0.8379372 -0.5100755 0.193893 0.8380808 -0.5099276 0.1939448 0.7222204 -0.663915 0.1941735 0.413254 -0.8896728 0.1939644 0.4134261 -0.8896386 0.1939941 0.5790873 -0.7918486 0.1940584 0.5790455 -0.7918635 0.1940937 0.7222879 -0.6637981 0.1942846 0.7222543 -0.6637789 0.1940481 0.2317575 -0.9532229 0.1940947 0.2317845 -0.9532068 0.5526394 0.1969654 -0.8098114 0.5525865 0.03522336 -0.832711 0.1938267 -0.1505517 -0.969415 0.1940494 -0.150631 -0.9693581 0.1939468 0.04141157 -0.9801376 0.1938595 0.04139804 -0.9801555 0.1939067 0.04143893 -0.9801445 0.193785 0.2319588 -0.9532274 0.1936892 -0.3367617 -0.9214532 0.1936595 -0.3368345 -0.9214329 0.5527271 -0.2861573 -0.7826921 0.5527862 -0.4331911 -0.7118799 0.1938478 -0.3369222 -0.9213612 0.1937877 -0.5100799 -0.8380125 0.1936525 -0.5100313 -0.8380733 0.1939763 -0.5105647 -0.8376736 0.1939857 -0.6637474 -0.7223635 0.1937763 -0.663758 -0.7224099 0.1937292 -0.7917692 -0.5792845 0.1933761 -0.7920762 -0.5789827 0.1936859 -0.7921438 -0.5787866 0.193663 -0.8897499 -0.4133276 0.1938577 -0.8896807 -0.4133855 0.1934497 -0.8896232 -0.4137 0.1934301 -0.9533208 -0.2318713 0.5532286 -0.8094202 -0.1969192 0.5525431 -0.8100007 -0.1964564 0.1940466 -0.9532256 -0.231748 0.1940621 -0.9800752 -0.04233831 0.1935171 -0.9802206 -0.04145771 0.1934972 -0.9802231 -0.04149115 0.1934694 -0.9694722 0.1506427 0.1935892 -0.9694323 0.1507462 0.1940325 -0.9692674 0.1512352 0.1940062 -0.9214497 0.3365889 0.5524725 -0.7829007 0.2860783 0.5527215 -0.7829599 0.2854343 0.194379 -0.9212979 0.3367893 0.1942875 -0.8381573 0.5096516 0.1940899 -0.837943 0.510079 0.1938621 -0.838086 0.5099308 0.1939184 -0.7222413 0.6639001 0.1942757 -0.7221975 0.6638432 0.1941491 -0.7222419 0.663832 0.1941025 -0.579024 0.7918683 0.1939994 -0.5791032 0.7918357 0.1939585 -0.4134135 0.8896456 0.1941735 -0.413254 0.8896728 0.1940568 -0.2317925 0.9532126 0 0.2362497 -0.9716924 0 0.2362594 -0.9716901 0 0.2364717 -0.9716384 0 0.04222434 -0.9991082 0 0.04222387 -0.9991083 0 0.04207563 -0.9991145 0 0.04209214 -0.9991137 0 -0.1534722 -0.9881531 0 -0.1534615 -0.9881547 0 -0.3432976 -0.9392267 0 -0.3433206 -0.9392184 0 -0.3434299 -0.9391783 0 -0.3434163 -0.9391833 0 -0.5198807 -0.8542389 0 -0.5198768 -0.8542412 0 -0.5203924 -0.8539273 0 -0.6765933 -0.7363569 0 -0.676563 -0.7363847 0 -0.8070412 -0.5904951 0 -0.8070538 -0.5904779 0 -0.8073872 -0.590022 0 -0.9069297 -0.4212821 0 -0.9069344 -0.4212718 0 -0.9067494 -0.42167 0 -0.9067558 -0.4216562 0 -0.9717023 -0.236209 0 -0.9990699 -0.04312098 0 -0.9990699 -0.04312217 0 -0.9991055 -0.04229015 0 -0.9881405 0.1535521 0 -0.9881319 0.1536078 0 -0.9880709 0.1540005 0 -0.9880549 0.154102 0 -0.9392352 0.3432744 0 -0.9392479 0.3432397 0 -0.854543 0.5193808 0 -0.8545503 0.5193688 0 -0.8542103 0.5199277 0 -0.8541911 0.5199593 0 -0.7361839 0.6767817 0 -0.7361921 0.6767727 0 -0.7362815 0.6766754 0 -0.7362384 0.6767223 0 -0.590275 0.8072023 0 -0.5902562 0.8072159 0 -0.4213055 0.9069189 0 -0.4213216 0.9069113 0 -0.2362497 0.9716924 0 -0.2362594 0.9716901 0 -0.2364717 0.9716384 0 -0.2364551 0.9716425 0 -0.04222434 0.9991082 0 -0.04222387 0.9991083 0 -0.04209387 0.9991137 0 -0.04209214 0.9991137 0 0.1534662 0.988154 0 0.1534674 0.9881538 0 0.3432976 0.9392267 0 0.3433206 0.9392184 0 0.3434299 0.9391783 0 0.3434163 0.9391833 0 0.5198594 0.854252 0 0.5198982 0.8542283 0 0.5203924 0.8539273 0 0.6765933 0.7363569 0 0.676563 0.7363847 0 0.8070412 0.5904951 0 0.8071227 0.5903839 0 0.8073872 0.590022 0 0.8073614 0.5900573 0 0.9069297 0.4212821 0 0.9069344 0.4212718 0 0.9067494 0.42167 0 0.9067558 0.4216562 0 0.9717113 0.2361719 0 0.9716933 0.2362462 0 0.9990699 0.04312098 0 0.9990605 0.04333847 0 0.9991055 0.04229015 0 0.9881312 -0.1536124 0 0.9881319 -0.1536078 0 0.9880709 -0.1540005 0 0.9880549 -0.154102 0 0.9392352 -0.3432744 0 0.9392479 -0.3432397 0 0.8543503 -0.5196975 0 0.8545503 -0.5193688 0 0.8542103 -0.5199277 0 0.7361479 -0.6768207 0 0.7361921 -0.6767727 0 0.7362815 -0.6766754 0 0.590275 -0.8072023 0 0.5902562 -0.8072159 0 0.4213204 -0.9069119 0 0.4213066 -0.9069183 1 -4.79415e-5 0 1 2.69706e-5 0 1 1.04879e-5 0 1 2.3974e-5 0 1 -1.1985e-5 0 1 -1.19872e-5 0 1 2.39733e-5 0 1 -1.19865e-5 0 1 -2.39699e-5 0 1 2.39728e-5 0 1 -1.19864e-5 0 1 1.19868e-5 0 -0.194044 -0.9800789 -0.04233437 -0.1940283 -0.9531908 -0.2319061 -0.1937723 -0.6638208 -0.7223534 -0.1936138 0.8897413 0.4133695 -0.1940563 -0.2317926 0.9532127 -0.1939156 -0.04143095 0.980143 -0.1938595 -0.04139804 0.9801555 -0.1938781 -0.04120558 0.9801599 -0.1940495 0.150545 0.9693714 -0.1935519 0.3370271 0.9213851 -0.193821 0.3368044 0.92141 -0.1937496 0.5100837 0.8380189 -0.1936482 0.5100442 0.8380665 -0.1936505 0.7919849 0.5790159 -0.1933411 0.792143 0.578903 -0.19377 0.7917346 0.5793181 -0.1937787 0.6637921 0.722378 -0.1939878 0.6637031 0.7224036 -0.1939763 0.5105647 0.8376736 -0.193551 0.9533171 0.2317859 -0.1940295 0.9531984 0.2318738 -0.1940259 0.9800828 0.04233038 -0.193492 0.9694615 -0.1506831 -0.1935304 0.9694539 -0.1506823 -0.1941547 0.8378813 -0.5101559 -0.1942796 0.8381586 -0.5096524 -0.1942884 0.9213863 -0.3365999 -0.1940256 0.921383 -0.3367604 -0.1940263 0.9692842 -0.1511352 -0.1941483 0.722239 -0.6638352 -0.1939079 0.7222195 -0.6639268 -0.1939424 0.8379901 -0.5100578 -0.1941713 0.4133527 -0.8896276 -0.1939696 0.413271 -0.8897095 -0.1940008 0.5790522 -0.7918726 -0.1940523 0.5790805 -0.7918393 -0.1940937 0.7222879 -0.6637981 -0.1940531 -0.1505565 -0.9693689 -0.1939479 0.04126864 -0.9801434 -0.1938595 0.04139804 -0.9801555 -0.1939061 0.0414294 -0.9801449 -0.1937885 0.2317988 -0.9532657 -0.1943529 0.2319921 -0.9531037 -0.1940472 0.2317755 -0.9532186 -0.1935451 -0.3370627 -0.9213735 -0.1938458 -0.3367917 -0.9214093 -0.1937877 -0.5100799 -0.8380125 -0.1936503 -0.510044 -0.8380661 -0.1939766 -0.5105646 -0.8376735 -0.1939878 -0.6637031 -0.7224036 -0.1934822 -0.9533367 -0.2317624 -0.193491 -0.8895736 -0.4137877 -0.1937502 -0.8897455 -0.4132963 -0.1936706 -0.8897661 -0.4132892 -0.1937153 -0.7919746 -0.5790084 -0.1932429 -0.7922143 -0.5788381 -0.1937682 -0.7916744 -0.579401 -0.193492 -0.9694615 0.1506831 -0.1935304 -0.9694539 0.1506823 -0.1941203 -0.8378871 0.5101594 -0.1942875 -0.8381573 0.5096516 -0.1943259 -0.9213904 0.3365672 -0.1940256 -0.921383 0.3367604 -0.1940236 -0.9692703 0.1512283 -0.1941195 -0.7222433 0.6638391 -0.1938846 -0.7222544 0.6638956 -0.1939116 -0.8379954 0.510061 -0.1941713 -0.4133527 0.8896276 -0.1939636 -0.4132583 0.8897168 -0.194007 -0.5790514 0.7918716 -0.1940961 -0.5790754 0.7918323 -0.1941491 -0.7222419 0.663832 -0.5531215 -0.1968252 0.8095162 -0.1938053 -0.2317979 0.9532625 -0.1943357 -0.2319929 0.953107 -0.5531868 -0.03514045 0.8323158 -0.5532135 -0.03516119 0.8322972 -0.5531737 -0.03502941 0.8323292 -0.5532133 -0.1969206 0.8094304 -0.5531546 0.1279015 0.8232018 -0.5531963 0.1278808 0.8231771 -0.193826 0.1506211 0.9694043 -0.1936976 0.3367919 0.9214405 -0.5531638 0.1279549 0.8231874 -0.5531958 0.2859579 0.7824337 -0.5534366 0.2860251 0.7822388 -0.5533696 0.2862415 0.7822071 -0.5533761 0.4330487 0.711508 -0.5533553 0.4330067 0.7115499 -0.5533293 0.5637429 0.6132052 -0.5532359 0.5636662 0.6133601 -0.5532602 0.5636752 0.6133298 -0.5532092 0.6725854 0.4915166 -0.5533456 0.6724036 0.4916115 -0.5537624 0.6718972 0.4918348 -0.554009 0.7549415 0.3509095 -0.1937592 0.8897439 0.4132955 -0.1935514 0.8896282 0.4136417 -0.5530923 0.8095806 0.1966425 -0.5538209 0.8090317 0.1968507 -0.553483 0.8078813 0.202446 -0.5531119 0.7556788 0.3507376 -0.5532033 0.8323034 0.03517359 -0.55304 0.8324095 0.03523153 -0.193569 0.9802099 0.04146879 -0.1934862 0.9802255 0.04148876 -0.5536023 0.8320217 0.03555977 -0.5536054 0.8228583 -0.1281619 -0.5529975 0.8233008 -0.1279442 -0.5533601 0.8231629 -0.1272628 -0.5533246 0.7824001 -0.2858006 -0.5533453 0.7823659 -0.2858546 -0.5532841 0.7115514 -0.433095 -0.5532689 0.711566 -0.4330906 -0.5534181 0.7114589 -0.4330757 -0.5533853 0.6132523 -0.5636369 -0.5531011 0.6132904 -0.5638744 -0.5533875 0.6134038 -0.5634697 -0.5533708 0.4916417 -0.672361 -0.5531096 0.491574 -0.6726254 -0.5531091 0.3511067 -0.7555095 -0.5529715 0.3510739 -0.7556254 -0.5531088 0.1969821 -0.8094868 -0.5532407 0.1967905 -0.8094432 -0.5532275 0.1968382 -0.8094407 -0.5531908 0.03516107 -0.8323122 -0.5532378 0.03515416 -0.8322814 -0.5531629 0.03515601 -0.832331 -0.5531733 -0.1278883 -0.8231914 -0.1938263 -0.1506263 -0.9694036 -0.1936892 -0.3367617 -0.9214532 -0.5531672 -0.1278988 -0.8231939 -0.5531588 -0.2857283 -0.7825438 -0.5533952 -0.2859082 -0.7823109 -0.5533172 -0.2860359 -0.7823194 -0.5533539 -0.4330564 -0.7115207 -0.5532712 -0.4330719 -0.7115755 -0.5533387 -0.4331269 -0.7114896 -0.5533528 -0.5636386 -0.6132799 -0.5531807 -0.563718 -0.6133622 -0.5532002 -0.5629803 -0.6140218 -0.5532205 -0.6725875 -0.491501 -0.5531277 -0.6725941 -0.4915963 -0.553206 -0.7553349 -0.3513296 -0.5533912 -0.7553758 -0.3509498 -0.5532547 -0.7554997 -0.350898 -0.5532565 -0.8093962 -0.1969394 -0.5531706 -0.8094511 -0.1969551 -0.5531055 -0.8095527 -0.1967203 -0.5531063 -0.8323655 -0.03522968 -0.193569 -0.9802099 -0.04146879 -0.1934862 -0.9802255 -0.04148876 -0.5537226 -0.8319489 -0.0353893 -0.5536118 -0.8228135 0.1284218 -0.5535252 -0.8229489 0.1279268 -0.5533979 -0.8230246 0.1279897 -0.5533236 -0.7824009 0.2858008 -0.5526984 -0.7826889 0.2862213 -0.553289 -0.7825106 0.2855671 -0.5533021 -0.7114408 0.4332538 -0.5528937 -0.7118012 0.4331833 -0.5531578 -0.7125169 0.4316666 -0.5533631 -0.6132716 0.5636376 -0.5533364 -0.6133281 0.5636024 -0.5533596 -0.4915915 0.6724068 -0.553201 -0.4917 0.672458 -0.5530748 -0.4916722 0.6725822 -0.5531019 -0.3511022 0.7555168 -0.5529735 -0.3510132 0.7556521 -0.5529341 -0.3510434 0.755667 0.001536965 0.6207057 -0.7840422 -6.68737e-4 0.8541876 -0.5199646 0.001873135 0.8092283 -0.5874915 -9.39015e-4 0.7361912 -0.6767731 -9.39003e-4 0.7364185 -0.6765257 -6.68766e-4 0.8541849 -0.519969 0.001040577 0.9392721 -0.343172 8.23542e-4 0.937727 -0.3473721 -5.77746e-4 0.9882538 -0.1528204 -5.77755e-4 0.9880886 -0.1538856 0.001839995 0.9966903 -0.08127164 -9.67419e-4 0.999086 0.04273343 -9.67422e-4 0.999109 0.0421949 0.001631438 0.9816939 0.1904587 -1.54876e-4 0.9717403 0.2360528 -1.51377e-4 0.8939086 0.4482496 0.01195287 0.970075 0.2425115 0.001850962 0.907016 0.4210921 -7.60849e-4 0.6766031 0.7363476 0.001892447 0.7398802 0.672736 -8.92419e-4 0.8073126 0.5901234 -8.92447e-4 0.806942 0.5906302 -7.6092e-4 0.6768171 0.7361509 0.001290202 0.5199217 0.8542129 6.43926e-4 0.5308452 0.8474687 -4.43776e-4 0.3437186 0.9390726 -4.43807e-4 0.3432245 0.9392533 0.001780688 0.2825148 0.9592613 -9.80249e-4 0.1535603 0.9881388 -9.80226e-4 0.1535195 0.9881452 0.001714408 0.0132699 0.9999105 -3.11848e-4 -0.04219084 0.9991096 -3.04578e-4 -0.2570039 0.9664104 0.01168513 -0.04231071 0.9990363 0.001556277 -0.2363362 0.9716702 -8.3043e-4 -0.5901591 0.8072867 0.001901268 -0.5082385 0.8612143 -8.33646e-4 -0.4212989 0.9069216 -8.33677e-4 -0.4213681 0.9068893 -8.30422e-4 -0.5900605 0.8073586 0.001559972 -0.7362793 0.676676 4.47072e-4 -0.7216725 0.6922346 -3.16832e-4 -0.8552476 0.5182197 -3.16821e-4 -0.854073 0.5201532 0.001719713 -0.8817359 0.4717403 -4.41226e-4 -0.9881277 0.1536344 0.001781463 -0.9762993 0.2164179 -9.83914e-4 -0.9391708 0.3434491 -9.83908e-4 -0.9393824 0.3428699 -4.41231e-4 -0.9880495 0.1541362 5.88249e-4 -0.9990953 -0.04252624 0.001157402 -0.9984815 -0.05507832 -8.98809e-4 -0.9069681 -0.4211984 0.00188744 -0.9466724 -0.3221923 -7.56424e-4 -0.9716586 -0.2363874 -7.5644e-4 -0.9717082 -0.2361834 -8.98759e-4 -0.9067525 -0.4216625 0.001827061 -0.807336 -0.5900893 2.32024e-4 -0.8244675 -0.5659093 -1.62858e-4 -0.6759719 -0.7369274 -1.62912e-4 -0.6766905 -0.7362676 0.001635313 -0.6413491 -0.7672474 -5.62362e-4 -0.343377 -0.9391975 0.001834273 -0.4105108 -0.9118539 -9.66241e-4 -0.519974 -0.8541816 -9.66257e-4 -0.5198793 -0.8542393 -5.624e-4 -0.3428694 -0.939383 8.00508e-4 -0.1535443 -0.9881415 0.001001417 -0.1493104 -0.98879 -6.68645e-4 0.04212939 -0.999112 -6.68592e-4 0.04222285 -0.9991081 0.001871287 0.1230326 -0.9924009 -9.34503e-4 0.2362834 -0.9716838 -9.3451e-4 0.2364358 -0.9716467 0.001535713 0.3861857 -0.9224198 0 0.4213299 -0.9069074 0 0.5901421 -0.8072995 1 -7.01845e-7 0 1 2.05204e-6 0 1 -1.95562e-6 0 1 -4.16784e-6 0 1 2.08392e-6 0 1 -1.63585e-6 0 1 1.0461e-6 0 1 5.2124e-6 0 1 -3.6399e-6 0 1 9.09121e-6 0 1 -1.95175e-6 0 1 -5.2124e-6 0 1 -1.35756e-6 0 1 1.63585e-6 0 1 3.10726e-6 0 1 -2.21296e-6 0 1 2.21296e-6 0 0 0.1950933 0.9807848 0 0.1950931 0.9807847 0 0.5555454 0.8314862 0 0.5555674 0.8314716 0 0.8314691 0.5555712 0 0.8314783 0.5555573 0 0.9807848 0.1950927 0 0.9807853 0.1950907 0 -0.9807853 0.1950907 0 -0.9807848 0.1950927 0 -0.8314681 0.5555726 0 -0.8314793 0.5555559 0 -0.5555444 0.8314868 0 -0.5555683 0.831471 0 -0.1950931 0.9807847 0 -0.1950933 0.9807848 0 -0.08046913 -0.9967572 0 -0.2392978 -0.9709463 0 -0.2393103 -0.9709432 0 -0.3919799 -0.9199739 0 -0.3919685 -0.9199786 0 -0.5344827 -0.8451794 0 -0.5344638 -0.8451915 0 -0.6631269 -0.7485071 0 -0.6631265 -0.7485074 0 -0.7746095 -0.6324398 0 -0.7745981 -0.632454 0 -0.8660278 -0.4999958 0 -0.8660283 -0.4999952 0 -0.9350129 -0.3546138 0 -0.9797914 -0.2000223 0 -0.9797912 -0.2000231 0 -0.9991891 -0.04026246 0 -0.9991891 -0.0402646 0 -0.9927092 0.1205351 0 -0.9927085 0.1205407 0 -0.9605184 0.2782167 0 -0.9605181 0.2782174 0 -0.9034491 0.4286957 0 -0.822982 0.5680676 0 -0.8229914 0.5680539 0 -0.7211922 0.6927351 0 -0.7212051 0.6927217 0 -0.6007503 0.7994368 0 -0.6007505 0.7994366 0 -0.4647152 0.8854602 0 -0.4647364 0.8854492 0 -0.3166759 0.9485339 0 -0.3166638 0.9485379 0 -0.1604034 0.9870516 0 -0.1604099 0.9870505 0 0.1604034 0.9870516 0 0.1604099 0.9870505 0 0.3166759 0.9485339 0 0.3166639 0.9485379 0 0.4647152 0.8854602 0 0.4647362 0.8854492 0 0.6007505 0.7994366 0 0.6007503 0.7994368 0 0.7211922 0.6927351 0 0.7212055 0.6927213 0 0.8229824 0.568067 0 0.8229907 0.568055 0 0.9034491 0.4286957 0 0.9605181 0.2782174 0 0.9605184 0.2782167 0 0.9927092 0.1205343 0 0.9927083 0.1205415 0 0.9991891 -0.04026246 0 0.999189 -0.04026544 0 0.9797914 -0.2000223 0 0.9350129 -0.3546138 0 0.8660283 -0.4999952 0 0.8660278 -0.4999958 0 0.7746087 -0.6324408 0 0.7745984 -0.6324535 0 0.6631269 -0.7485071 0 0.5344829 -0.8451793 0 0.5344636 -0.8451916 0 0.3919799 -0.9199739 0 0.3919685 -0.9199786 0 0.2392977 -0.9709463 0 0.2393103 -0.9709431 0 0.08046913 -0.9967572 -1 2.05204e-6 0 -1 -2.71053e-6 0 -1 -2.52401e-6 0 -1 -6.8386e-7 0 -1 -2.66333e-7 0 -1 7.57886e-7 0 -1 -1.19487e-6 0 -1 6.8386e-7 0 -1 1.62308e-6 0 -1 2.5367e-6 0 -1 5.25817e-6 0 -1 -1.01817e-6 0 -1 -2.5367e-6 0 -1 -1.62308e-6 0 -1 -1.3948e-6 0 -1 5.62257e-5 0 -1 -2.45967e-5 0 -1 1.75695e-6 0 -1 -7.0281e-6 0 -1 -1.40569e-5 0 -1 -1.40552e-5 0 -1 1.40556e-5 0 -1 -7.02851e-6 0 -1 1.3616e-5 0 -1 3.5139e-6 0 -1 7.02811e-6 0 -1 -1.40568e-5 0 -1 1.40551e-5 0 6.70647e-4 -0.2719067 -0.9623234 -0.00267899 -0.2143134 -0.9767613 6.70504e-4 -0.2722253 -0.9622334 -8.59525e-4 -0.4492103 -0.8934257 -0.001714706 -0.4597353 -0.8880545 0.001149058 -0.6095424 -0.7927528 0.001149296 -0.6102693 -0.7921932 -0.002874135 -0.6739919 -0.7387331 0.001429021 -0.7489153 -0.6626643 0.001428902 -0.7492702 -0.662263 -0.002304077 -0.8421923 -0.5391724 0 -0.8609278 -0.5087271 0 -0.9416564 -0.3365761 -0.002297282 -0.953045 -0.3028199 0.001153111 -0.9992954 0.03751635 -0.002883136 -0.9989392 -0.04596132 0.001440703 -0.9882768 -0.1526658 0.001440763 -0.9883297 -0.1523231 0.001153111 -0.9992782 0.0379709 -0.001905143 -0.9741466 0.2259088 -9.48011e-4 -0.9767623 0.2143237 6.67326e-4 -0.9145445 0.4044851 6.67482e-4 -0.9137644 0.4062443 -0.002679228 -0.8880531 0.4597333 6.71652e-4 -0.6974213 0.7166611 -0.002677381 -0.7387349 0.6739908 0.00154668 -0.8204566 0.5717068 0.001546561 -0.8202928 0.5719419 6.70885e-4 -0.6975745 0.716512 -8.65713e-4 -0.5492196 0.8356777 -0.001733779 -0.5391789 0.8421894 0.001139461 -0.381156 0.9245101 0.001138925 -0.3809847 0.9245807 -0.002884447 -0.3028055 0.9530481 0.001435577 -0.1990337 0.9799917 0.001435995 -0.1992092 0.9799559 -0.002301871 -0.04596436 0.9989404 0 -0.01025831 0.9999474 0 0.1793921 0.9837777 -0.002294898 0.2143155 0.9767618 0.001142978 0.5321716 0.8466358 -0.002883851 0.4598805 0.8879761 0.001438617 0.3621552 0.9321167 0.001438677 0.3619599 0.9321926 0.001143038 0.5319063 0.8468025 -0.001927852 0.6827664 0.7306342 -9.56277e-4 0.6738978 0.738824 6.77768e-4 0.8089915 0.5878199 6.77915e-4 0.8086065 0.5883496 -0.002681076 0.8421856 0.5391813 6.66243e-4 0.9693951 0.2455052 -0.002694308 0.9530482 0.3028067 0.001538932 0.9051949 0.424994 0.00153923 0.9054031 0.4245501 6.66343e-4 0.9691603 0.2464304 -8.77924e-4 0.9983393 0.05760282 -0.001722097 0.9989418 0.04596161 0.001162707 0.9911482 -0.1327549 0.001162707 0.9912336 -0.1321166 -0.002873003 0.9767596 -0.2143186 0.001430928 0.9483441 -0.3172404 0.001431107 0.9481201 -0.3179095 -0.002294242 0.8880541 -0.4597332 0 0.8711275 -0.4910569 0 0.7623435 -0.6471726 -0.002303004 0.7387356 -0.6739915 0.00115323 0.4672944 -0.8841011 -0.002871692 0.5391728 -0.8421903 0.001434803 0.625924 -0.7798829 0.001434624 0.6260662 -0.7797686 0.001152753 0.4673153 -0.88409 -0.001918554 0.2914214 -0.9565929 -9.60165e-4 0.3028101 -0.9530505 6.64685e-4 0.1055622 -0.9944125 6.64607e-4 0.105151 -0.9944561 -0.002683937 0.0459609 -0.9989396 0.001548111 -0.08522129 -0.9963609 0.001547753 -0.08469331 -0.9964058 0.1952775 0.3553997 0.9140886 0.1954031 0.9791919 0.05478155 0.1953476 0.972099 -0.1298575 0.1942886 0.7479565 -0.6346756 0.1948168 -0.8444746 -0.4989081 0.1947758 -0.9801644 0.03660869 0.1943464 -0.5386306 0.8198212 0.1944478 -0.3736708 0.9069511 0.1950148 -0.3738738 0.9067456 0.1949391 -0.3740096 0.9067059 0.1949255 -0.1953239 0.9611725 0.195251 -0.6839534 0.7029117 0.1947094 -0.6841725 0.7028486 0.1946676 -0.8023729 0.564183 0.195357 -0.9800409 0.03681981 0.1953161 -0.9553357 0.2217776 0.1954644 -0.9553747 0.221479 0.1948512 -0.9555502 0.2212617 0.1948307 -0.8962553 0.3984563 0.1946146 -0.8963279 0.3983989 0.1949161 -0.8961989 0.3985415 0.1944105 -0.8444588 -0.4990932 0.1944189 -0.9237989 -0.3298437 0.194781 -0.9235539 -0.330316 0.1948713 -0.923575 -0.330204 0.1948617 -0.9693939 -0.1493466 0.1949388 -0.9693837 -0.149312 0.1947232 -0.9693989 -0.1494954 0.1952198 -0.4405727 -0.8762335 0.1950911 -0.5982541 -0.7771947 0.1947692 -0.5985789 -0.7770253 0.1948069 -0.5985103 -0.7770687 0.1947568 -0.7346457 -0.6498965 0.1948726 -0.7346588 -0.649847 0.1947643 -0.7345311 -0.6500238 0.1949843 -0.2669507 -0.9437788 0.05646598 -0.03742176 -0.997703 0.1958683 -0.1297594 -0.9720073 0.1952624 -0.266822 -0.9437578 0.1949789 0.1031541 -0.9753679 0.1955622 0.2856348 -0.9381729 0.1942915 0.2861098 -0.9382921 0.1942851 0.09959965 -0.9758756 0.1952051 0.7475878 -0.6348288 0.1952612 0.6138036 -0.7649303 0.1953735 0.6140255 -0.7647234 0.1952663 0.6141238 -0.7646719 0.1953009 0.4582851 -0.8670827 0.1948711 0.4584113 -0.8671128 0.195534 0.4577932 -0.8672899 0.1947173 0.9722526 -0.1296535 0.1947237 0.930105 -0.311428 0.1947729 0.9301042 -0.3113996 0.1945534 0.9301794 -0.3113124 0.1945345 0.8544263 -0.48178 0.1943518 0.8544802 -0.4817582 0.1942721 0.8545229 -0.4817147 0.1953144 0.9506894 0.2409192 0.1950381 0.9506973 0.2411115 0.1946576 0.9508536 0.240803 0.1947187 0.8880683 0.4164367 0.1950964 0.7931348 0.5769529 0.1947051 0.7931069 0.5771234 0.1950783 0.355348 0.9141511 0.1950352 0.5207588 0.8311267 0.1944604 0.5219078 0.8305405 0.1950608 0.5220018 0.8303406 0.1951208 0.6695775 0.7166547 0.1941888 0.6694437 0.7170327 0.1950277 0.6698809 0.7163963 0.1946297 -0.1954535 0.9612062 0.1947236 -0.009556293 0.9808116 0.1951923 -0.01015895 0.9807125 0.1951406 -0.01018232 0.9807224 0.1951962 0.175816 0.9648768 0.1948538 0.1757113 0.9649651 0.1953821 0.1762956 0.9647516 0.5531656 -0.1659179 0.8163818 0.5533103 -0.1657816 0.8163113 0.5532994 -0.3174753 0.7701099 0.5537497 -0.3172596 0.7698751 0.5536696 -0.3172918 0.7699195 0.5536811 -0.4572119 0.6959846 0.1945282 -0.5384639 0.8198875 0.1951645 -0.5388861 0.8194587 0.5531973 -0.5810065 0.596996 0.5530433 -0.5810934 0.5970541 0.5529994 -0.581228 0.5969638 0.5530821 -0.4574905 0.6962778 0.5531876 -0.6835161 0.476224 0.552966 -0.6835296 0.476462 0.1944088 -0.8046894 0.5609636 0.1949881 -0.804718 0.5607214 0.5531201 -0.6833523 0.4765372 0.5530677 -0.7612848 0.3384692 0.5530866 -0.7613165 0.3383673 0.5526578 -0.7621595 0.337168 0.5527073 -0.8118384 0.188237 0.5528133 -0.8117616 0.1882572 0.552821 -0.8327001 0.0316137 0.5530865 -0.8325433 0.03109925 0.5533853 -0.8323392 0.03124588 0.5534006 -0.8232008 -0.1268393 0.5525429 -0.8237152 -0.1272382 0.552868 -0.8235442 -0.1269332 0.5528218 -0.784626 -0.2806249 0.5531609 -0.7844667 -0.280402 0.5532078 -0.7172073 -0.4237628 0.5531253 -0.7172324 -0.4238278 0.5530584 -0.6242988 -0.5517041 0.5534772 -0.6237459 -0.5519095 0.5533342 -0.6238188 -0.5519706 0.5533123 -0.5083075 -0.6599009 0.5534047 -0.5082663 -0.6598551 0.5529772 -0.5078235 -0.6605541 0.5529088 -0.3742046 -0.7444882 0.1947945 -0.4404589 -0.8763853 0.1948603 -0.2661166 -0.94404 0.5528062 -0.2265977 -0.8019095 0.5533123 -0.2266986 -0.8015319 0.553312 -0.2268657 -0.8014848 0.5532674 -0.3741581 -0.7442452 0.5528601 -0.07060968 -0.8302772 0.552789 -0.07060259 -0.8303251 0.1945543 -0.08310639 -0.9773648 0.1944593 0.1033807 -0.9754476 0.5533105 -0.0710408 -0.8299403 0.5532988 0.08762097 -0.8283617 0.5533414 0.08755505 -0.8283402 0.5532572 0.08810508 -0.8283382 0.553195 0.2426976 -0.7969149 0.5528721 0.2427802 -0.7971137 0.5528547 0.3894293 -0.7366794 0.5528282 0.3893582 -0.736737 0.5527732 0.3894115 -0.73675 0.5528159 0.5217267 -0.6497661 0.5532999 0.5212935 -0.6497018 0.553098 0.5216275 -0.6496057 0.5531463 0.6352177 -0.5390062 0.5536194 0.6348526 -0.5389506 0.553658 0.7253413 -0.4090758 0.5532517 0.7256525 -0.4090734 0.5532407 0.7897943 -0.2648582 0.5535756 0.7897264 -0.26436 0.5532599 0.7899883 -0.2642385 0.5533043 0.825644 -0.1103008 0.5526447 0.8261097 -0.1101216 0.5529071 0.8258789 -0.1105353 0.5530747 0.8317408 0.04812318 0.1948136 0.9792031 0.0566495 0.1951627 0.979126 0.05677908 0.5536374 0.8072643 0.204475 0.5530107 0.8076134 0.2047919 0.5532034 0.8073592 0.2052738 0.5533328 0.8315773 0.04797929 0.5536354 0.7538084 0.3539222 0.5530765 0.7543351 0.3536739 0.1946412 0.8881195 0.4163636 0.1947396 0.8865993 0.4195453 0.5530694 0.754304 0.3537513 0.5530875 0.6736229 0.4902309 0.5527843 0.6739206 0.4901638 0.5529199 0.6740459 0.4898384 0.5530791 0.5687793 0.6087641 0.5531416 0.5688701 0.6086224 0.5532125 0.443061 0.7054452 0.5531228 0.4432525 0.7053954 0.5533474 0.4432805 0.7052015 0.5533485 0.3017976 0.7763528 0.5528289 0.3017687 0.7767341 0.5527099 0.3015943 0.7768865 0.5527409 0.1494117 0.8198497 0.5530223 0.1494427 0.8196543 0.5530064 -0.008615255 0.8331325 0.5532158 -0.008532583 0.8329944 0.5532003 -0.1659626 0.8163492 0 -0.9963743 0.08507788 -8.30795e-5 -0.9964313 0.0844087 0 -0.9963887 0.08490943 -1.11562e-5 -0.9963833 0.08497285 1.14965e-4 -0.99643 0.08442366 -6.32909e-5 -0.9963739 0.08508241 -5.24832e-5 -0.9963788 0.08502566 7.03892e-6 -0.9963883 0.0849148 6.2597e-5 -0.9963751 0.08506929 -2.41842e-5 -0.9963998 0.0847789 0 -0.03748404 -0.9992973 0.009098947 -0.0849632 -0.9963426 0.009089171 -0.1323055 -0.9911673 0 -0.08501154 -0.99638 0 -0.2720667 -0.9622784 0 -0.2720614 -0.9622799 0 -0.2713629 -0.9624772 0 -0.2713156 -0.9624904 0 -0.449199 -0.8934317 0 -0.4491948 -0.8934339 0 -0.6100144 -0.7923905 0 -0.6099915 -0.792408 0 -0.6102437 -0.7922138 0 -0.748988 -0.6625836 0 -0.7490012 -0.6625688 0 -0.7488825 -0.6627029 0 -0.8608881 -0.5087943 0 -0.8608827 -0.5088036 0 -0.941746 -0.3363252 0 -0.9417601 -0.3362858 0 -0.9416148 -0.3366923 0 -0.988344 -0.1522377 0 -0.9883432 -0.1522425 0 -0.9883089 -0.152465 0 -0.9883195 -0.1523966 0 -0.9992953 0.03753578 0 -0.9992957 0.0375244 0 -0.9740484 0.2263401 0 -0.9742194 0.2256028 0 -0.9138068 0.4061493 0 -0.9138172 0.4061259 0 -0.9137139 0.4063581 0 -0.9137053 0.4063774 0 -0.8204587 0.5717059 0 -0.818242 0.574874 0 -0.8180112 0.5752022 0 -0.6973747 0.7167068 0 -0.6973856 0.7166962 0 -0.5494412 0.8355324 0 -0.5490505 0.8357893 0 -0.5490548 0.8357864 0 -0.3809696 0.9245876 0 -0.3809545 0.9245938 0 -0.3813838 0.9244168 0 -0.1992455 0.9799496 0 -0.1992425 0.9799503 0 -0.009767591 0.9999524 0 -0.01038384 0.9999462 0 -0.01038396 0.9999461 0 0.1791574 0.9838204 0 0.1791584 0.9838203 0 0.1797505 0.9837123 0 0.1797617 0.9837103 0 0.3622843 0.9320676 0 0.3622899 0.9320656 0 0.5309898 0.8473783 0 0.5309458 0.8474059 0 0.5322833 0.8465664 0 0.5322777 0.8465698 0 0.6824841 0.7309005 0 0.6829851 0.7304324 0 0.6829919 0.730426 0 0.8085868 0.588377 0 0.8086043 0.5883531 0 0.9042225 0.4270617 0 0.904217 0.4270734 0 0.9054223 0.4245121 0 0.9054307 0.4244944 0 0.9693856 0.2455433 0 0.969387 0.2455378 0 0.9693642 0.2456278 0 0.969363 0.2456324 0 0.9983236 0.05788069 0 0.9983229 0.05789113 0 0.9984328 0.05596542 0 0.9984383 0.05586689 0 0.9912255 -0.1321824 0 0.9912244 -0.1321901 0 0.9482634 -0.317485 0 0.9482617 -0.3174899 0 0.948315 -0.3173307 0 0.9483103 -0.3173448 0 0.8710661 -0.4911659 0 0.8710601 -0.4911764 0 0.8711478 -0.491021 0 0.7622976 -0.6472266 0 0.7622783 -0.6472494 0 0.6259127 -0.7798932 0 0.625878 -0.7799211 0 0.6261191 -0.7797276 0 0.4674011 -0.8840454 0 0.4674146 -0.8840382 0 0.4668147 -0.8843553 0 0.4668265 -0.8843489 0 0.2916989 -0.9565102 0 0.2916941 -0.9565117 0 0.1015666 -0.9948288 0 0.1015691 -0.9948285 0 0.1053807 -0.994432 0 0.1053819 -0.9944319 0 -0.4243853 0.9054818 9.31932e-5 -0.4250577 0.9051663 -4.73331e-5 -0.4244644 0.9054446 -3.41416e-4 -0.4234595 0.905915 1.22578e-4 -0.424848 0.9052647 0 -0.4244832 0.9054359 -1.81292e-5 -0.424608 0.9053774 1.98727e-4 -0.4248947 0.9052428 -0.001959681 -0.4211576 0.9069854 0 -0.5716361 -0.8205074 -2.44515e-6 -0.5716269 -0.8205137 0 -0.5716048 -0.8205292 0.001763045 -0.5596567 -0.8287227 -1.33621e-4 -0.5722072 -0.8201092 9.28823e-5 -0.5714815 -0.820615 3.40286e-5 -0.571628 -0.820513 -2.17e-5 -0.5717189 -0.8204496 -2.29351e-5 -0.5717256 -0.820445 3.31517e-4 -0.5728952 -0.8196287 -0.5532488 -0.007666587 0.8329808 -0.5531259 -0.008614361 0.8330531 -0.5532443 -0.3174893 0.7701437 -0.5532561 -0.3175866 0.7700951 -0.5532729 -0.1648682 0.8165218 -0.5529955 -0.5811994 0.5969952 -0.5530782 -0.4573032 0.6964038 -0.5530504 -0.457382 0.6963742 -0.5536642 -0.4574446 0.6958452 -0.5535216 -0.3158168 0.7706319 -0.5531961 -0.6834754 0.4762725 -0.5529581 -0.6835079 0.4765022 -0.5530629 -0.6832546 0.4767436 -0.5530382 -0.7613679 0.3383308 -0.5527209 -0.8118134 0.1883045 -0.5527644 -0.8118097 0.1881935 -0.5531002 -0.8325338 0.03110879 -0.5528256 -0.8327098 0.03127872 -0.5527746 -0.8117921 0.1882393 -0.553411 -0.8231903 -0.1268622 -0.5532715 -0.8232872 -0.126842 -0.5532798 -0.8323999 0.03149402 -0.5531711 -0.7171528 -0.4239027 -0.553242 -0.7843791 -0.2804866 -0.5531043 -0.7844493 -0.2805617 -0.5527781 -0.7847235 -0.2804384 -0.5528192 -0.8234832 -0.1275401 -0.5530966 -0.6241718 -0.5518097 -0.5534912 -0.6238086 -0.5518246 -0.5529149 -0.3745338 -0.7443182 -0.5529457 -0.5083702 -0.6601597 -0.5530056 -0.508427 -0.6600658 -0.5532848 -0.5082004 -0.6600063 -0.5533954 -0.6236571 -0.5520919 -0.553251 -0.2264031 -0.8016576 -0.5528532 -0.2267474 -0.8018347 -0.5523345 -0.07102155 -0.8305917 -0.5528593 -0.07062876 -0.830276 -0.5527952 -0.2267616 -0.8018707 -0.55325 0.0876007 -0.8283964 -0.5534555 0.08770853 -0.8282478 -0.5527801 0.3894351 -0.7367324 -0.55329 0.389388 -0.7363744 -0.5528546 0.3891165 -0.7368447 -0.552842 0.2427295 -0.7971499 -0.553171 0.2427368 -0.7969195 -0.553213 0.2427755 -0.7968786 -0.5529319 0.6350945 -0.5393714 -0.5531378 0.6352139 -0.5390195 -0.5530879 0.5216088 -0.6496292 -0.5531485 0.5216317 -0.6495592 -0.5528626 0.5214095 -0.649981 -0.5533041 0.725512 -0.4092517 -0.5530924 0.7256789 -0.4092419 -0.5539057 0.8223882 -0.1298704 -0.5539759 0.8223711 -0.1296788 -0.5533469 0.7898547 -0.264456 -0.5534701 0.7898288 -0.2642753 -0.5532218 0.7898277 -0.2647978 -0.553343 0.8073996 0.2047379 -0.5532749 0.8074989 0.2045297 -0.5533232 0.8315758 0.04811435 -0.5527322 0.8319841 0.04785162 -0.5529468 0.8318056 0.04847168 -0.553209 0.7542553 0.3536366 -0.5535985 0.7536095 0.3544031 -0.5535777 0.8072815 0.2045685 -0.5531268 0.5692219 0.6083069 -0.5529317 0.6737182 0.4902759 -0.5534193 0.673557 0.4899471 -0.5529979 0.6743519 0.489329 -0.5530327 0.7543247 0.3537641 -0.5531629 0.4424651 0.7058579 -0.5530185 0.4432563 0.7054746 -0.5533766 0.3018564 0.77631 -0.5533776 0.302113 0.7762094 -0.553329 0.4433187 0.7051919 -0.5529952 -0.00856626 0.8331404 -0.5530282 0.1494297 0.8196527 -0.5528041 0.1494079 0.819808 -0.5528458 0.1506061 0.8195605 -0.5527057 0.3016868 0.7768537 -0.1946591 -0.1953364 0.961224 -0.5531484 -0.1659182 0.8163934 -0.5532127 -0.1659272 0.8163479 -0.1949105 -0.1954404 0.9611519 -0.1949343 -0.3740667 0.9066835 -0.1950214 -0.3739073 0.9067303 -0.1944408 -0.3737527 0.9069188 -0.1943599 -0.5384544 0.8199336 -0.19466 -0.5385244 0.8198164 -0.1951696 -0.5388514 0.8194804 -0.1952282 -0.6841056 0.7027699 -0.5531221 -0.5810316 0.5970413 -0.5532065 -0.5808351 0.5971543 -0.1949909 -0.8047091 0.5607332 -0.1944088 -0.8046894 0.5609636 -0.1946957 -0.8023684 0.5641798 -0.1947258 -0.6840212 0.7029915 -0.1949471 -0.8961641 0.3986046 -0.194689 -0.8963016 0.3984215 -0.5528777 -0.7614098 0.3384991 -0.5526847 -0.7616964 0.3381689 -0.1948131 -0.8963072 0.3983485 -0.1948512 -0.9555502 0.2212617 -0.1954904 -0.9553625 0.2215085 -0.1953508 -0.9553195 0.221817 -0.1953614 -0.9800471 0.03662824 -0.1948055 -0.980151 0.03680789 -0.1947699 -0.969384 -0.1495313 -0.1948915 -0.9693918 -0.1493217 -0.1948941 -0.9693869 -0.1493493 -0.1948775 -0.9235571 -0.3302501 -0.1947364 -0.923572 -0.330292 -0.194448 -0.923772 -0.3299019 -0.194401 -0.8445722 -0.4989051 -0.5529366 -0.7173564 -0.4238644 -0.5531117 -0.7173684 -0.4236156 -0.1948081 -0.844403 -0.4990324 -0.1947643 -0.7345311 -0.6500238 -0.1948539 -0.7346362 -0.6498782 -0.1947625 -0.7346689 -0.6498686 -0.1948072 -0.5985243 -0.7770578 -0.1947761 -0.5985141 -0.7770736 -0.195075 -0.5983075 -0.7771576 -0.1952287 -0.4404201 -0.8763081 -0.5534694 -0.3739939 -0.7441775 -0.5532206 -0.3739594 -0.7443798 -0.1952624 -0.266822 -0.9437578 -0.1949822 -0.2669877 -0.9437689 -0.194851 -0.2661172 -0.9440417 -0.1947816 -0.4406038 -0.8763154 -0.1952043 -0.08337646 -0.9772122 -0.1948572 -0.08311039 -0.9773041 -0.5532957 -0.07057321 -0.8299899 -0.5533336 0.08749914 -0.8283514 -0.1945101 -0.08334547 -0.9773533 -0.1944593 0.1033807 -0.9754476 -0.1949791 0.1031442 -0.9753689 -0.1942825 0.09973376 -0.9758625 -0.1943187 0.2856703 -0.9384204 -0.1955564 0.2860826 -0.9380375 -0.195534 0.4577932 -0.8672899 -0.1949944 0.4583137 -0.8671367 -0.1953328 0.4583683 -0.8670315 -0.1952778 0.6140374 -0.7647383 -0.1954109 0.6139839 -0.7647474 -0.1952488 0.6138679 -0.7648817 -0.1951889 0.7478556 -0.6345182 -0.5536075 0.6350124 -0.5387746 -0.5536087 0.7256634 -0.4085708 -0.1942598 0.7477773 -0.6348955 -0.1942441 0.8545685 -0.4816451 -0.1943726 0.8544586 -0.4817883 -0.1946026 0.8543801 -0.4818347 -0.1945098 0.9301728 -0.3113592 -0.194862 0.9301409 -0.3112344 -0.1947083 0.9301166 -0.3114033 -0.1947371 0.9722165 -0.1298944 -0.5892763 0.8008183 -0.106974 -0.554642 0.8305439 -0.05068784 -0.1953505 0.9721294 -0.129626 -0.1954375 0.9791844 0.05479121 -0.1948136 0.9792031 0.0566495 -0.1951729 0.9791237 0.05678206 -0.1953166 0.9506461 0.2410885 -0.1947594 0.9508009 0.2409284 -0.195091 0.7930354 0.5770914 -0.1947059 0.7932071 0.5769856 -0.1947001 0.8866484 0.4194599 -0.1946603 0.8880999 0.4163964 -0.1946871 0.8881056 0.416372 -0.1946616 0.9508513 0.240808 -0.1950277 0.6698809 0.7163963 -0.1945856 0.669655 0.7167277 -0.5532127 0.5687512 0.6086689 -0.5531961 0.5687176 0.6087154 -0.1950857 0.6694055 0.716825 -0.1950511 0.522071 0.8302994 -0.1944612 0.5219362 0.8305224 -0.1950217 0.5208556 0.8310691 -0.1950874 0.3553562 0.914146 -0.1952722 0.3553131 0.9141234 -0.1953833 0.176261 0.9647577 -0.1949675 0.1758452 0.9649177 -0.1952037 0.1756692 0.9649021 -0.1951578 -0.01015925 0.9807193 -0.1952164 -0.01018363 0.9807074 -0.1947236 -0.009574174 0.9808115 0 0.5715532 0.8205652 -7.0048e-5 0.5715702 0.8205532 0.001420676 0.5739742 0.8188722 -1.82235e-4 0.5713848 0.8206823 6.03369e-5 0.5719182 0.8203107 5.35114e-5 0.5719019 0.820322 -4.32127e-5 0.5716873 0.8204717 -4.18362e-6 0.5717174 0.8204506 0 0.5716713 0.8204828 5.93954e-5 0.4243159 -0.9055143 6.65541e-4 0.4201067 -0.9074745 0 0.4248222 -0.9052768 0 0.4243184 -0.9055131 6.60187e-5 0.4249354 -0.9052238 8.56661e-6 0.4247324 -0.905319 -8.84467e-5 0.4243216 -0.9055116 7.45943e-6 0.4246041 -0.9053791 -9.76839e-5 0.4247999 -0.9052873 -2.17675e-5 0.4246178 -0.9053727 0.8632383 0.1914414 -0.4670866 0.8655409 0.3937243 -0.3095486 0.8652942 0.4761238 -0.1567556 0.8650614 0.5016548 0.00337255 0.8646976 0.4736637 0.1671551 0.8635127 0.2684851 0.426921 0.8638262 0.1285881 0.4871031 0.8653017 0.07969713 0.4948753 0.8650717 -0.07336431 0.4962549 0.8633199 -0.1903024 0.467401 0.8653014 -0.495673 -0.074579 0.8647741 -0.4740039 -0.1657897 0.865097 -0.3549857 -0.3543904 0.8655446 0.01779609 -0.5005157 0.8932979 -0.03821808 -0.4478375 0.9066012 -0.03572332 -0.4204737 0.863229 -0.2676498 -0.4280177 0.8652196 -0.1545486 -0.4769799 0.8632646 -0.2660641 -0.4289339 0.865167 -0.3594638 -0.3496738 0.8652739 -0.4103388 -0.2879639 0.8655445 -0.4405277 -0.2382608 0.8652949 -0.4958146 -0.07370728 0.8650632 -0.4938197 0.08836245 0.8650982 -0.4949211 0.0815984 0.8652167 -0.5013979 3.20008e-4 0.864725 -0.4384342 0.2450021 0.8653179 -0.4760833 0.1567472 0.8652419 -0.2933174 0.4065973 0.8641999 -0.3738778 0.3367104 0.8634114 -0.1923256 0.4664031 0.9076142 -0.3410034 0.2448534 0.8622083 -0.412539 0.2939532 0.8636136 -0.03925371 0.5026239 0.8653019 0.005332112 0.501223 0.8650745 0.1559841 0.4767759 0.8633198 0.2664745 0.4285677 0.8652639 0.3579697 0.3509646 0.8641622 0.4254923 0.2686634 0.8653199 0.4957183 0.07406008 0.9075431 0.3776823 0.1836344 0.8622192 0.4563186 0.2198902 0.865101 0.5015859 -0.003462553 0.8652058 0.4942108 -0.08470392 0.8653274 0.4760717 -0.1567305 0.864785 0.4390969 -0.2435999 0.8650789 0.2894875 -0.4096773 0.8651914 0.2948875 -0.4055678 0.8652959 0.3558008 -0.3530848 0.8632545 0.1898148 -0.4677199 0.8652269 0.0711345 -0.4963088 0.8634861 -0.0434187 -0.5025004 -0.7076914 0.7053231 0.04113662 -0.7042235 -0.2515512 -0.6639211 -0.7042539 -0.3693262 -0.6063206 -0.7085213 -0.3171704 -0.6303972 -0.7084981 -0.3168559 -0.6305814 -0.7042781 -0.4743781 -0.5281646 -0.7084545 -0.4305717 -0.5591961 -0.7084686 -0.4306195 -0.5591413 -0.7043147 -0.5633185 -0.4319875 -0.708387 -0.5287933 -0.46751 -0.7083777 -0.5285409 -0.4678094 -0.7043703 -0.6330878 -0.3210333 -0.708323 -0.6076498 -0.3592217 -0.7083066 -0.6078544 -0.3589078 -0.7044348 -0.681223 -0.199266 -0.7081844 -0.6648362 -0.2376294 -0.7081929 -0.6648183 -0.2376541 -0.7044953 -0.7061792 -0.07069182 -0.7080425 -0.6979312 -0.1075546 -0.7080498 -0.6978418 -0.1080847 -0.7045937 -0.7070494 0.06024092 -0.7078881 -0.7058266 0.02651786 -0.7078971 -0.7058101 0.02671593 -0.7046812 -0.6838265 0.1892241 -0.7077255 -0.6882246 0.1595985 -0.7077158 -0.6882286 0.159624 -0.7047769 -0.6373815 0.3115034 -0.707497 -0.6458146 0.2870047 -0.7075344 -0.6458972 0.2867263 -0.7048953 -0.5691698 0.4232829 -0.7072921 -0.5799781 0.4041821 -0.7072804 -0.5797585 0.4045176 -0.7050148 -0.4816558 0.52054 -0.7070502 -0.49324 0.5067489 -0.7070381 -0.4930472 0.5069534 -0.705135 -0.3776478 0.600139 -0.7067874 -0.3885552 0.5911654 -0.7067827 -0.388401 0.5912724 -0.7052768 -0.2609753 0.6591484 -0.7065019 -0.2697927 0.6542683 -0.7064375 -0.2682693 0.6549639 -0.6818336 -0.006974697 0.7314741 -0.7061854 -0.1410111 0.693843 -0.7061814 -0.1400082 0.6940501 -0.7057613 -0.1352902 0.6954119 -0.7057671 -0.005191922 0.708425 -0.7054888 -0.007315397 0.7086834 -0.705591 0.1250678 0.6974952 -0.7058583 0.1270548 0.6968653 -0.7059137 0.2509548 0.6623501 -0.7051424 0.2567105 0.6609644 -0.7058601 0.1275652 0.6967702 -0.7062015 0.4731063 0.5267351 -0.7043129 0.4846454 0.5187122 -0.706419 0.3760334 0.5996424 -0.7060733 0.368385 0.6047753 -0.7047272 0.3776058 0.6006442 -0.7062335 0.2567237 0.6597934 -0.7064523 0.6312398 0.3200962 -0.7034276 0.6435137 0.3017944 -0.7071235 0.57228 0.4152975 -0.7063257 0.5617321 0.430768 -0.7038918 0.5743092 0.4179777 -0.70674 0.4833748 0.516592 -0.7066592 0.7040354 0.07047778 -0.7024052 0.7106035 0.04086184 -0.7075004 0.6850789 0.1735228 -0.7065464 0.6792054 0.1986763 -0.7029353 0.6894588 0.1747245 -0.7072488 0.6397596 0.3008436 -0.7056333 0.7072584 -0.04321259 -0.7042157 0.7074235 -0.06026977 -0.7077808 0.6977853 -0.1101906 -0.7068023 0.6817919 -0.1886544 -0.7013742 0.6759477 -0.2262057 -0.7077945 0.6977887 -0.1100819 -0.7069333 0.5675363 -0.4220755 -0.7001814 0.5442252 -0.4621309 -0.7081919 0.6152153 -0.3463732 -0.7068852 0.635493 -0.3105834 -0.7007666 0.6213687 -0.350467 -0.7080547 0.6695343 -0.2244606 -0.7070001 0.376666 -0.5985596 -0.6989761 0.3343026 -0.632198 -0.7083894 0.4417176 -0.550518 -0.7069748 0.4803259 -0.5191087 -0.6995831 0.4473634 -0.5571799 -0.7082839 0.5382811 -0.4567138 -0.707045 0.1350228 -0.6941587 -0.697582 0.07552307 -0.7125136 -0.7085202 0.2056782 -0.6750523 -0.7070391 0.2603085 -0.6575221 -0.6982479 0.2086545 -0.6847724 -0.7084743 0.3295409 -0.624073 -0.7085608 -0.1917425 -0.6790997 -0.7085655 -0.1919848 -0.6790264 -0.704214 -0.125323 -0.6988396 -0.7085625 -0.05975633 -0.7031134 -0.7070558 0.005189836 -0.7071388 -0.696832 -0.06107693 -0.7146291 -0.7085409 0.07417315 -0.7017608 0 0.9964105 -0.08465361 6.29867e-5 0.9963757 -0.08506309 -1.47373e-4 0.9964373 -0.08433806 2.51236e-5 0.9963771 -0.08504539 0 0.9963886 -0.08491069 -1.22375e-4 0.9963271 -0.08562999 2.35519e-5 0.996401 -0.08476477 -1.67521e-5 0.9963881 -0.08491629 5.44602e-5 0.9963793 -0.0850194 5.9798e-5 0.9963718 -0.08510696 0 0.007353425 -0.999973 0 0.1909468 -0.9816004 0 0.1909567 -0.9815985 0 0.3681286 -0.9297749 0 0.3681124 -0.9297813 0 0.5325894 -0.8463737 0 0.6791678 -0.7339831 0 0.6791452 -0.734004 0 0.8024223 -0.5967567 0 0.8024268 -0.5967507 0 0.898446 -0.4390842 0 0.8984369 -0.4391028 0 0.9637861 -0.2666764 0 0.9637823 -0.2666904 0 0.99639 -0.08489418 0 0.9950271 0.09960502 0 0.9950266 0.09960967 0 0.959782 0.2807468 0 0.8918876 0.4522572 0 0.8918838 0.4522649 0 0.7935249 0.608538 0 0.7935387 0.6085198 0 0.66821 0.7439727 0 0.6682332 0.743952 0 0.5202245 0.8540296 0 0.5202382 0.8540212 0 0.3542889 0.9351361 0 0.1765295 0.9842954 0 0.1765204 0.984297 0 -0.007353484 0.9999729 0 -0.1909468 0.9816004 0 -0.1909558 0.9815986 0 -0.3681124 0.9297813 0 -0.3681108 0.929782 0 -0.5325916 0.8463725 0 -0.5326029 0.8463653 0 -0.6791678 0.7339831 0 -0.6791452 0.734004 0 -0.8024268 0.5967507 0 -0.8024223 0.5967567 0 -0.898446 0.4390842 0 -0.8984388 0.439099 0 -0.963785 0.2666808 0 -0.9637811 0.2666948 0 -0.9963904 0.08488953 0 -0.99639 0.08489418 0 -0.9950271 -0.09960502 0 -0.9950266 -0.09960967 0 -0.9597849 -0.2807367 0 -0.959782 -0.2807468 0 -0.8918895 -0.4522534 0 -0.8918819 -0.4522686 0 -0.7935249 -0.608538 0 -0.7935364 -0.6085228 0 -0.6682332 -0.743952 0 -0.6682124 -0.7439706 0 -0.5202361 -0.8540225 0 -0.5202265 -0.8540283 0 -0.3542889 -0.9351361 0 -0.1765204 -0.984297 0 0.007353484 -0.9999729 1 1.37104e-5 0 1 -1.37104e-5 0 1 1.36279e-5 0 1 -6.8555e-6 0 1 -1.31647e-5 0 1 -3.24872e-6 0 1 -1.04213e-5 0 1 2.68852e-5 0 1 6.49771e-6 0 1 6.85547e-6 0 1 1.36839e-5 0 1 -1.69413e-5 0 1 6.87566e-6 0 1 -6.40389e-6 0 1 3.24885e-6 0 1 -1.36785e-5 0 1 1.31638e-5 0 1 -6.77382e-6 0 1 -6.58231e-6 0 1 6.49742e-6 0 1 -1.6803e-5 0 1 -6.87568e-6 0 1 6.40387e-6 0 1 6.65711e-6 0 -1 -2.10857e-5 0 -1 1.40563e-5 0 -1 1.40589e-5 0 -1 2.4598e-5 0 -1 7.02755e-6 0 -1 -1.40562e-5 0 -1 5.62203e-5 0 -1 -3.51428e-5 0 -1 -1.40588e-5 0 -1 -2.4598e-5 0 -1 -1.40551e-5 0 -1 1.40562e-5 0 -1 -2.81116e-5 0 -1 7.02943e-6 0 6.57707e-4 -0.5702713 -0.8214562 -0.002686738 -0.5205683 -0.8538159 6.5884e-4 -0.571605 -0.8205288 -8.62893e-4 -0.7154809 -0.6986318 -0.001727342 -0.7237573 -0.6900525 0.001151561 -0.8347929 -0.5505629 0.00115174 -0.8349472 -0.5503289 -0.00286585 -0.8777503 -0.4791098 0.001435995 -0.9238294 -0.3828018 0.001435756 -0.9239999 -0.3823902 -0.002297222 -0.9718062 -0.2357699 0 -0.9795978 -0.2009686 0 -0.9999333 -0.01155966 -0.002287864 -0.9997108 0.02393984 0.001142501 -0.9326907 0.3606756 -0.002877712 -0.9594277 0.2819404 0.001445889 -0.9841108 0.1775497 0.001446127 -0.9841275 0.1774577 0.001142382 -0.9324325 0.3613427 -0.001908421 -0.8476849 0.5304968 -9.69628e-4 -0.8538183 0.5205702 6.71777e-4 -0.7309125 0.6824709 6.71354e-4 -0.731893 0.6814193 -0.002685904 -0.6900469 0.7237598 6.5921e-4 -0.4264233 0.9045235 -0.002672791 -0.479101 0.8777557 0.001528918 -0.5891761 0.8080032 0.001528739 -0.589769 0.8075706 6.59523e-4 -0.4259777 0.9047335 -8.7436e-4 -0.247175 0.9689705 -0.001725614 -0.2357705 0.9718073 0.001154363 -0.05902689 0.9982557 0.001154661 -0.0592373 0.9982433 -0.002868413 0.02394002 0.9997093 0.001435518 0.1303986 0.9914606 0.00143522 0.1312107 0.9913536 -0.002292752 0.281946 0.9594275 0 0.3159047 0.948791 0 0.4897265 0.8718762 -0.002302885 0.5205664 0.8538182 0.001145899 0.7786101 0.6275071 -0.002876818 0.7237542 0.6900519 0.001430273 0.6459982 0.7633376 0.001430273 0.6456865 0.7636014 0.001146376 0.7793417 0.6265982 -0.001901209 0.8833211 0.4687646 -9.56195e-4 0.8777591 0.4791015 6.75181e-4 0.9561787 0.2927831 6.75413e-4 0.9560431 0.2932254 -0.00268644 0.9718039 0.2357752 6.79687e-4 0.9965055 -0.0835247 -0.002685546 0.9997096 -0.02394938 0.001535117 0.9942806 0.1067884 0.001535177 0.9942778 0.1068154 6.79697e-4 0.9966084 -0.0822879 -8.60052e-4 0.962765 -0.2703388 -0.001734912 0.9594283 -0.2819476 0.00113672 0.894226 -0.4476144 0.001137256 0.8940771 -0.4479117 -0.002880215 0.8538151 -0.5205684 0.001426756 0.7933909 -0.6087108 0.001427233 0.7930391 -0.6091693 -0.002300798 0.6900529 -0.7237554 0 0.6637722 -0.7479348 0 0.5100365 -0.8601528 -0.002293229 0.4791094 -0.8777522 0.001150786 0.1542127 -0.9880371 -0.002869784 0.2357695 -0.9718049 0.001443028 0.3382198 -0.9410661 0.001443088 0.338252 -0.9410545 0.001150548 0.1538203 -0.9880982 -0.001913547 -0.03576976 -0.9993582 -9.61318e-4 -0.02394378 -0.999713 6.78419e-4 -0.2256018 -0.9742193 6.782e-4 -0.2241786 -0.9745479 -0.002689421 -0.2819452 -0.9594268 0.001533985 -0.4048774 -0.9143697 0.001533389 -0.4046097 -0.9144883 0.1948919 0.6334575 0.7488317 0.1955919 0.9438162 -0.2663735 0.1955537 0.8768197 -0.4392563 0.194178 0.5006492 -0.8435907 0.1949433 -0.9608268 -0.1970005 0.1945688 -0.9148527 0.3538184 0.1952538 -0.242444 0.9503141 0.1951982 -0.05838578 0.9790244 0.1948444 -0.05825513 0.9791026 0.1946193 -0.05875235 0.9791178 0.1945437 0.1282781 0.9724698 0.1946097 -0.4181536 0.887285 0.1952014 -0.4180127 0.8872213 0.195244 -0.5721554 0.7965665 0.1950674 -0.9146763 0.3539999 0.1950589 -0.8318665 0.5195674 0.1946985 -0.8313403 0.5205438 0.1950356 -0.8312352 0.5205855 0.1951351 -0.7177899 0.6683562 0.1945073 -0.7180439 0.6682664 0.1950289 -0.7176464 0.6685413 0.1947786 -0.9608516 -0.1970421 0.1947581 -0.9807861 -0.01131218 0.1949204 -0.9807518 -0.01148259 0.1951197 -0.9807134 -0.01138418 0.1952171 -0.9651628 0.1742157 0.1950994 -0.965185 0.1742246 0.1945418 -0.9654051 0.173628 0.1946661 -0.7019082 -0.6851496 0.1947505 -0.8189677 -0.5397816 0.1950447 -0.8187418 -0.5400182 0.1947492 -0.8187175 -0.5401617 0.1947446 -0.9062653 -0.375177 0.1951298 -0.9062091 -0.3751128 0.1948525 -0.9061277 -0.3754533 0.1952121 -0.5592628 -0.8056783 0.05644327 -0.3604002 -0.9310885 0.1952112 -0.4390692 -0.8769897 0.1945249 -0.5596449 -0.8055792 0.195397 -0.219888 -0.9557559 0.1948198 -0.03500479 -0.9802143 0.1952962 -0.03518414 -0.9801131 0.1953447 -0.2202588 -0.9556812 0.1947744 0.5004125 -0.8435937 0.194677 0.3308426 -0.9233874 0.1951271 0.3315449 -0.9230404 0.1948078 0.3317426 -0.9230368 0.1949089 0.151018 -0.9691255 0.1946586 0.1510812 -0.9691659 0.1948896 0.1508769 -0.9691513 0.1948494 0.8770719 -0.4390656 0.1949829 0.7780744 -0.5971449 0.1949206 0.7781286 -0.5970945 0.1953613 0.7779148 -0.5972291 0.1952768 0.6508563 -0.7336573 0.1946663 0.6511144 -0.7335905 0.1941737 0.6516667 -0.7332307 0.1951128 0.9773349 -0.08214348 0.1945689 0.9774726 -0.08179473 0.1953438 0.9773668 -0.08121049 0.1952291 0.9751659 0.1045808 0.1948555 0.9378091 0.2873076 0.1952508 0.9377686 0.2871714 0.1957809 0.6335254 0.7485422 0.1957945 0.7625893 0.6165404 0.1949225 0.7639132 0.6151764 0.1946805 0.7639752 0.615176 0.1946656 0.8663845 0.4598733 0.1951904 0.8663749 0.4596688 0.1947895 0.8662958 0.4599876 0.1945602 0.1282966 0.9724641 0.1945133 0.3099625 0.9306385 0.1946452 0.3096954 0.9306998 0.1952439 0.3099395 0.9304931 0.1952538 0.4804165 0.8550298 0.19495 0.4802921 0.855169 0.1949228 0.4803212 0.8551589 0.5534741 0.1089309 0.8257122 0.5530036 0.1086423 0.8260654 0.5529431 -0.049506 0.8317471 0.5533126 -0.04930073 0.8315135 0.5533812 -0.04913395 0.8314777 0.5533174 -0.2058615 0.8071313 0.1952975 -0.2423813 0.9503211 0.1946586 -0.2418954 0.950576 0.5528138 -0.3553459 0.7537415 0.55334 -0.355014 0.7535117 0.5533276 -0.3548362 0.7536046 0.5532671 -0.2059381 0.8071463 0.5528932 -0.4909154 0.6732839 0.5533567 -0.4910039 0.6728385 0.1946651 -0.5782787 0.7922748 0.1949655 -0.5783272 0.7921654 0.5530425 -0.4913761 0.672825 0.5529174 -0.6099044 0.567714 0.5529319 -0.6098003 0.5678116 0.5531778 -0.6089693 0.5684635 0.5533582 -0.7059554 0.4420654 0.5527808 -0.7064303 0.4420291 0.5529924 -0.7768516 0.3011662 0.5532829 -0.7768795 0.3005604 0.5529861 -0.777142 0.3004277 0.5531651 -0.8198215 0.1479902 0.5529738 -0.8199595 0.1479409 0.5528834 -0.820034 0.1478657 0.5529266 -0.8331729 -0.009753763 0.5532463 -0.832962 -0.009636104 0.553242 -0.8160478 -0.1673005 0.5530089 -0.8161736 -0.1674571 0.5529808 -0.7698714 -0.3186071 0.553083 -0.7697588 -0.3187016 0.5527055 -0.7698879 -0.3190442 0.5527712 -0.6955955 -0.458902 0.5534021 -0.6954385 -0.4583792 0.5532855 -0.6953595 -0.4586398 0.5533593 -0.5960597 -0.581813 0.1947388 -0.7019286 -0.6851081 0.1947986 -0.5575698 -0.8069508 0.5533303 -0.4749335 -0.6842981 0.5532704 -0.4750369 -0.6842747 0.552904 -0.4761518 -0.6837958 0.5528745 -0.5962083 -0.5821215 0.553284 -0.3369799 -0.7617884 0.5529891 -0.3373605 -0.7618339 0.1948616 -0.3971163 -0.8968433 0.1948641 -0.2197238 -0.9559025 0.5529993 -0.3372778 -0.7618633 0.552979 -0.1868441 -0.8119751 0.5529168 -0.1867985 -0.8120279 0.5532501 -0.1878919 -0.8115487 0.553268 -0.02974921 -0.832472 0.5534093 -0.02976572 -0.8323774 0.5533994 0.1281266 -0.8230023 0.5534522 0.1282067 -0.8229543 0.5531098 0.1284853 -0.8231409 0.5531378 0.2816191 -0.7840468 0.5527217 0.281856 -0.7842551 0.5527172 0.2818436 -0.7842627 0.5526626 0.425403 -0.7166564 0.5534493 0.4248283 -0.7163901 0.5533775 0.552822 -0.6230259 0.5529807 0.5530861 -0.6231439 0.5529358 0.6607668 -0.5075918 0.553316 0.6607612 -0.5071844 0.5530734 0.6610466 -0.5070772 0.5531588 0.7448357 -0.3731423 0.5531845 0.7448295 -0.3731168 0.5530604 0.745023 -0.3729143 0.5530626 0.8021416 -0.2251458 0.1951291 0.9442697 -0.2651027 0.1950702 0.9442914 -0.265069 0.553309 0.8300647 -0.06958419 0.5529969 0.8302821 -0.06947135 0.5532782 0.8301673 -0.06859743 0.5532858 0.8019686 -0.2252136 0.5533894 0.8281586 0.08895844 0.5533108 0.8282127 0.08894395 0.1947398 0.9752463 0.1047435 0.1953045 0.9742536 0.1126331 0.55333 0.8281989 0.08895349 0.5533269 0.796339 0.2442815 0.5526623 0.7968504 0.2441185 0.5527673 0.7968177 0.243988 0.5527691 0.7360726 0.3906961 0.5531327 0.7358716 0.3905604 0.5531329 0.6492282 0.5220602 0.5534432 0.6487755 0.5222941 0.5527433 0.6488587 0.5229315 0.5527502 0.5381351 0.6363002 0.553308 0.5380515 0.635886 0.553 0.5379531 0.636237 0.5530309 0.4081588 0.7263356 0.5527652 0.4080814 0.7265812 0.5528196 0.2631198 0.7906696 0.5531679 0.2631322 0.7904219 0.5531421 0.1092484 0.8258926 0 -0.9145734 0.4044203 1.15704e-4 -0.9141909 0.4052838 0 -0.9145308 0.4045162 -1.04169e-4 -0.9142892 0.4050622 -1.28794e-4 -0.9142295 0.405197 1.46046e-4 -0.9146376 0.4042749 -3.46305e-4 -0.9141432 0.4053916 3.39233e-5 -0.9144788 0.4046339 -6.52465e-5 -0.9145934 0.404375 -3.28757e-5 -0.9145509 0.404471 0 -0.3610066 -0.9325634 0.009116053 -0.4049925 -0.9142746 0.0090999 -0.4476182 -0.8941786 0 -0.4045578 -0.9145125 0 -0.5704697 -0.8213188 0 -0.5704674 -0.8213203 0 -0.5682544 -0.822853 0 -0.5684066 -0.8227478 0 -0.7156128 -0.6984972 0 -0.7156078 -0.6985024 0 -0.8349096 -0.5503872 0 -0.8349139 -0.5503806 0 -0.8346678 -0.5507538 0 -0.8346728 -0.5507461 0 -0.923991 -0.3824142 0 -0.9239825 -0.3824347 0 -0.9238146 -0.3828401 0 -0.9796127 -0.2008957 0 -0.9796148 -0.2008855 0 -0.9999337 -0.01152175 0 -0.9999337 -0.01152145 0 -0.9999328 -0.01160413 0 -0.9999327 -0.01160442 0 -0.9841063 0.1775807 0 -0.9841073 0.1775752 0 -0.9842062 0.1770257 0 -0.9842017 0.1770516 0 -0.9326052 0.3608984 0 -0.8481287 0.5297903 0 -0.8481218 0.5298013 0 -0.8474801 0.5308274 0 -0.847468 0.5308465 0 -0.7320277 0.681275 0 -0.732018 0.6812854 0 -0.7317305 0.6815941 0 -0.7317413 0.6815826 0 -0.5896186 0.8076819 0 -0.583616 0.8120298 0 -0.4263447 0.9045608 0 -0.4263402 0.904563 0 -0.2466192 0.9691125 0 -0.2466133 0.9691141 0 -0.2471793 0.9689698 0 -0.05954205 0.9982258 0 -0.05990523 0.9982041 0 -0.05990105 0.9982044 0 0.1307948 0.9914095 0 0.1307935 0.9914097 0 0.3159237 0.9487847 0 0.316002 0.9487586 0 0.4897562 0.8718595 0 0.4897449 0.8718658 0 0.4897001 0.871891 0 0.4897162 0.871882 0 0.6460183 0.7633221 0 0.6460306 0.7633115 0 0.7776817 0.6286585 0 0.7776747 0.628667 0 0.7788305 0.6272345 0 0.7788366 0.6272269 0 0.8833513 0.4687115 0 0.8833549 0.4687049 0 0.8831948 0.4690065 0 0.8832005 0.4689959 0 0.9561828 0.2927706 0 0.956175 0.2927959 0 0.993383 0.114849 0 0.9933834 0.1148455 0 0.9942989 0.1066287 0 0.9943012 0.1066073 0 0.9965662 -0.08279979 0 0.9965682 -0.08277672 0 0.9964849 -0.08377259 0 0.9964866 -0.08375322 0 0.9627869 -0.2702618 0 0.9627851 -0.270268 0 0.9623798 -0.2717078 0 0.9624053 -0.2716175 0 0.8942026 -0.4476627 0 0.894211 -0.4476457 0 0.7933325 -0.6087886 0 0.7933579 -0.6087556 0 0.7931749 -0.608994 0 0.6637954 -0.7479142 0 0.6638023 -0.7479081 0 0.6642951 -0.7474705 0 0.6642827 -0.7474815 0 0.5101881 -0.8600628 0 0.510196 -0.8600583 0 0.3373134 -0.9413925 0 0.3372901 -0.9414008 0 0.3381601 -0.9410886 0 0.1540346 -0.9880654 0 0.1540321 -0.988066 0 0.1538478 -0.9880946 0 -0.03587806 -0.9993562 0 -0.03587776 -0.9993563 0 -0.2244862 -0.9744774 0 -0.224491 -0.9744762 0 -0.2240218 -0.9745842 0 -0.2240243 -0.9745836 0 -0.1067335 0.9942877 3.1068e-5 -0.1069309 0.9942665 -7.10103e-5 -0.1064823 0.9943146 1.73952e-4 -0.1071545 0.9942424 8.48687e-5 -0.1069858 0.9942606 0 -0.1071743 0.9942402 4.46241e-5 -0.1068035 0.9942802 -1.29636e-4 -0.1065392 0.9943085 -8.88388e-4 -0.1050963 0.9944617 0 -0.8076277 -0.5896928 1.22252e-5 -0.8077208 -0.5895653 0 -0.8076715 -0.5896328 -6.70197e-4 -0.8107727 -0.5853608 5.02408e-5 -0.8074972 -0.5898715 -1.6549e-4 -0.8080103 -0.5891684 1.73381e-4 -0.8074135 -0.5899859 -2.40723e-5 -0.8076729 -0.589631 1.96566e-4 -0.8080558 -0.5891059 -2.1949e-4 -0.8070448 -0.5904902 -0.5533699 0.2610836 0.7909597 -0.5533359 0.2630265 0.7903395 -0.5529155 -0.04950708 0.8317653 -0.5529529 -0.04949951 0.831741 -0.5530338 0.1086291 0.8260469 -0.5533021 -0.3551651 0.7534684 -0.5532044 -0.2053601 0.8073365 -0.5530304 -0.20589 0.8073207 -0.5533199 -0.2059975 0.8070949 -0.5533499 -0.04732811 0.8316033 -0.5528661 -0.4911677 0.6731222 -0.5530976 -0.4911571 0.6729397 -0.553007 -0.4913563 0.6728688 -0.5529918 -0.6097355 0.5678228 -0.5533674 -0.706014 0.4419601 -0.5531172 -0.706091 0.4421504 -0.5529925 -0.7770799 0.3005765 -0.5527905 -0.7772102 0.3006114 -0.5528344 -0.7065196 0.4418192 -0.553207 -0.8197924 0.1479949 -0.5531151 -0.8198539 0.1479975 -0.5530337 -0.7770085 0.3006852 -0.5533268 -0.8159242 -0.1676223 -0.5532062 -0.8329905 -0.00947386 -0.5529955 -0.8331272 -0.009763181 -0.5530232 -0.8331095 -0.009702801 -0.5529319 -0.8200481 0.147606 -0.5529869 -0.769783 -0.3188099 -0.5528287 -0.7699263 -0.3187381 -0.5533394 -0.5960095 -0.5818833 -0.5532302 -0.6954283 -0.4586021 -0.5532889 -0.695304 -0.4587196 -0.5527092 -0.6958823 -0.4585416 -0.5526772 -0.7699455 -0.3189545 -0.5528415 -0.4756015 -0.6842291 -0.5535182 -0.4749431 -0.6841394 -0.5529839 -0.33741 -0.7618158 -0.5532697 -0.3370478 -0.7617687 -0.5533037 -0.4749 -0.6843428 -0.5532951 -0.18678 -0.8117746 -0.5527032 -0.1870877 -0.8121068 -0.5530622 0.1282868 -0.8232039 -0.5535009 0.1284207 -0.8228881 -0.5534135 0.1282407 -0.8229751 -0.5534152 -0.02972555 -0.8323751 -0.5532671 -0.02979165 -0.8324711 -0.5532755 -0.02980607 -0.8324649 -0.5528712 0.4250895 -0.7166815 -0.5526957 0.4249917 -0.7168748 -0.5527287 0.281714 -0.7843011 -0.5533903 0.2818409 -0.7837888 -0.5531316 0.2815688 -0.7840692 -0.5529854 0.552906 -0.6232995 -0.5537073 0.5528157 -0.6227384 -0.5540137 0.7353749 -0.3902468 -0.5538798 0.7353598 -0.3904655 -0.5531141 0.6609018 -0.5072215 -0.5534373 0.6608967 -0.5068756 -0.552928 0.6606057 -0.5078097 -0.553173 0.8301663 -0.06945174 -0.5532839 0.8301064 -0.06928426 -0.5533298 0.8019566 -0.2251484 -0.5526552 0.8023597 -0.2253694 -0.5529963 0.8022747 -0.2248343 -0.5530815 0.8283646 0.08895462 -0.5532452 0.8281878 0.08958083 -0.5532424 0.8301153 -0.06950986 -0.552703 0.7362295 0.3904941 -0.5527473 0.7967431 0.2442766 -0.5530617 0.7965998 0.2440319 -0.5533011 0.7962659 0.2445785 -0.5533615 0.8281903 0.08883601 -0.5530102 0.6492508 0.522162 -0.5532229 0.6487909 0.5225082 -0.5528076 0.5381617 0.6362277 -0.5527927 0.5384005 0.6360387 -0.5527827 0.6489155 0.5228193 -0.5528132 0.2633069 0.7906119 -0.5527387 0.408073 0.7266061 -0.5532984 0.4080114 0.7262146 -0.5531804 0.4110518 0.7245881 -0.5529944 0.5381168 0.6361033 -0.1945837 0.1282882 0.9724605 -0.5530576 0.1089671 0.8259865 -0.5531239 0.108895 0.8259516 -0.1945055 0.1282769 0.9724777 -0.1946198 -0.05870276 0.9791207 -0.1948348 -0.05826264 0.9791042 -0.1951982 -0.05838578 0.9790244 -0.1952313 -0.2424056 0.9503285 -0.1953515 -0.2424674 0.9502881 -0.1946586 -0.2418954 0.950576 -0.1946696 -0.4179888 0.8873496 -0.5528475 -0.3551209 0.7538229 -0.5527914 -0.3552902 0.7537843 -0.1949626 -0.5782873 0.7921954 -0.1946651 -0.5782787 0.7922748 -0.1952061 -0.5724655 0.7963528 -0.1951483 -0.4181779 0.8871552 -0.1950289 -0.7176464 0.6685413 -0.1947806 -0.7178415 0.6684042 -0.5531034 -0.6097355 0.5677142 -0.5532656 -0.6094109 0.5679046 -0.1951493 -0.7180194 0.6681054 -0.195065 -0.8311792 0.5206638 -0.1946896 -0.831353 0.5205268 -0.1950589 -0.8318665 0.5195674 -0.1950517 -0.91475 0.3538182 -0.1945725 -0.9147884 0.3539828 -0.1945884 -0.9653882 0.1736695 -0.1950742 -0.9651941 0.1742025 -0.1952654 -0.9651551 0.1742042 -0.1951199 -0.9807123 -0.01148027 -0.1948121 -0.9807746 -0.0113849 -0.1947458 -0.9807886 -0.01131159 -0.1947836 -0.9608597 -0.1969977 -0.5526886 -0.8164124 -0.1673508 -0.5529947 -0.8162506 -0.1671288 -0.194927 -0.9608234 -0.1970327 -0.1948525 -0.9061277 -0.3754533 -0.1950499 -0.9061824 -0.3752186 -0.1947455 -0.9063134 -0.3750604 -0.1947202 -0.8188347 -0.5399943 -0.1952703 -0.8185681 -0.5401999 -0.1947842 -0.8189042 -0.5398657 -0.1946217 -0.7020084 -0.6850597 -0.5531741 -0.5961671 -0.5818791 -0.5529196 -0.5960742 -0.5822161 -0.1945343 -0.5595856 -0.8056181 -0.1952034 -0.5593175 -0.8056424 -0.1948112 -0.5574896 -0.8070032 -0.1947644 -0.7018944 -0.685136 -0.1945342 -0.3967763 -0.8970648 -0.195072 -0.3971159 -0.8967975 -0.5529943 -0.3373052 -0.7618547 -0.5530067 -0.1868136 -0.8119632 -0.1948763 -0.3972212 -0.8967935 -0.1948641 -0.2197238 -0.9559025 -0.1953962 -0.2199069 -0.9557517 -0.195343 -0.2202957 -0.955673 -0.1953026 -0.0349971 -0.9801185 -0.1948064 -0.03519195 -0.9802102 -0.1948896 0.1508769 -0.9691513 -0.194777 0.151009 -0.9691534 -0.1948711 0.1510723 -0.9691246 -0.1948206 0.3315655 -0.9230977 -0.1951971 0.331672 -0.92298 -0.194683 0.3308879 -0.9233698 -0.1947332 0.5005605 -0.8435154 -0.553459 0.4250935 -0.7162253 -0.5534235 0.5526536 -0.6231345 -0.1942111 0.5004501 -0.8437013 -0.1941737 0.6516667 -0.7332307 -0.1948079 0.6508737 -0.7337666 -0.1953037 0.6510303 -0.7334957 -0.1953518 0.7780606 -0.5970423 -0.1947644 0.7779203 -0.5974171 -0.1949712 0.778105 -0.5971089 -0.1948639 0.8769424 -0.4393178 -0.5888224 0.7226815 -0.3619664 -0.5546426 0.7684929 -0.3190461 -0.1955342 0.8769733 -0.4389582 -0.1956091 0.9438061 -0.2663969 -0.1950998 0.944287 -0.2650628 -0.1950865 0.9442828 -0.2650873 -0.1951342 0.9773598 -0.08179527 -0.1940563 0.9775453 -0.08214259 -0.1948239 0.9378663 0.2871419 -0.1952478 0.9377317 0.2872939 -0.1953709 0.9742358 0.1126714 -0.1947291 0.9752489 0.1047385 -0.1951917 0.9751755 0.1045614 -0.1953462 0.9773662 -0.0812115 -0.1947895 0.8662958 0.4599876 -0.1949818 0.8663156 0.4598691 -0.5528402 0.7360351 0.3906663 -0.553079 0.7359226 0.3905403 -0.1946682 0.8664537 0.4597415 -0.1947088 0.763896 0.6152655 -0.1948952 0.76398 0.6151019 -0.1957747 0.762645 0.616478 -0.19577 0.6332846 0.7487487 -0.1949004 0.6336523 0.7486646 -0.1949228 0.4803212 0.8551589 -0.1950335 0.480438 0.8550681 -0.1952744 0.4802605 0.8551128 -0.1952219 0.3096622 0.93059 -0.1944301 0.3099864 0.9306478 -0.1945219 0.3098332 0.9306797 0 0.8076395 0.5896767 2.69392e-6 0.8077018 0.5895913 -9.3487e-4 0.8066594 0.5910159 -2.08279e-4 0.8072881 0.5901576 9.70381e-5 0.8078969 0.5893241 -1.46701e-5 0.8075968 0.5897352 -9.50628e-5 0.8075844 0.5897523 1.81284e-5 0.8076686 0.5896367 0 0.8077504 0.5895247 5.1372e-5 0.1065638 -0.994306 -7.78288e-4 0.1132445 -0.9935669 0 0.1068454 -0.9942756 0 0.1065096 -0.9943117 4.15719e-5 0.1069608 -0.9942633 -2.56812e-5 0.1065512 -0.9943072 -4.09597e-5 0.106595 -0.9943025 3.66177e-5 0.1068058 -0.99428 -1.86524e-5 0.1069285 -0.9942668 -9.1475e-5 0.1071113 -0.9942471 0.8632286 0.02916282 -0.5039704 0.8655363 0.2715695 -0.4208291 0.8653066 0.3992851 -0.3030116 0.8650458 0.4755717 -0.1597732 0.8646835 0.5022971 0.004475712 0.8634427 0.3930376 0.3162093 0.8635743 0.2777729 0.4208108 0.8653107 0.236613 0.4418731 0.86507 0.09260314 0.4930301 0.8633261 -0.02775418 0.5038827 0.8652949 -0.4928692 0.09134966 0.8647799 -0.5021449 -0.002494633 0.8650833 -0.4505624 -0.2205097 0.8657419 -0.1459051 -0.4787513 0.89333 -0.1818981 -0.4109435 0.9113499 -0.1658713 -0.3767337 0.8632012 -0.3927251 -0.3172551 0.8652293 -0.3010835 -0.4009079 0.8632406 -0.3911812 -0.3190503 0.86518 -0.4538074 -0.2133603 0.8652938 -0.4817168 -0.1386204 0.8655534 -0.4940748 -0.08189851 0.8653104 -0.4927512 0.09183859 0.8650376 -0.4379961 0.2446824 0.8650927 -0.4415188 0.2380667 0.865211 -0.4740902 0.1632438 0.8647198 -0.3343765 0.3747694 0.8653165 -0.3991522 0.3031584 0.8652576 -0.1449122 0.4799268 0.8641903 -0.2438196 0.4401445 0.8634877 -0.03070294 0.5034347 0.907631 -0.2427656 0.3424483 0.8622025 -0.2944677 0.412184 0.8636546 0.1245315 0.4884596 0.8652993 0.1678641 0.4723122 0.8650926 0.3026264 0.40004 0.8633161 0.3915656 0.3183738 0.8652523 0.4527873 0.2152256 0.8642125 0.4896363 0.1157283 0.8653135 0.4927847 -0.09162771 0.9075669 0.4168515 0.05057007 0.8622107 0.5030753 0.05922979 0.8651144 0.4731806 -0.1663646 0.865211 0.4396895 -0.2410045 0.8653225 0.3989391 -0.3034216 0.8647893 0.3358312 -0.3733053 0.8650445 0.1402162 -0.4817026 0.8651783 0.1469065 -0.4794632 0.8652923 0.2214149 -0.4497163 0.8632467 0.02726066 -0.5040457 0.8652237 -0.09417295 -0.4924628 0.8634822 -0.2047395 -0.460956 -0.7077076 0.6802889 -0.1906755 -0.704227 -0.453985 -0.5458588 -0.7042378 -0.5466022 -0.453073 -0.7085298 -0.5049275 -0.4929844 -0.7085191 -0.5048678 -0.4930613 -0.7042821 -0.6204745 -0.3449612 -0.70846 -0.5892987 -0.3883445 -0.7084648 -0.5891495 -0.3885622 -0.7043185 -0.6732626 -0.2250621 -0.708398 -0.6521137 -0.2700371 -0.7083904 -0.6520784 -0.2701425 -0.7043613 -0.7031104 -0.09752464 -0.7083119 -0.6914659 -0.1420187 -0.7082791 -0.6915884 -0.1415849 -0.7044335 -0.7089827 0.03342527 -0.7081892 -0.7059749 -0.008224904 -0.7081902 -0.7059759 -0.008048713 -0.7045019 -0.690731 0.1629962 -0.7080447 -0.6949325 0.1254656 -0.7080364 -0.6950091 0.1250877 -0.7045886 -0.648887 0.2872294 -0.707888 -0.6587479 0.2548445 -0.7078902 -0.6587131 0.2549288 -0.7046666 -0.5850644 0.4014283 -0.7076992 -0.5988597 0.3748719 -0.7077054 -0.5990314 0.3745858 -0.7047787 -0.5012198 0.5020614 -0.7075047 -0.517182 0.4816222 -0.7075103 -0.5170276 0.4817798 -0.7048918 -0.4003852 0.5855078 -0.7072847 -0.4166729 0.5710798 -0.7072582 -0.4169774 0.5708904 -0.7050096 -0.2859529 0.6489934 -0.7070489 -0.3015463 0.6396498 -0.7071288 -0.301216 0.639717 -0.7051372 -0.1617507 0.6903755 -0.7067834 -0.1749883 0.6854462 -0.7067596 -0.1741602 0.6856815 -0.7052902 -0.03220993 0.7081866 -0.7065047 -0.04201745 0.70646 -0.7064184 -0.04051846 0.7066338 -0.6824881 0.2286599 0.694208 -0.7061936 0.09256064 0.7019425 -0.7061811 0.09226262 0.7019943 -0.7057701 0.09846067 0.7015655 -0.7057683 0.2257543 0.6715103 -0.7055128 0.2239001 0.6723991 -0.7055943 0.3453294 0.6187766 -0.705833 0.3468558 0.6176496 -0.7059196 0.4529091 0.544565 -0.7051297 0.4579623 0.5413527 -0.7061932 0.3486077 0.6162499 -0.7062019 0.6188108 0.3440235 -0.7043382 0.6270331 0.332772 -0.7064599 0.5514845 0.4435981 -0.7060774 0.5451853 0.4519156 -0.7047294 0.5525132 0.4450682 -0.7061211 0.4577852 0.5402091 -0.7064491 0.7010519 0.09724223 -0.7034039 0.7067367 0.07580488 -0.7070133 0.676047 0.2075877 -0.7063258 0.6713694 0.2244262 -0.7038918 0.679109 0.2082002 -0.7067439 0.6249783 0.3315347 -0.7066504 0.6886493 -0.1625034 -0.7024164 0.685231 -0.1925346 -0.7075102 0.704259 -0.05872559 -0.7065479 0.7068801 -0.03332614 -0.7029329 0.7087761 -0.059345 -0.7072673 0.7028508 0.07598572 -0.7055516 0.6544796 -0.27176 -0.7042203 0.6492235 -0.2873722 -0.7077715 0.6240267 -0.3311347 -0.706798 0.5833151 -0.4002251 -0.7013673 0.5655575 -0.4338533 -0.7077618 0.6239634 -0.3312747 -0.7069263 0.3992325 -0.5838397 -0.7001783 0.3642321 -0.6140729 -0.70819 0.4684895 -0.52819 -0.7068735 0.4997451 -0.5005843 -0.7007989 0.47359 -0.533473 -0.7080237 0.5599224 -0.4303366 -0.7070083 0.161325 -0.6885591 -0.6989501 0.1102668 -0.7066187 -0.7084096 0.2385898 -0.6642521 -0.7069818 0.2851602 -0.6471942 -0.6995921 0.2417845 -0.6723921 -0.708298 0.3599172 -0.6072673 -0.7070572 -0.09825927 -0.7002966 -0.6975479 -0.1608307 -0.6982553 -0.7085269 -0.0252763 -0.7052311 -0.707031 0.03213089 -0.7064524 -0.698259 -0.02559435 -0.7153876 -0.7084732 0.1087061 -0.6973154 -0.7085496 -0.4027224 -0.5794584 -0.7085341 -0.4023167 -0.5797592 -0.7042107 -0.3459925 -0.6199811 -0.7085502 -0.2855387 -0.6453095 -0.7070546 -0.2253434 -0.6702941 -0.6968358 -0.2903996 -0.655811 -0.7085442 -0.1582729 -0.6876881 0 0.9144072 -0.4047958 8.88676e-5 0.9143673 -0.4048857 2.49486e-5 0.9144648 -0.4046658 -5.0508e-5 0.9146057 -0.4043471 0 0.9144836 -0.4046232 1.39365e-4 0.9148513 -0.4037909 -1.07503e-4 0.9142772 -0.4050894 3.19741e-5 0.91448 -0.4046311 -1.0155e-4 0.914573 -0.404421 -1.99148e-4 0.9147036 -0.4041253 0 -0.3186612 -0.9478687 0 -0.1389625 -0.9902977 0 -0.1389671 -0.9902971 0 0.04541105 -0.9989684 0 0.04541081 -0.9989684 0 0.2281183 -0.9736335 0 0.4032183 -0.9151038 0 0.4032341 -0.9150969 0 0.5644596 -0.8254607 0 0.7065222 -0.707691 0 0.7065269 -0.7076862 0 0.8245719 -0.5657573 0 0.8245741 -0.5657541 0 0.9144175 -0.4047727 0 0.9144253 -0.4047548 0 0.9732672 -0.2296761 0 0.9732682 -0.2296716 0 0.9988906 -0.04709166 0 0.9988905 -0.04709458 0 0.9905161 0.1373965 0 0.9905175 0.1373867 0 0.9484145 0.3170331 0 0.9484122 0.3170402 0 0.8740116 0.4859051 0 0.8740096 0.4859088 0 0.7698985 0.6381665 0 0.7698962 0.6381693 0 0.6394524 0.7688307 0 0.6394302 0.7688492 0 0.4873285 0.8732187 0 0.4873142 0.8732268 0 0.3186597 0.9478692 0 0.3186781 0.9478631 0 0.1389619 0.9902977 0 0.1389671 0.9902971 0 -0.04541361 0.9989684 0 -0.04541569 0.9989682 0 -0.2281173 0.9736338 0 -0.2281183 0.9736335 0 -0.4032183 0.9151038 0 -0.4032341 0.9150969 0 -0.5644596 0.8254607 0 -0.5644618 0.8254593 0 -0.7065269 0.7076862 0 -0.8245719 0.5657573 0 -0.9144235 0.4047588 0 -0.9144175 0.4047727 0 -0.9732702 0.2296633 0 -0.9732661 0.2296805 0 -0.9988909 0.04708701 0 -0.9988905 0.04709458 0 -0.9905161 -0.1373965 0 -0.9905182 -0.1373822 0 -0.9484145 -0.3170331 0 -0.9484108 -0.3170444 0 -0.8740116 -0.4859051 0 -0.8740096 -0.4859088 0 -0.7698985 -0.6381665 0 -0.7699115 -0.6381509 0 -0.6394279 -0.7688512 0 -0.6394547 -0.7688288 0 -0.4873142 -0.8732268 1 2.74191e-5 0 1 -2.74192e-5 0 1 2.12941e-6 0 1 6.85413e-6 0 1 -1.35493e-5 0 1 6.83893e-6 0 1 -6.49759e-6 0 1 -2.05228e-5 0 1 7.30929e-6 0 1 3.38726e-6 0 1 -2.1294e-6 0 1 -6.85412e-6 0 1 3.42069e-6 0 1 6.84093e-6 0 1 1.36284e-5 0 1 -1.28087e-5 0 1 1.46186e-5 0 1 -1.1519e-5 0 1 -3.38726e-6 0 1 1.35494e-5 0 1 6.58235e-6 0 1 -6.83893e-6 0 1 6.49763e-6 0 1 6.72145e-6 0 1 -6.65712e-6 0 1 6.65757e-6 0 -1 -1.26026e-5 0 -1 9.45201e-6 0 -1 -6.30134e-6 0 -1 1.26026e-5 0 0 -0.7294719 0.6840109 0 -0.9571074 -0.2897335 0 -0.9571074 -0.2897337 0 -0.2276338 -0.9737469 0 -0.2276362 -0.9737462 0 0.7294719 -0.6840109 0 0.729472 -0.6840108 0 0.9571074 0.2897335 0 0.2276338 0.9737468 0 0.2276362 0.9737462 -1 -1.07731e-5 0 -1 1.17804e-5 0 -1 -2.14491e-5 0 -1 -1.55525e-5 0 -1 1.48273e-5 0 -1 1.23641e-5 0 -1 -3.54911e-6 0 -1 -7.41377e-6 0 -1 -1.41965e-5 0 -1 1.23643e-5 0 -1 1.36952e-5 0 -1 -4.46852e-6 0 -1 1.39056e-5 0 -1 -3.3158e-5 0 -1 -1.66154e-5 0 -1 1.57072e-5 0 -1 -7.41369e-6 0 -1 -1.55525e-5 0 -1 -1.57071e-5 0 -1 1.5253e-5 0 -1 -1.96341e-5 0 -1 7.77626e-6 0 -1 8.55953e-6 0 -1 3.08146e-5 0 -1 -1.48273e-5 0 -1 3.05066e-5 0 -1 -4.34551e-6 0 -1 -6.52113e-6 0 -1 7.14964e-6 0 -1 -7.14966e-6 0 -1 6.95282e-6 0 -1 1.42992e-5 0 -1 -1.52531e-5 0 -0.9777829 -0.05600661 -0.2020001 -0.9847226 -0.03283923 -0.1710062 -0.9846516 -0.01193726 -0.1741229 -0.9846531 -0.01196265 -0.1741125 -0.9846535 0.01612371 -0.1737746 -0.9846549 0.01612776 -0.1737663 -0.9846557 0.04377502 -0.1689287 -0.9846511 0.04383856 -0.1689394 -0.9846528 0.07033091 -0.1597266 -0.9846536 0.070324 -0.1597248 -0.9846553 0.09501791 -0.1463752 -0.9846514 0.09505432 -0.1463777 -0.9846491 0.1173221 -0.1292347 -0.9846519 0.1172987 -0.1292348 -0.9846484 0.1365346 -0.1087473 -0.9846444 0.1365631 -0.1087484 -0.9846414 0.1522529 -0.08544218 -0.9846475 0.1522134 -0.08544224 -0.9846387 0.1640003 -0.05992221 -0.9846695 0.1638146 -0.05992341 -0.9846699 0.171306 -0.03285491 -0.9846528 0.1714047 -0.03285455 -0.9846494 0.1744745 -0.004930138 -0.9846521 0.1744592 -0.004930555 -0.9846431 0.1730431 0.0231145 -0.984658 0.1729579 0.02311676 -0.9846566 0.1670167 0.05056601 -0.9846459 0.1670801 0.05056619 -0.9846382 0.1568561 0.07670634 -0.9846525 0.1567643 0.07670962 -0.9846554 0.1424096 0.1008632 -0.984661 0.1423728 0.1008607 -0.9846453 0.1244667 0.1223997 -0.9846571 0.124371 0.1224023 -0.9846567 0.1031174 0.1407768 -0.9846532 0.1031556 0.1407732 -0.9846543 0.0792216 0.1554994 -0.9846539 0.07923007 0.1554976 -0.9846535 0.0532639 0.1661943 -0.9846512 0.05331599 0.1661916 -0.9846541 0.02589702 0.1725849 -0.9846524 0.02591371 0.1725924 -0.984652 -0.002089917 0.1745169 -0.9846531 -0.002102077 0.1745103 -0.9846536 -0.03004497 0.1719149 -0.9846532 -0.03004115 0.1719174 -0.9846515 -0.05727303 0.164868 -0.9846518 -0.0572555 0.1648719 -0.9846523 -0.08295339 0.1535534 -0.9846495 -0.08300906 0.1535419 -0.9846528 -0.1065229 0.1382458 -0.9846476 -0.1065598 0.138254 -0.9846603 -0.1272491 0.1193812 -0.9846453 -0.127368 0.1193773 -0.9846562 -0.1447886 0.09740841 -0.9846619 -0.1447519 0.09740567 -0.9846478 -0.1585941 0.07291495 -0.9846647 -0.1584885 0.07291734 -0.9846665 -0.1681247 0.04653918 -0.9846576 -0.1681775 0.04653865 -0.9846748 -0.173368 0.01895344 -0.9846549 -0.1734807 0.01895308 -0.9846747 -0.1741624 -0.009120881 -0.9846405 -0.1743555 -0.009121716 -0.9846356 -0.1706651 -0.03696179 -0.9846482 -0.1705926 -0.03696072 -0.9846556 -0.1624116 -0.06384283 -0.9846606 -0.1623808 -0.06384366 -0.984661 -0.1500305 -0.08907175 -0.9846449 -0.1501333 -0.0890752 -0.9846544 -0.1338367 -0.1119974 -0.9846459 -0.1339045 -0.1119925 -0.9846528 -0.1141502 -0.1320169 -0.9846584 -0.1141053 -0.1320146 -0.9846506 -0.09152382 -0.1486157 -0.9846537 -0.09149718 -0.1486122 -0.9846529 -0.06648027 -0.1613665 -0.9846537 -0.0664637 -0.161368 -0.9846522 -0.03974837 -0.1699417 -0.175769 -0.1853066 -0.9668334 -0.2623223 -0.2196521 -0.9396489 -0.1753596 -0.0674268 -0.9821928 -0.1753611 -0.06743484 -0.9821919 -0.175305 -0.06720417 -0.9822178 -0.1753048 0.09100133 -0.9802995 -0.1752982 0.09100437 -0.9803003 -0.1753435 0.6616209 -0.729049 -0.1753369 0.5361446 -0.8257154 -0.1753097 0.5361419 -0.8257229 -0.1753089 0.3967704 -0.9010217 -0.1753036 0.3967616 -0.9010266 -0.1753216 0.3967427 -0.9010315 -0.1753167 0.2470885 -0.9530013 -0.1753175 0.2470871 -0.9530014 -0.1753056 0.2470564 -0.9530116 -0.1753237 0.6616783 -0.7290017 -0.1753425 0.6616396 -0.7290323 -0.1753454 0.7700006 -0.6134763 -0.1753572 0.7700206 -0.6134478 -0.1753953 0.7700009 -0.6134615 -0.1753864 0.8584508 -0.481977 -0.1753181 0.8584692 -0.4819691 -0.1753275 0.9841169 -0.02782493 -0.1753063 0.9669187 -0.1852997 -0.1753603 0.9669036 -0.1853275 -0.1753492 0.9669041 -0.1853355 -0.1753366 0.9246665 -0.3380073 -0.1753666 0.9246476 -0.3380433 -0.175315 0.9246453 -0.3380764 -0.1753632 0.9758286 0.1304087 -0.1752954 0.9758592 0.1302711 -0.175325 0.9841174 -0.02782386 -0.1752793 0.9422983 0.2852212 -0.1753339 0.9422697 0.2852822 -0.1753282 0.9758353 0.1304057 -0.175332 0.7017432 0.6905181 -0.17533 0.8034526 0.5689671 -0.1753566 0.8034533 0.5689576 -0.1753553 0.8843175 0.4327045 -0.1753526 0.8843115 0.4327179 -0.175338 0.8843365 0.4326728 -0.1753638 0.9422733 0.2852521 -0.1752693 0.7018495 0.690426 -0.1753887 0.7017341 0.690513 -0.1753708 0.581929 0.7941057 -0.1753171 0.5819322 0.7941151 -0.1753324 0.5819862 0.7940723 -0.1753398 0.447012 0.8771752 -0.1753358 0.4469981 0.8771831 -0.1753672 -0.1696256 0.9697801 -0.175368 -0.01181894 0.9844321 -0.175356 -0.01181858 0.9844341 -0.1753646 0.146236 0.9735823 -0.175374 0.1462488 0.9735786 -0.1753452 0.1462422 0.9735848 -0.1753492 0.3005578 0.9375061 -0.1753767 0.3005225 0.9375123 -0.1753405 0.3005493 0.9375104 -0.1753085 -0.1695663 0.9698012 -0.1753574 -0.1696003 0.9697864 -0.1753682 -0.3229386 0.9300305 -0.17534 -0.3229933 0.9300168 -0.1753219 -0.3229464 0.9300365 -0.1753195 -0.4679488 0.8661912 -0.1753097 -0.4679989 0.8661661 -0.1753093 -0.6006904 0.7800244 -0.1753559 -0.6008852 0.7798637 -0.1753103 -0.6008533 0.7798985 -0.1753104 -0.7181701 0.6734225 -0.175303 -0.7181478 0.6734483 -0.1752757 -0.7181919 0.6734084 -0.1752652 -0.8169264 0.5494664 -0.1753908 -0.816891 0.5494792 -0.1753604 -0.8169741 0.5493654 -0.1753892 -0.8944257 0.4113894 -0.1753677 -0.8944745 0.4112925 -0.1752842 -0.9621979 -0.2084484 -0.1752992 -0.9831693 -0.05146276 -0.1753734 -0.9831568 -0.05145007 -0.1753672 -0.9786849 0.1068748 -0.1753762 -0.9786797 0.1069087 -0.1753606 -0.978679 0.1069402 -0.175333 -0.9488655 0.2625118 -0.1753703 -0.9488447 0.2625624 -0.1753682 -0.9488722 0.2624645 -0.1753495 -0.9621757 -0.2084961 -0.1753104 -0.9621844 -0.2084888 -0.1753224 -0.9162783 -0.3601337 -0.1753199 -0.9162731 -0.3601481 -0.1752834 -0.9162879 -0.3601281 -0.1752998 -0.8466206 -0.5024973 -0.1753792 -0.8466364 -0.5024431 -0.1753578 -0.5161417 -0.83836 -0.1753621 -0.643921 -0.7447241 -0.1753566 -0.6439322 -0.7447157 -0.1752915 -0.6440297 -0.7446466 -0.1752986 -0.75509 -0.6317512 -0.1753942 -0.7550663 -0.631753 -0.1753916 -0.7550497 -0.6317737 -0.1757862 -0.262462 -0.9487956 -0.1753749 -0.3749604 -0.9103013 -0.1753363 -0.3749731 -0.9103035 -0.1753227 -0.3750628 -0.9102691 -0.1753228 -0.5161374 -0.8383699 -0.8419647 0.1646992 0.5137798 -0.8419626 0.1646989 0.5137833 -0.8419515 0.2450384 0.4807016 -0.8419644 0.24498 0.4807088 -0.8419492 0.3189789 0.4351715 -0.8419853 0.3188851 0.4351701 -0.8419948 0.3845408 0.3783825 -0.8419721 0.3845938 0.378379 -0.8419675 0.4403153 0.3117901 -0.8419554 0.4403432 0.3117837 -0.8419994 0.4845667 0.2371336 -0.8419619 0.4846358 0.237125 -0.841966 0.5163901 0.1563153 -0.8419683 0.5163861 0.1563162 -0.8419446 0.5348109 0.07146042 -0.8419877 0.534743 0.07146227 -0.8419551 0.5393323 -0.01524186 -0.8420183 0.5392337 -0.01524579 -0.84194 0.5299262 -0.1015653 -0.842021 0.5297974 -0.1015649 -0.8419654 0.506736 -0.1852377 -0.8419706 0.5067256 -0.1852426 -0.8419918 0.4704069 -0.2641348 -0.8419862 0.4704148 -0.2641388 -0.8420023 0.4219109 -0.3361896 -0.8419637 0.4220066 -0.3361663 -0.8419489 0.3626607 -0.3994988 -0.8419784 0.3625764 -0.3995133 -0.8419629 0.2938512 -0.452493 -0.8419786 0.293794 -0.4525012 -0.8419719 0.2174296 -0.4937688 -0.8419723 0.2174028 -0.49378 -0.8419689 0.1354144 -0.522256 -0.8419556 0.1354358 -0.5222721 -0.8419585 0.04985576 -0.5372342 -0.8419722 0.04985517 -0.5372126 -0.8419694 -0.03694403 -0.5382591 -0.8419726 -0.03694999 -0.5382536 -0.841971 -0.1228314 -0.5253546 -0.8419701 -0.1228205 -0.5253586 -0.8419829 -0.2054331 -0.4988607 -0.8419514 -0.2055749 -0.4988556 -0.8419566 -0.2828966 -0.4594333 -0.8419571 -0.2829226 -0.4594161 -0.8419569 -0.3529423 -0.4080935 -0.8419767 -0.3528722 -0.4081136 -0.8419384 -0.4138632 -0.3462037 -0.8420153 -0.4136923 -0.3462211 -0.8419641 -0.4639855 -0.2753435 -0.8419584 -0.463994 -0.2753465 -0.8419786 -0.5021153 -0.1973638 -0.8419618 -0.5021445 -0.1973607 -0.8420185 -0.5272077 -0.1142676 -0.8419907 -0.5272528 -0.1142641 -0.8420068 -0.5387295 -0.02819901 -0.841951 -0.5388169 -0.02819705 -0.8419722 -0.5363301 0.05859106 -0.8419897 -0.5363027 0.05859065 -0.8419526 -0.5200183 0.1438644 -0.8419592 -0.5200051 0.1438741 -0.8419576 -0.4901995 0.2254147 -0.8419564 -0.4902018 0.2254149 -0.8419479 -0.4477103 0.3011299 -0.8419504 -0.4477087 0.3011253 -0.8419636 -0.393574 0.3690485 -0.8419668 -0.3935826 0.3690322 -0.8419798 -0.3292638 0.4273821 -0.8419809 -0.3292269 0.4274086 -0.8419684 -0.2564205 0.4746976 -0.841975 -0.2564852 0.474651 -0.8419836 -0.1769884 0.5096458 -0.8419766 -0.1769469 0.5096717 -0.8419689 -0.09293973 0.5314608 -0.8419813 -0.09291946 0.5314449 -0.8419806 -0.006486117 0.5394689 -0.8419684 -0.006469488 0.5394881 -0.8419669 0.08015525 0.5335418 -0.8419691 0.08011639 0.5335443 -0.5363948 0.2576208 0.8036866 -0.5364172 0.2576087 0.8036757 -0.5364341 0.3831323 0.7519629 -0.5363929 0.3832441 0.7519353 -0.5364048 0.4988499 0.6807486 -0.5363574 0.4988825 0.6807621 -0.5363251 0.6016923 0.5918799 -0.536426 0.6015701 0.5919126 -0.5363991 0.6887719 0.4877184 -0.536419 0.6887373 0.4877456 -0.5364543 0.7580254 0.3709642 -0.5364052 0.7580736 0.3709367 -0.5364283 0.8077421 0.2445353 -0.536467 0.8077141 0.2445431 -0.5363813 0.8365418 0.1117731 -0.5364151 0.8365192 0.1117793 -0.5363767 0.8436419 -0.02384465 -0.5363748 0.843643 -0.02384912 -0.5364264 0.8288578 -0.1588761 -0.5364254 0.8288565 -0.1588861 -0.5363296 0.7927165 -0.2897433 -0.5364521 0.792616 -0.2897912 -0.5363746 0.7359413 -0.4131498 -0.536404 0.7358986 -0.4131878 -0.5363981 0.6600992 -0.5258767 -0.5364072 0.6601009 -0.5258653 -0.5364132 0.5671838 -0.6249508 -0.5364136 0.5671908 -0.6249441 -0.5364 0.4596288 -0.7078253 -0.5364081 0.4596149 -0.707828 -0.5364101 0.3401222 -0.7723867 -0.5364257 0.3400794 -0.7723946 -0.536421 0.2117986 -0.8169419 -0.5364392 0.2117691 -0.8169375 -0.5364274 0.07801252 -0.8403332 -0.5364297 0.07799494 -0.8403334 -0.5364248 -0.05779832 -0.8419668 -0.5363999 -0.05781912 -0.8419812 -0.5363969 -0.1921054 -0.8218114 -0.5363938 -0.1920968 -0.8218154 -0.5363991 -0.3214536 -0.7803484 -0.5364159 -0.32148 -0.7803261 -0.5364229 -0.4424545 -0.7186686 -0.5364191 -0.4424384 -0.7186814 -0.5364182 -0.5519999 -0.6383977 -0.5364229 -0.5520013 -0.6383926 -0.5364294 -0.647246 -0.5415868 -0.536377 -0.6473066 -0.5415661 -0.5363914 -0.7257788 -0.4307313 -0.5364595 -0.7257142 -0.4307553 -0.5364205 -0.785458 -0.3087214 -0.5364396 -0.7854365 -0.3087431 -0.5363352 -0.8248679 -0.1787108 -0.5364776 -0.8247653 -0.1787574 -0.5363911 -0.8428164 -0.04410523 -0.5363695 -0.8428304 -0.04409903 -0.5364221 -0.8389581 0.09165591 -0.5363734 -0.8389896 0.09165263 -0.5364178 -0.813387 0.2250726 -0.536343 -0.8134495 0.2250255 -0.536415 -0.7667595 0.3526175 -0.5363422 -0.7668194 0.352598 -0.5364132 -0.7002438 0.4710835 -0.5364115 -0.7002959 0.471008 -0.5364336 -0.6156299 0.5772684 -0.5364376 -0.6156271 0.5772677 -0.5364259 -0.5150974 0.6685222 -0.5363999 -0.5150565 0.6685747 -0.5364017 -0.4011434 0.7425343 -0.5364014 -0.4011453 0.7425335 -0.53639 -0.2768687 0.7972638 -0.5364096 -0.2768216 0.797267 -0.5364109 -0.1453931 0.8313388 -0.536405 -0.1453768 0.8313455 -0.5364063 -0.0101186 0.8438992 -0.5364056 -0.01013994 0.8438995 -0.5364015 0.1253572 0.8346011 -0.5363929 0.1253613 0.8346061 1 -1.73333e-5 0 1 1.44444e-6 0 1 -5.77775e-6 0 1 -1.15555e-5 0 1 1.15557e-5 0 1 -2.31111e-5 0 1 2.52777e-5 0 1 2.3111e-5 0 1 -1.15555e-5 0 1 -1.15554e-5 0 1 1.15555e-5 0 1 -1.15555e-5 0 1 1.15556e-5 0 -6.30839e-4 -0.06849461 -0.9976513 0.005686223 -0.1130512 -0.9935729 -6.31109e-4 -0.06828737 -0.9976655 7.05581e-4 0.09243094 -0.995719 0.004941403 0.1191325 -0.9928662 -0.002863168 0.2509511 -0.9679955 -0.002863287 0.2509657 -0.9679918 0.006132125 0.3448891 -0.9386234 0.004271626 0.5445693 -0.8387051 0.002561688 0.552067 -0.8337959 -0.001674532 0.4029751 -0.9152095 -0.001674473 0.4029965 -0.9151999 -0.002417147 0.7821446 -0.6230925 0.006281256 0.729457 -0.6839979 -0.002416908 0.6720634 -0.7404897 -0.002417027 0.6720695 -0.7404842 -0.002417087 0.7821313 -0.623109 0.004271924 0.8719645 -0.4895505 0.002563357 0.8675513 -0.4973413 -0.002862095 0.9821166 -0.1882524 0.0061329 0.958845 -0.2838641 -0.001671314 0.9392094 -0.3433408 -0.001671314 0.9391914 -0.3433901 -0.002862095 0.9821228 -0.1882197 0.006496965 0.9995794 -0.02826213 9.28761e-4 0.9984811 -0.05508834 -6.30646e-4 0.9912018 0.1323579 -6.30643e-4 0.991189 0.1324546 0.005687236 0.9842553 0.176661 -6.30535e-4 0.8982364 0.4395121 0.005687415 0.9169847 0.3988819 -0.003012061 0.9571079 0.2897163 -0.003012061 0.9570972 0.2897516 -6.30516e-4 0.8982442 0.4394963 7.07619e-4 0.8160984 0.5779128 0.004942595 0.8002818 0.5996038 -0.001674711 0.5910897 0.8066042 0.006132125 0.6404287 0.7679932 -0.002863943 0.7128344 0.7013266 -0.002863943 0.7128163 0.701345 -0.001674771 0.59112 0.8065819 0.00233978 0.4540546 0.8909708 0.003899753 0.4460586 0.8949953 -0.002416074 0.1485497 0.988902 0.006280899 0.2276228 0.9737292 -0.002417325 0.3052405 0.9522722 -0.002417147 0.3052702 0.9522627 -0.002415657 0.1485308 0.9889048 0.004271209 -0.01200294 0.9999189 0.002564728 -0.003060221 0.9999921 -0.002862632 -0.3280432 0.9446585 0.006133615 -0.2335906 0.9723157 -0.001673042 -0.1722467 0.9850525 -0.001673102 -0.1723219 0.9850393 -0.002862513 -0.3280482 0.9446567 0.006497263 -0.4753185 0.8797899 9.2585e-4 -0.4515253 0.8922579 -6.32659e-4 -0.6101238 0.7923059 -6.32761e-4 -0.6103035 0.7921675 0.005685746 -0.6451247 0.7640562 -6.31768e-4 -0.8297412 0.5581481 0.005685329 -0.803933 0.5946927 -0.003012239 -0.7294722 0.684004 -0.003012359 -0.7294727 0.6840034 -6.31761e-4 -0.8298102 0.5580455 7.05441e-4 -0.9085313 0.4178164 0.004942834 -0.919414 0.3932601 -0.001673221 -0.9940828 0.1086122 0.006131529 -0.9853159 0.1706308 -0.002864062 -0.963787 0.266658 -0.002864062 -0.9637932 0.2666357 -0.001673221 -0.9940897 0.10855 0.002339363 -0.9986304 -0.05226862 0.003900289 -0.9981175 -0.06120759 -0.002418398 -0.9306893 -0.3658029 0.006280004 -0.9570902 -0.2897223 -0.002415418 -0.9773106 -0.2117979 -0.002415418 -0.9773232 -0.2117393 -0.002418339 -0.9306828 -0.3658193 0.004269003 -0.8599556 -0.5103511 0.00256294 -0.8644866 -0.5026493 -0.002863764 -0.6540985 -0.7564041 0.006130158 -0.7252577 -0.6884502 -0.001672685 -0.7669388 -0.6417181 -0.001672685 -0.766952 -0.6417022 -0.002863764 -0.6540861 -0.7564147 0.006497442 -0.5242605 -0.8515332 9.28428e-4 -0.5469434 -0.8371692 -6.31131e-4 -0.3809605 -0.9245912 -6.31145e-4 -0.3808915 -0.9246195 0.005687415 -0.339134 -0.940721 0 -0.2666401 -0.9637962 0 -0.1882479 -0.9821216 0.7031493 -0.2632521 -0.6605145 0.7031554 -0.4462237 -0.5535856 0.7031417 -0.4462559 -0.553577 0.7031382 -0.5896028 -0.3974484 0.7031481 -0.5895876 -0.3974536 0.7031479 -0.680545 -0.2060136 0.7031419 -0.6805526 -0.2060091 0.7031646 -0.7110174 0.003727197 0.7031483 -0.7110335 0.003731489 0.7031464 -0.6783459 0.2131482 0.7031583 -0.6783329 0.21315 0.7031512 -0.5853769 0.4036239 0.7031433 -0.5853871 0.4036231 0.7031514 -0.4403907 0.5582422 0.7031395 -0.4404198 0.558234 0.7031491 -0.2562861 0.6632487 0.7031519 -0.2562941 0.6632428 0.7031513 -0.0494216 0.7093207 0.7031444 -0.04938673 0.70933 0.7031446 0.1618496 0.6923817 0.7031438 0.1618541 0.6923815 0.7031472 0.3587425 0.613912 0.7031421 0.3587587 0.6139084 0.7031522 0.5237532 0.4808947 0.7031477 0.5237649 0.4808886 0.7031682 0.6422109 0.3051552 0.7031449 0.6422418 0.3051439 0.703136 0.7036609 0.10228 0.7031653 0.7036307 0.1022859 0.7031636 0.7025197 -0.1096681 0.703144 0.7025392 -0.1096693 0.7031583 0.6389879 -0.31187 0.703143 0.6390078 -0.3118637 0.7031584 0.5186645 -0.4863696 0.7031432 0.5186859 -0.4863687 0.7031451 0.3522716 -0.6176502 0.7031458 0.3523068 -0.6176294 0.7031518 0.1545753 -0.6940346 0.7031525 0.1545726 -0.6940345 0.7031506 -0.05686628 -0.7087634 0.7031533 -0.05685806 -0.7087614 0.7031519 -0.2632462 -0.6605141 1 2.23279e-5 0 1 -1.4754e-5 0 1 5.53744e-6 0 1 -5.64238e-6 0 1 8.36506e-6 0 1 -8.55217e-6 0 1 -6.42442e-6 0 1 2.19741e-5 0 1 -8.55215e-6 0 1 8.43079e-6 0 1 8.28772e-6 0 1 -8.56591e-6 0 1 -2.19742e-5 0 1 -4.24215e-6 0 1 -1.04564e-6 0 1 1.17592e-5 0 1 -4.46844e-6 0 1 -8.28765e-6 0 1 8.56587e-6 0 0 -0.3702281 -0.928941 0 -0.6275836 -0.7785491 0 -0.6275844 -0.7785487 0 -0.8291818 -0.5589791 0 -0.8291822 -0.5589787 0 -0.957108 -0.2897315 0 -0.9571082 -0.2897309 0 -0.9999863 0.005247235 0 -0.9540126 0.2997664 0 -0.9540128 0.2997661 0 -0.8232696 0.5676506 0 -0.6193713 0.7850983 0 -0.6193719 0.7850978 0 -0.3604598 0.9327748 0 -0.3604594 0.9327749 0 -0.06948351 0.9975831 0 -0.06948339 0.9975831 0 0.2276269 0.9737485 0 0.2276272 0.9737484 0 0.5045421 0.8633871 0 0.5045424 0.8633871 0 0.73661 0.6763178 0 0.7366098 0.676318 0 0.9032324 0.4291519 0 0.9895994 0.1438516 0 0.9880337 -0.1542381 0 0.9880338 -0.1542377 0 0.8986809 -0.4386031 0 0.8986805 -0.4386041 0 0.7294666 -0.6840165 0 0.4954564 -0.8686329 0 0.4954563 -0.8686329 0 0.2174015 -0.9760823 0 0.2174011 -0.9760823 0 -0.07996374 -0.9967979 0 -0.07996356 -0.9967978</float_array>
          <technique_common>
            <accessor source="#Mesh-1_002-mesh-normals-array" count="10585" stride="3">
              <param name="X" type="float"/>
              <param name="Y" type="float"/>
              <param name="Z" type="float"/>
            </accessor>
          </technique_common>
        </source>
        <vertices id="Mesh-1_002-mesh-vertices">
          <input semantic="POSITION" source="#Mesh-1_002-mesh-positions"/>
        </vertices>
        <triangles count="13326">
          <input semantic="VERTEX" source="#Mesh-1_002-mesh-vertices" offset="0"/>
          <input semantic="NORMAL" source="#Mesh-1_002-mesh-normals" offset="1"/>
          <p>1747 0 1975 0 1986 0 1747 1 1986 1 1757 1 1757 2 1986 2 1996 2 1757 3 1996 3 1767 3 1767 4 1996 4 2012 4 1767 5 2012 5 1783 5 1783 6 2012 6 2022 6 1783 7 2022 7 1793 7 1793 8 2022 8 2034 8 1793 9 2034 9 1803 9 1803 10 2034 10 2042 10 1803 11 2042 11 1811 11 1811 12 2042 12 2044 12 1811 13 2044 13 1815 13 1815 14 2044 14 2045 14 1815 15 2045 15 1816 15 1816 16 2045 16 2043 16 1816 17 2043 17 1814 17 1814 18 2043 18 2035 18 1814 19 2035 19 1806 19 1806 20 2035 20 2024 20 1806 21 2024 21 1795 21 1795 22 2024 22 2014 22 1795 23 2014 23 1785 23 1785 24 2014 24 1999 24 1785 25 1999 25 1770 25 1770 26 1999 26 1991 26 1770 27 1991 27 1762 27 1762 28 1991 28 1979 28 1762 29 1979 29 1751 29 1751 30 1979 30 1961 30 1751 30 1961 30 1735 30 1735 31 1961 31 1949 31 1735 32 1949 32 1724 32 1724 33 1949 33 1941 33 1724 34 1941 34 1716 34 1716 35 1941 35 1926 35 1716 36 1926 36 1701 36 1701 37 1926 37 1916 37 1701 38 1916 38 1691 38 1691 39 1916 39 1905 39 1691 40 1905 40 1680 40 1680 41 1905 41 1897 41 1680 42 1897 42 1672 42 1672 43 1897 43 1895 43 1672 44 1895 44 1670 44 1670 45 1895 45 1896 45 1670 46 1896 46 1671 46 1671 47 1896 47 1898 47 1671 48 1898 48 1675 48 1675 49 1898 49 1906 49 1675 50 1906 50 1683 50 1683 51 1906 51 1918 51 1683 52 1918 52 1693 52 1693 53 1918 53 1928 53 1693 53 1928 53 1703 53 1703 54 1928 54 1944 54 1703 55 1944 55 1719 55 1719 56 1944 56 1954 56 1719 57 1954 57 1729 57 1729 58 1954 58 1965 58 1729 59 1965 59 1739 59 2073 60 2070 60 2068 60 2087 61 2084 61 2081 61 2096 62 2094 62 2095 62 2095 63 2094 63 2084 63 2102 64 2098 64 2096 64 2106 65 2098 65 2110 65 2110 66 2098 66 2102 66 2110 67 2102 67 2111 67 2122 68 2104 68 2091 68 2091 69 2104 69 2089 69 2065 70 2066 70 2077 70 2077 71 2066 71 2072 71 2077 72 2072 72 2104 72 2104 73 2072 73 2085 73 2104 74 2085 74 2089 74 2062 75 2073 75 2060 75 2060 76 2073 76 2068 76 2060 77 2068 77 2058 77 2134 78 2199 78 2198 78 2125 79 2199 79 2134 79 2096 80 2095 80 2102 80 2102 81 2095 81 2107 81 2102 82 2107 82 2111 82 2128 83 2121 83 2107 83 2084 84 2087 84 2095 84 2095 85 2087 85 2101 85 2095 86 2101 86 2107 86 2107 87 2101 87 2118 87 2107 88 2118 88 2128 88 2121 89 2117 89 2107 89 2107 90 2117 90 2115 90 2107 91 2115 91 2111 91 2062 92 2065 92 2073 92 2073 93 2065 93 2077 93 2073 94 2077 94 2092 94 2092 95 2077 95 2104 95 2092 96 2104 96 2112 96 2112 97 2104 97 2122 97 2112 98 2122 98 2134 98 2134 99 2122 99 2123 99 2134 100 2123 100 2125 100 2118 101 2196 101 2193 101 2193 102 2132 102 2118 102 2118 103 2132 103 2130 103 2118 104 2130 104 2128 104 2198 105 2196 105 2134 105 2134 106 2196 106 2118 106 2134 107 2118 107 2112 107 2112 108 2118 108 2101 108 2112 109 2101 109 2092 109 2092 110 2101 110 2087 110 2092 111 2087 111 2073 111 2073 112 2087 112 2081 112 2073 113 2081 113 2070 113 2080 114 2083 114 2088 114 2111 115 2114 115 2108 115 2067 116 2064 116 2074 116 2064 117 2063 117 2074 117 2074 118 2063 118 2061 118 2074 119 2061 119 2059 119 2086 120 2075 120 2078 120 2090 121 2105 121 2100 121 2100 122 2105 122 2124 122 2126 123 2135 123 2133 123 2133 124 2135 124 2203 124 2106 125 2109 125 2099 125 2099 126 2109 126 2103 126 2099 127 2103 127 2097 127 2059 128 2069 128 2074 128 2074 129 2069 129 2071 129 2074 130 2071 130 2076 130 2076 131 2079 131 2074 131 2074 132 2079 132 2078 132 2074 133 2078 133 2067 133 2067 134 2078 134 2075 134 2090 135 2086 135 2105 135 2105 136 2086 136 2078 136 2105 137 2078 137 2082 137 2082 138 2078 138 2079 138 2082 139 2079 139 2088 139 2088 140 2079 140 2076 140 2088 141 2076 141 2080 141 2114 142 2116 142 2108 142 2108 143 2116 143 2120 143 2108 144 2120 144 2119 144 2119 145 2120 145 2127 145 2119 146 2127 146 2129 146 2126 147 2124 147 2135 147 2135 148 2124 148 2105 148 2135 149 2105 149 2113 149 2113 150 2105 150 2082 150 2113 151 2082 151 2093 151 2093 152 2082 152 2088 152 2093 153 2088 153 2103 153 2103 154 2088 154 2083 154 2103 155 2083 155 2097 155 2109 156 2111 156 2103 156 2103 157 2111 157 2108 157 2103 158 2108 158 2093 158 2093 159 2108 159 2119 159 2093 160 2119 160 2113 160 2113 161 2119 161 2195 161 2113 162 2195 162 2135 162 2135 163 2195 163 2197 163 2135 164 2197 164 2203 164 2129 165 2131 165 2119 165 2119 166 2131 166 2194 166 2119 167 2194 167 2195 167 1746 168 1973 168 1747 168 1747 169 1973 169 1975 169 1739 170 1965 170 1740 170 1740 171 1965 171 1967 171 552 172 553 172 554 172 554 172 553 172 555 172 555 173 553 173 568 173 555 174 568 174 569 174 569 175 568 175 580 175 569 176 580 176 581 176 581 177 580 177 650 177 581 178 650 178 651 178 559 172 558 172 557 172 557 172 558 172 556 172 549 172 551 172 548 172 548 172 551 172 550 172 1740 179 1514 179 1512 179 1740 179 1512 179 1738 179 1738 180 1512 180 1508 180 1738 181 1508 181 1734 181 1734 182 1508 182 1507 182 1734 183 1507 183 1731 183 2515 184 2356 184 2513 184 2513 185 2356 185 2350 185 2513 186 2350 186 2508 186 2508 187 2350 187 2340 187 2508 188 2340 188 2503 188 2503 189 2340 189 2332 189 2503 190 2332 190 2498 190 2498 191 2332 191 2319 191 2498 191 2319 191 2485 191 2485 192 2319 192 2305 192 2485 193 2305 193 2478 193 2478 194 2305 194 2296 194 2478 195 2296 195 2473 195 2473 196 2296 196 2283 196 2473 197 2283 197 2469 197 2469 198 2283 198 2275 198 2469 199 2275 199 2464 199 2464 200 2275 200 2265 200 2464 201 2265 201 2460 201 2460 202 2265 202 2251 202 2460 203 2251 203 2450 203 2450 204 2251 204 2239 204 2450 205 2239 205 2440 205 2440 206 2239 206 2227 206 2440 207 2227 207 2435 207 2435 208 2227 208 2219 208 2435 209 2219 209 2430 209 2430 210 2219 210 2217 210 2430 211 2217 211 2425 211 2425 212 2217 212 2216 212 2425 212 2216 212 2424 212 2424 213 2216 213 2218 213 2424 214 2218 214 2429 214 2429 215 2218 215 2226 215 2429 216 2226 216 2434 216 2434 217 2226 217 2238 217 2434 218 2238 218 2439 218 2439 219 2238 219 2250 219 2439 220 2250 220 2449 220 2449 221 2250 221 2264 221 2449 222 2264 222 2459 222 2459 223 2264 223 2274 223 2459 224 2274 224 2463 224 2463 225 2274 225 2282 225 2463 226 2282 226 2468 226 2468 227 2282 227 2295 227 2468 228 2295 228 2472 228 2472 229 2295 229 2304 229 2472 230 2304 230 2477 230 2477 231 2304 231 2318 231 2477 232 2318 232 2484 232 2484 233 2318 233 2331 233 2484 233 2331 233 2497 233 2497 234 2331 234 2339 234 2497 235 2339 235 2502 235 2502 236 2339 236 2349 236 2502 237 2349 237 2507 237 2507 238 2349 238 2355 238 2507 239 2355 239 2512 239 2512 240 2355 240 2359 240 2512 241 2359 241 2515 241 2515 242 2359 242 2356 242 2198 243 2199 243 2200 243 2111 244 2115 244 2114 244 2114 245 2115 245 2117 245 2114 246 2117 246 2116 246 2136 247 2137 247 2120 247 2195 248 2194 248 2137 248 2137 249 2194 249 2131 249 2131 250 2129 250 2137 250 2137 251 2129 251 2127 251 2137 252 2127 252 2120 252 2202 253 2203 253 2197 253 2197 254 2195 254 2202 254 2202 255 2195 255 2137 255 2202 256 2137 256 2201 256 2201 257 2137 257 2136 257 2201 258 2136 258 2200 258 2130 259 2132 259 2136 259 2136 260 2132 260 2193 260 2136 261 2193 261 2200 261 2200 262 2193 262 2196 262 2200 263 2196 263 2198 263 2116 264 2117 264 2120 264 2120 265 2117 265 2121 265 2120 266 2121 266 2136 266 2136 267 2121 267 2128 267 2136 268 2128 268 2130 268 2058 269 1967 269 2060 269 2060 270 1967 270 1966 270 2060 271 1966 271 2062 271 2062 272 1966 272 2065 272 2065 273 1966 273 2066 273 2066 274 1966 274 1964 274 2066 275 1964 275 2072 275 2123 276 2122 276 1960 276 2122 277 2091 277 1960 277 1960 278 2091 278 2089 278 1960 279 2089 279 1964 279 1964 280 2089 280 2085 280 1964 281 2085 281 2072 281 2123 282 1960 282 2125 282 2125 283 1960 283 1957 283 2125 284 1957 284 2199 284 2335 172 2340 172 2341 172 2341 172 2340 172 2350 172 2341 172 2350 172 2347 172 2347 172 2350 172 2356 172 2347 172 2356 172 2348 172 2348 172 2356 172 2359 172 2348 172 2359 172 2344 172 2344 172 2359 172 2355 172 2344 285 2355 285 2338 285 2335 286 2326 286 2340 286 2340 287 2326 287 2327 287 2340 172 2327 172 2332 172 2332 172 2327 172 2325 172 2332 172 2325 172 2319 172 2319 288 2325 288 2313 288 2319 172 2313 172 2305 172 2305 172 2313 172 2303 172 2305 172 2303 172 2296 172 2296 172 2303 172 2297 172 2296 172 2297 172 2283 172 2283 289 2297 289 2287 289 2283 172 2287 172 2275 172 2275 290 2287 290 2277 290 2275 291 2277 291 2265 291 2265 172 2277 172 2269 172 2265 292 2269 292 2251 292 2251 172 2269 172 2259 172 2355 293 2349 293 2338 293 2338 172 2349 172 2339 172 2338 294 2339 294 2330 294 2330 295 2339 295 2331 295 2330 296 2331 296 2320 296 2320 172 2331 172 2318 172 2320 297 2318 297 2306 297 2306 172 2318 172 2304 172 2306 172 2304 172 2298 172 2298 172 2304 172 2295 172 2298 172 2295 172 2289 172 2289 298 2295 298 2282 298 2289 172 2282 172 2276 172 2276 299 2282 299 2274 299 2276 172 2274 172 2268 172 2268 300 2274 300 2264 300 2268 172 2264 172 2254 172 2254 301 2264 301 2250 301 2254 172 2250 172 2242 172 2242 302 2250 302 2238 302 2242 172 2238 172 2234 172 2234 303 2238 303 2226 303 2234 172 2226 172 2230 172 2230 172 2226 172 2218 172 2230 304 2218 304 2224 304 2224 305 2218 305 2216 305 2224 172 2216 172 2225 172 2225 172 2216 172 2217 172 2225 172 2217 172 2233 172 2233 172 2217 172 2219 172 2233 306 2219 306 2237 306 2237 307 2219 307 2227 307 2237 172 2227 172 2245 172 2245 308 2227 308 2239 308 2245 172 2239 172 2246 172 2246 172 2239 172 2251 172 2246 172 2251 172 2247 172 2247 172 2251 172 2259 172 1976 309 1975 309 1974 309 1974 310 1975 310 1973 310 1957 309 1960 309 1965 309 1960 309 1964 309 1965 309 1965 311 1964 311 1966 311 1965 312 1966 312 1967 312 1925 309 1927 309 1938 309 2002 309 2012 309 1992 309 1992 309 2012 309 1996 309 1992 313 1996 313 1984 313 1984 309 1996 309 1986 309 1984 309 1986 309 1983 309 1983 314 1986 314 1975 314 1983 309 1975 309 1980 309 1980 309 1975 309 1976 309 1957 309 1965 309 1956 309 1956 315 1965 315 1954 315 1956 316 1954 316 1948 316 1948 317 1954 317 1944 317 1948 309 1944 309 1938 309 1938 309 1944 309 1928 309 1938 318 1928 318 1925 318 1925 319 1928 319 1918 319 1925 309 1918 309 1924 309 1924 309 1918 309 1917 309 1917 309 1918 309 1906 309 1917 309 1906 309 1912 309 1912 309 1906 309 1898 309 1912 309 1898 309 1904 309 1904 320 1898 320 1896 320 1904 309 1896 309 1903 309 1903 309 1896 309 1895 309 1903 309 1895 309 1911 309 1911 321 1895 321 1897 321 1911 309 1897 309 1913 309 1913 309 1897 309 1905 309 1913 309 1905 309 1921 309 1921 309 1905 309 1916 309 1921 322 1916 322 1933 322 1933 309 1916 309 1926 309 1933 309 1926 309 1947 309 1947 309 1926 309 1941 309 1947 323 1941 323 1955 323 1955 324 1941 324 1949 324 1955 325 1949 325 1971 325 2002 326 2013 326 2012 326 2012 309 2013 309 2016 309 2012 327 2016 327 2022 327 2022 309 2016 309 2015 309 2022 309 2015 309 2034 309 2034 309 2015 309 2023 309 2034 309 2023 309 2042 309 2042 309 2023 309 2028 309 2042 309 2028 309 2044 309 2044 328 2028 328 2036 328 2044 329 2036 329 2045 329 2045 330 2036 330 2037 330 2045 331 2037 331 2043 331 2043 309 2037 309 2029 309 2043 309 2029 309 2035 309 2035 309 2029 309 2027 309 2035 309 2027 309 2024 309 2024 309 2027 309 2019 309 2024 309 2019 309 2014 309 2014 332 2019 332 2007 332 2014 309 2007 309 1999 309 1999 309 2007 309 1993 309 1999 309 1993 309 1991 309 1991 333 1993 333 1985 333 1991 334 1985 334 1979 334 1979 335 1985 335 1971 335 1979 309 1971 309 1961 309 1961 336 1971 336 1949 336 2063 337 2064 337 1974 337 2075 338 2086 338 1976 338 1976 339 2086 339 1980 339 1980 340 2086 340 2090 340 1980 341 2090 341 2100 341 2100 342 2124 342 1980 342 1980 343 2124 343 2126 343 1980 344 2126 344 1983 344 1983 345 2126 345 2133 345 1983 346 2133 346 2203 346 1974 347 2064 347 1976 347 1976 348 2064 348 2067 348 1976 349 2067 349 2075 349 2063 350 1974 350 2061 350 2061 351 1974 351 1973 351 2061 352 1973 352 2059 352 1755 353 1527 353 1526 353 1755 354 1526 354 1752 354 1752 355 1526 355 1522 355 1752 356 1522 356 1748 356 1748 357 1522 357 1520 357 1748 358 1520 358 1746 358 1748 172 1746 172 1747 172 1739 172 1740 172 1738 172 1763 172 1755 172 1747 172 1747 359 1755 359 1752 359 1747 360 1752 360 1748 360 1723 172 1715 172 1703 172 1787 172 1784 172 1771 172 1738 172 1734 172 1739 172 1739 361 1734 361 1731 361 1739 172 1731 172 1729 172 1729 172 1731 172 1723 172 1729 172 1723 172 1719 172 1719 172 1723 172 1703 172 1793 362 1787 362 1783 362 1783 363 1787 363 1771 363 1783 172 1771 172 1767 172 1767 172 1771 172 1763 172 1767 172 1763 172 1757 172 1757 172 1763 172 1747 172 1715 364 1702 364 1703 364 1703 172 1702 172 1700 172 1703 365 1700 365 1693 365 1693 366 1700 366 1699 366 1693 172 1699 172 1683 172 1683 172 1699 172 1692 172 1683 172 1692 172 1675 172 1675 172 1692 172 1687 172 1675 367 1687 367 1671 367 1671 368 1687 368 1679 368 1671 172 1679 172 1670 172 1670 172 1679 172 1678 172 1670 172 1678 172 1672 172 1672 369 1678 369 1686 369 1672 370 1686 370 1680 370 1680 371 1686 371 1688 371 1680 172 1688 172 1691 172 1691 172 1688 172 1698 172 1691 172 1698 172 1701 172 1701 172 1698 172 1708 172 1701 172 1708 172 1716 172 1716 172 1708 172 1722 172 1716 172 1722 172 1724 172 1724 372 1722 372 1730 372 1724 172 1730 172 1735 172 1735 373 1730 373 1744 373 1735 172 1744 172 1751 172 1751 374 1744 374 1762 374 1762 375 1744 375 1756 375 1762 376 1756 376 1770 376 1770 377 1756 377 1764 377 1770 378 1764 378 1785 378 1785 172 1764 172 1778 172 1785 172 1778 172 1795 172 1795 379 1778 379 1788 379 1795 172 1788 172 1806 172 1806 172 1788 172 1798 172 1806 172 1798 172 1814 172 1814 380 1798 380 1800 380 1814 381 1800 381 1816 381 1816 382 1800 382 1808 382 1816 172 1808 172 1815 172 1815 172 1808 172 1807 172 1815 383 1807 383 1811 383 1811 384 1807 384 1799 384 1811 172 1799 172 1803 172 1803 172 1799 172 1794 172 1803 172 1794 172 1793 172 1793 172 1794 172 1786 172 1793 385 1786 385 1787 385 2071 386 2070 386 2081 386 2081 387 2084 387 2071 387 2071 388 2084 388 2094 388 2071 389 2094 389 2076 389 2076 390 2094 390 2096 390 2076 391 2096 391 2098 391 2098 392 2106 392 2099 392 2080 393 2076 393 2083 393 2083 394 2076 394 2098 394 2083 395 2098 395 2097 395 2097 396 2098 396 2099 396 2068 397 2070 397 2058 397 2058 398 2070 398 2071 398 2058 399 2071 399 1967 399 1967 400 2071 400 2069 400 1430 401 1429 401 1520 401 1520 401 1429 401 1514 401 1520 401 1514 401 1746 401 1746 401 1514 401 1740 401 1746 401 1740 401 1973 401 1973 401 1740 401 1967 401 1973 401 1967 401 2059 401 2059 402 1967 402 2069 402 1521 309 1520 309 1522 309 1497 309 1507 309 1513 309 1507 309 1508 309 1513 309 1513 403 1508 403 1512 403 1513 309 1512 309 1514 309 1537 404 1545 404 1557 404 1474 309 1476 309 1489 309 1522 309 1526 309 1521 309 1521 405 1526 405 1527 405 1521 309 1527 309 1531 309 1531 309 1527 309 1537 309 1531 406 1537 406 1541 406 1541 407 1537 407 1557 407 1513 309 1503 309 1497 309 1497 408 1503 408 1493 408 1497 409 1493 409 1489 409 1489 410 1493 410 1477 410 1489 411 1477 411 1474 411 1474 309 1477 309 1467 309 1474 412 1467 412 1473 412 1473 309 1467 309 1466 309 1466 309 1467 309 1457 309 1466 309 1457 309 1461 309 1461 309 1457 309 1449 309 1461 413 1449 413 1453 413 1453 320 1449 320 1445 320 1453 309 1445 309 1452 309 1452 414 1445 414 1444 414 1452 309 1444 309 1460 309 1460 309 1444 309 1448 309 1460 309 1448 309 1464 309 1464 309 1448 309 1454 309 1464 415 1454 415 1472 415 1472 309 1454 309 1465 309 1472 416 1465 416 1484 416 1484 309 1465 309 1475 309 1484 309 1475 309 1496 309 1496 309 1475 309 1490 309 1496 417 1490 417 1504 417 1504 309 1490 309 1498 309 1504 325 1498 325 1518 325 1545 418 1558 418 1557 418 1557 309 1558 309 1561 309 1557 419 1561 419 1567 419 1567 420 1561 420 1560 420 1567 309 1560 309 1577 309 1577 309 1560 309 1568 309 1577 309 1568 309 1585 309 1585 309 1568 309 1573 309 1585 309 1573 309 1589 309 1589 421 1573 421 1581 421 1589 329 1581 329 1590 329 1590 309 1581 309 1582 309 1590 309 1582 309 1586 309 1586 309 1582 309 1574 309 1586 309 1574 309 1580 309 1580 422 1574 422 1570 422 1580 309 1570 309 1569 309 1569 309 1570 309 1562 309 1569 423 1562 423 1559 423 1559 424 1562 424 1550 424 1559 309 1550 309 1544 309 1544 309 1550 309 1538 309 1544 309 1538 309 1536 309 1536 425 1538 425 1530 425 1536 309 1530 309 1525 309 1525 426 1530 426 1518 426 1525 309 1518 309 1509 309 1509 309 1518 309 1498 309 559 212 221 212 558 212 558 212 221 212 220 212 581 212 651 212 139 212 581 427 139 427 569 427 138 212 554 212 139 212 139 212 554 212 555 212 139 428 555 428 569 428 554 401 138 401 552 401 552 401 138 401 96 401 97 429 650 429 580 429 552 430 96 430 553 430 553 430 96 430 97 430 553 430 97 430 568 430 568 430 97 430 580 430 156 401 139 401 651 401 97 401 83 401 650 401 650 401 83 401 2457 401 650 431 2457 431 651 431 651 432 2457 432 2482 432 651 401 2482 401 156 401 548 430 22 430 549 430 549 430 22 430 23 430 2491 433 178 433 2490 433 2490 434 178 434 170 434 2490 435 170 435 2487 435 2487 436 170 436 166 436 2487 437 166 437 2482 437 2482 438 166 438 156 438 179 401 652 401 582 401 558 401 220 401 556 401 556 439 220 439 179 439 556 401 179 401 570 401 570 440 179 440 582 440 652 441 653 441 583 441 652 442 583 442 582 442 582 443 583 443 571 443 582 444 571 444 570 444 570 445 571 445 557 445 570 446 557 446 556 446 583 30 653 30 180 30 583 447 180 447 571 447 221 30 559 30 180 30 180 448 559 448 557 448 180 30 557 30 571 30 2245 449 1924 449 1917 449 2245 450 1917 450 2237 450 2237 451 1917 451 1912 451 2237 451 1912 451 2233 451 2233 452 1912 452 1904 452 2233 453 1904 453 2225 453 2225 454 1904 454 1903 454 2225 454 1903 454 2224 454 2224 455 1903 455 1911 455 2224 456 1911 456 2230 456 2230 457 1911 457 1913 457 2230 458 1913 458 2234 458 2234 459 1913 459 1921 459 2234 460 1921 460 2242 460 2242 461 1921 461 1933 461 2242 462 1933 462 2254 462 2254 463 1933 463 1947 463 2254 464 1947 464 2268 464 2268 465 1947 465 1955 465 2268 466 1955 466 2276 466 2276 467 1955 467 1972 467 2276 468 1972 468 2290 468 2290 469 1972 469 1985 469 2290 470 1985 470 2298 470 2298 471 1985 471 1993 471 2298 472 1993 472 2306 472 2306 473 1993 473 2007 473 2306 474 2007 474 2320 474 2320 475 2007 475 2019 475 2320 476 2019 476 2330 476 2330 477 2019 477 2027 477 2330 478 2027 478 2338 478 2338 479 2027 479 2029 479 2338 480 2029 480 2344 480 2344 481 2029 481 2037 481 2344 482 2037 482 2348 482 2348 483 2037 483 2036 483 2348 484 2036 484 2347 484 2347 485 2036 485 2028 485 2347 486 2028 486 2341 486 2341 487 2028 487 2023 487 2341 487 2023 487 2335 487 2335 488 2023 488 2015 488 2335 489 2015 489 2326 489 1699 490 1473 490 1466 490 1699 491 1466 491 1692 491 1692 492 1466 492 1461 492 1692 451 1461 451 1687 451 1687 453 1461 453 1453 453 1687 493 1453 493 1679 493 1679 454 1453 454 1452 454 1679 454 1452 454 1678 454 1678 455 1452 455 1460 455 1678 455 1460 455 1686 455 1686 457 1460 457 1464 457 1686 457 1464 457 1688 457 1688 494 1464 494 1472 494 1688 460 1472 460 1698 460 1698 495 1472 495 1484 495 1698 462 1484 462 1708 462 1708 463 1484 463 1496 463 1708 463 1496 463 1722 463 1722 465 1496 465 1504 465 1722 466 1504 466 1730 466 1730 496 1504 496 1519 496 1730 497 1519 497 1745 497 1745 498 1519 498 1530 498 1745 499 1530 499 1756 499 1756 471 1530 471 1538 471 1756 472 1538 472 1764 472 1764 473 1538 473 1550 473 1764 500 1550 500 1778 500 1778 501 1550 501 1562 501 1778 476 1562 476 1788 476 1788 478 1562 478 1570 478 1788 478 1570 478 1798 478 1798 479 1570 479 1574 479 1798 502 1574 502 1800 502 1800 481 1574 481 1582 481 1800 481 1582 481 1808 481 1808 483 1582 483 1581 483 1808 484 1581 484 1807 484 1807 486 1581 486 1573 486 1807 503 1573 503 1799 503 1799 504 1573 504 1568 504 1799 487 1568 487 1794 487 1794 505 1568 505 1560 505 1794 506 1560 506 1786 506 60 30 649 30 579 30 549 30 23 30 551 30 551 507 23 507 60 507 551 30 60 30 567 30 567 508 60 508 579 508 550 509 551 509 567 509 550 510 567 510 566 510 566 511 567 511 579 511 566 512 579 512 578 512 578 513 579 513 649 513 578 514 649 514 648 514 578 401 648 401 59 401 578 515 59 515 566 515 22 401 548 401 59 401 59 516 548 516 550 516 59 401 550 401 566 401 2457 517 83 517 2453 517 2453 518 83 518 71 518 2453 519 71 519 2448 519 2448 520 71 520 67 520 2448 521 67 521 2446 521 2446 522 67 522 58 522 1731 523 1507 523 1497 523 1731 524 1497 524 1723 524 1723 525 1497 525 1489 525 1723 526 1489 526 1715 526 1715 527 1489 527 1476 527 1715 528 1476 528 1702 528 2469 309 2464 309 2492 309 2492 529 2464 529 2460 529 2492 309 2460 309 2447 309 2515 309 2513 309 2491 309 2460 309 2450 309 2447 309 2447 309 2450 309 2440 309 2447 530 2440 530 2446 530 2446 531 2440 531 2435 531 2485 532 2478 532 2492 532 2492 533 2478 533 2473 533 2492 534 2473 534 2469 534 2515 309 2491 309 2512 309 2513 309 2508 309 2491 309 2491 535 2508 535 2503 535 2491 536 2503 536 2492 536 2492 309 2503 309 2498 309 2492 537 2498 537 2485 537 2435 309 2430 309 2446 309 2446 538 2430 538 2425 538 2446 539 2425 539 2424 539 2424 309 2429 309 2446 309 2446 309 2429 309 2434 309 2446 309 2434 309 2448 309 2448 540 2434 540 2439 540 2448 541 2439 541 2453 541 2453 309 2439 309 2449 309 2453 309 2449 309 2457 309 2457 309 2449 309 2459 309 2457 542 2459 542 2463 542 2463 309 2468 309 2457 309 2457 543 2468 543 2472 543 2457 309 2472 309 2482 309 2472 544 2477 544 2482 544 2482 545 2477 545 2484 545 2482 309 2484 309 2487 309 2487 546 2484 546 2497 546 2487 309 2497 309 2490 309 2490 309 2497 309 2502 309 2490 547 2502 547 2491 547 2491 548 2502 548 2507 548 2491 549 2507 549 2512 549 2199 550 1957 550 1956 550 2199 551 2277 551 2200 551 2200 552 2277 552 2288 552 2200 553 2288 553 2201 553 1983 554 2203 554 2297 554 2297 555 2203 555 2288 555 2288 556 2203 556 2202 556 2288 557 2202 557 2201 557 1983 558 2297 558 1984 558 1984 559 2297 559 2303 559 1984 560 2303 560 1992 560 1992 561 2303 561 2313 561 1992 562 2313 562 2002 562 2002 563 2313 563 2325 563 2002 564 2325 564 2013 564 2199 565 1956 565 2277 565 2277 566 1956 566 1948 566 2277 567 1948 567 2269 567 2269 568 1948 568 1938 568 2269 569 1938 569 2259 569 2259 570 1938 570 1927 570 2259 571 1927 571 2247 571 1784 572 1558 572 1545 572 1784 573 1545 573 1771 573 1771 574 1545 574 1537 574 1771 575 1537 575 1763 575 1763 576 1537 576 1527 576 1763 576 1527 576 1755 576 1426 577 1429 577 1430 577 1419 578 1326 578 1325 578 1430 579 1427 579 1426 579 1426 580 1427 580 1423 580 1426 581 1423 581 1422 581 1422 582 1423 582 1419 582 1422 583 1419 583 1418 583 1418 584 1419 584 1325 584 1418 585 1325 585 1321 585 1328 586 1326 586 1419 586 1419 587 1423 587 1328 587 1328 588 1423 588 1427 588 1328 589 1427 589 1521 589 1521 590 1427 590 1430 590 1521 591 1430 591 1520 591 1328 0 1521 0 1531 0 1328 1 1531 1 1342 1 1342 2 1531 2 1541 2 1342 592 1541 592 1352 592 1352 593 1541 593 1557 593 1352 5 1557 5 1368 5 1368 6 1557 6 1567 6 1368 594 1567 594 1378 594 1378 8 1567 8 1577 8 1378 9 1577 9 1390 9 1390 10 1577 10 1585 10 1390 11 1585 11 1398 11 1398 12 1585 12 1589 12 1398 595 1589 595 1400 595 1400 596 1589 596 1590 596 1400 14 1590 14 1401 14 1401 597 1590 597 1586 597 1401 598 1586 598 1399 598 1399 599 1586 599 1580 599 1399 19 1580 19 1391 19 1391 20 1580 20 1569 20 1391 600 1569 600 1382 600 1382 22 1569 22 1559 22 1382 601 1559 601 1370 601 1370 24 1559 24 1544 24 1370 602 1544 602 1355 602 1355 26 1544 26 1536 26 1355 27 1536 27 1345 27 1345 603 1536 603 1525 603 1345 604 1525 604 1331 604 1331 30 1525 30 1509 30 1331 30 1509 30 1316 30 1316 605 1509 605 1498 605 1316 606 1498 606 1302 606 1302 33 1498 33 1490 33 1302 34 1490 34 1292 34 1292 35 1490 35 1475 35 1292 607 1475 607 1277 607 1277 37 1475 37 1465 37 1277 608 1465 608 1265 608 1265 39 1465 39 1454 39 1265 39 1454 39 1256 39 1256 609 1454 609 1448 609 1256 42 1448 42 1248 42 1248 610 1448 610 1444 610 1248 610 1444 610 1246 610 1246 611 1444 611 1445 611 1246 612 1445 612 1247 612 1247 47 1445 47 1449 47 1247 613 1449 613 1249 613 1249 49 1449 49 1457 49 1249 50 1457 50 1257 50 1257 51 1457 51 1467 51 1257 52 1467 52 1269 52 1269 53 1467 53 1477 53 1269 614 1477 614 1279 614 1279 615 1477 615 1493 615 1279 55 1493 55 1295 55 1295 56 1493 56 1503 56 1295 616 1503 616 1305 616 1305 58 1503 58 1513 58 1305 59 1513 59 1319 59 1426 617 1422 617 1319 617 1319 618 1422 618 1418 618 1319 619 1418 619 1321 619 1426 620 1319 620 1429 620 1429 621 1319 621 1513 621 1429 622 1513 622 1514 622 1416 623 1313 623 1333 623 1333 624 1417 624 1416 624 1416 625 1417 625 1421 625 1416 626 1421 626 1420 626 1420 627 1421 627 1425 627 1420 628 1425 628 1424 628 1424 629 1425 629 1431 629 1424 630 1431 630 1428 630 15 172 19 172 23 172 23 172 19 172 60 172 89 172 111 172 78 172 78 172 111 172 110 172 78 172 110 172 57 172 57 172 110 172 61 172 57 172 61 172 33 172 33 172 61 172 60 172 33 172 60 172 27 172 27 172 60 172 19 172 15 172 23 172 18 172 18 172 23 172 22 172 18 172 22 172 26 172 26 172 22 172 59 172 26 172 59 172 32 172 179 172 220 172 218 172 59 172 58 172 32 172 32 172 58 172 67 172 32 172 67 172 56 172 56 172 67 172 71 172 56 172 71 172 77 172 77 172 71 172 83 172 77 172 83 172 88 172 88 172 83 172 97 172 88 172 97 172 96 172 221 172 227 172 220 172 220 172 227 172 226 172 220 172 226 172 218 172 179 172 218 172 178 172 178 172 218 172 214 172 178 172 214 172 170 172 170 172 214 172 189 172 170 172 189 172 166 172 166 172 189 172 171 172 166 172 171 172 156 172 156 172 171 172 150 172 156 172 150 172 139 172 139 172 150 172 144 172 139 172 144 172 138 172 138 172 144 172 126 172 138 172 126 172 96 172 96 172 126 172 100 172 96 172 100 172 88 172 129 172 151 172 128 172 128 172 151 172 172 172 128 172 172 172 181 172 181 172 172 172 190 172 181 172 190 172 180 172 180 172 190 172 215 172 180 172 215 172 221 172 221 172 215 172 219 172 221 172 219 172 227 172 89 172 101 172 111 172 111 172 101 172 127 172 111 172 127 172 129 172 129 172 127 172 145 172 129 172 145 172 151 172 932 631 1017 631 1313 631 1313 632 1416 632 932 632 932 633 1416 633 1420 633 932 634 1420 634 928 634 928 635 1420 635 1424 635 928 636 1424 636 924 636 924 637 1424 637 1428 637 924 638 1428 638 920 638 110 430 111 430 921 430 921 430 111 430 934 430 921 430 934 430 925 430 925 639 934 639 929 639 129 30 935 30 111 30 111 30 935 30 934 30 926 212 930 212 922 212 922 640 930 640 935 640 922 212 935 212 128 212 128 212 935 212 129 212 1421 641 927 641 1425 641 1425 642 927 642 923 642 1425 643 923 643 1431 643 1333 644 1032 644 1417 644 1417 645 1032 645 933 645 1417 646 933 646 1421 646 1421 647 933 647 931 647 1421 648 931 648 927 648 652 212 179 212 178 212 2015 212 2016 212 1787 212 1561 212 1372 212 1560 212 1560 212 1372 212 1371 212 181 212 180 212 1071 212 1071 649 180 649 653 649 1071 212 653 212 1070 212 1787 212 1786 212 2015 212 2015 212 1786 212 2491 212 2015 650 2491 650 2326 650 2326 212 2491 212 2492 212 2326 212 2492 212 2327 212 653 212 652 212 1070 212 1070 651 652 651 178 651 1070 212 178 212 1371 212 1371 212 178 212 2491 212 1371 652 2491 652 1560 652 1560 653 2491 653 1786 653 1275 430 1276 430 1474 430 2446 654 58 654 648 654 648 430 58 430 59 430 1473 430 1699 430 2446 430 1474 430 1473 430 1275 430 1275 430 1473 430 2446 430 1275 430 2446 430 979 430 979 655 2446 655 648 655 979 430 648 430 980 430 980 430 648 430 649 430 980 656 649 656 61 656 61 430 649 430 60 430 2246 430 2447 430 2245 430 2245 430 2447 430 2446 430 2245 430 2446 430 1924 430 1924 430 2446 430 1699 430 1924 430 1699 430 1925 430 1925 430 1699 430 1700 430 981 30 980 30 61 30 923 30 922 30 128 30 1476 30 1474 30 1276 30 110 30 921 30 920 30 1784 30 2447 30 1558 30 1558 30 2447 30 1369 30 1558 30 1369 30 1561 30 1561 30 1369 30 1372 30 181 30 1071 30 1069 30 1428 30 1278 30 920 30 920 30 1278 30 981 30 920 30 981 30 110 30 110 657 981 657 61 657 2327 30 2492 30 2325 30 2325 30 2492 30 2447 30 2325 30 2447 30 2013 30 2013 30 2447 30 1784 30 2013 30 1784 30 2016 30 2016 30 1784 30 1787 30 128 30 181 30 923 30 923 658 181 658 1069 658 923 30 1069 30 1431 30 1431 30 1069 30 1369 30 1431 30 1369 30 2247 30 2247 659 1369 659 2447 659 2247 30 2447 30 2246 30 1925 30 1700 30 1927 30 1927 30 1700 30 1702 30 2247 30 1927 30 1431 30 1431 30 1927 30 1702 30 1431 30 1702 30 1428 30 1428 30 1702 30 1476 30 1428 30 1476 30 1278 30 1278 30 1476 30 1276 30 1325 172 1326 172 1333 172 1328 660 1336 660 1335 660 1325 172 1333 172 1321 172 1372 172 1369 172 1358 172 1328 661 1335 661 1326 661 1326 662 1335 662 1334 662 1326 172 1334 172 1333 172 1312 663 1319 663 1314 663 1314 664 1319 664 1321 664 1314 172 1321 172 1313 172 1313 172 1321 172 1333 172 1378 665 1372 665 1368 665 1368 172 1372 172 1358 172 1368 172 1358 172 1352 172 1352 666 1358 666 1348 666 1352 172 1348 172 1342 172 1342 172 1348 172 1340 172 1342 172 1340 172 1328 172 1328 667 1340 667 1337 667 1328 668 1337 668 1336 668 1289 669 1279 669 1299 669 1299 172 1279 172 1295 172 1299 172 1295 172 1307 172 1307 172 1295 172 1305 172 1307 172 1305 172 1310 172 1310 172 1305 172 1319 172 1310 172 1319 172 1311 172 1311 172 1319 172 1312 172 1289 172 1278 172 1279 172 1279 172 1278 172 1276 172 1279 670 1276 670 1269 670 1269 172 1276 172 1275 172 1269 172 1275 172 1257 172 1257 172 1275 172 1268 172 1257 172 1268 172 1249 172 1249 172 1268 172 1263 172 1249 172 1263 172 1247 172 1247 368 1263 368 1255 368 1247 671 1255 671 1246 671 1246 172 1255 172 1254 172 1246 172 1254 172 1248 172 1248 172 1254 172 1260 172 1248 172 1260 172 1256 172 1256 672 1260 672 1264 672 1256 673 1264 673 1265 673 1265 172 1264 172 1274 172 1265 674 1274 674 1277 674 1277 675 1274 675 1286 675 1277 172 1286 172 1292 172 1292 676 1286 676 1298 676 1292 677 1298 677 1302 677 1302 372 1298 372 1308 372 1302 678 1308 678 1316 678 1316 679 1308 679 1323 679 1316 172 1323 172 1331 172 1331 172 1323 172 1345 172 1345 172 1323 172 1339 172 1345 680 1339 680 1355 680 1355 172 1339 172 1349 172 1355 172 1349 172 1370 172 1370 172 1349 172 1361 172 1370 172 1361 172 1382 172 1382 172 1361 172 1373 172 1382 681 1373 681 1391 681 1391 172 1373 172 1383 172 1391 682 1383 682 1399 682 1399 172 1383 172 1387 172 1399 172 1387 172 1401 172 1401 172 1387 172 1393 172 1401 683 1393 683 1400 683 1400 172 1393 172 1392 172 1400 684 1392 684 1398 684 1398 172 1392 172 1384 172 1398 172 1384 172 1390 172 1390 172 1384 172 1379 172 1390 172 1379 172 1378 172 1378 172 1379 172 1371 172 1378 172 1371 172 1372 172 15 685 346 685 19 685 19 686 346 686 350 686 19 686 350 686 27 686 27 687 350 687 358 687 27 688 358 688 33 688 33 689 358 689 366 689 33 690 366 690 57 690 57 691 366 691 374 691 57 692 374 692 78 692 78 693 374 693 382 693 78 694 382 694 89 694 89 695 382 695 390 695 89 696 390 696 101 696 101 697 390 697 400 697 101 698 400 698 127 698 127 699 400 699 408 699 127 700 408 700 145 700 145 701 408 701 416 701 145 702 416 702 151 702 151 703 416 703 426 703 151 704 426 704 172 704 172 705 426 705 434 705 172 706 434 706 190 706 190 707 434 707 442 707 190 708 442 708 215 708 215 709 442 709 446 709 215 709 446 709 219 709 219 710 446 710 454 710 219 711 454 711 227 711 227 430 454 430 453 430 227 430 453 430 226 430 226 712 453 712 445 712 226 713 445 713 218 713 218 714 445 714 441 714 218 714 441 714 214 714 214 715 441 715 433 715 214 716 433 716 189 716 189 717 433 717 425 717 189 718 425 718 171 718 171 719 425 719 415 719 171 720 415 720 150 720 150 721 415 721 407 721 150 722 407 722 144 722 144 723 407 723 399 723 144 724 399 724 126 724 126 725 399 725 389 725 126 726 389 726 100 726 100 727 389 727 381 727 100 728 381 728 88 728 88 729 381 729 373 729 88 730 373 730 77 730 77 731 373 731 365 731 77 732 365 732 56 732 56 733 365 733 357 733 56 734 357 734 32 734 32 735 357 735 349 735 32 736 349 736 26 736 26 737 349 737 345 737 26 737 345 737 18 737 18 738 345 738 342 738 18 738 342 738 15 738 15 685 342 685 346 685 1314 430 1313 430 1018 430 1018 430 1313 430 1017 430 932 739 929 739 1017 739 1017 740 929 740 934 740 1017 741 934 741 1032 741 1032 742 934 742 935 742 1032 743 935 743 933 743 933 744 935 744 930 744 933 745 930 745 931 745 931 746 930 746 926 746 931 747 926 747 927 747 927 748 926 748 922 748 927 749 922 749 923 749 932 745 928 745 929 745 929 750 928 750 924 750 929 750 924 750 925 750 925 751 924 751 920 751 925 752 920 752 921 752 1033 212 1032 212 1334 212 1334 212 1032 212 1333 212 1340 753 1041 753 1038 753 1340 754 1038 754 1337 754 1337 755 1038 755 1037 755 1337 756 1037 756 1336 756 1336 757 1037 757 1034 757 1336 757 1034 757 1335 757 1335 758 1034 758 1033 758 1335 759 1033 759 1334 759 1369 760 1069 760 1057 760 1369 761 1057 761 1358 761 1358 762 1057 762 1049 762 1358 763 1049 763 1348 763 1348 764 1049 764 1041 764 1348 765 1041 765 1340 765 1275 490 979 490 971 490 1275 491 971 491 1268 491 1268 451 971 451 967 451 1268 451 967 451 1263 451 1263 453 967 453 959 453 1263 453 959 453 1255 453 1255 454 959 454 958 454 1255 454 958 454 1254 454 1254 766 958 766 966 766 1254 455 966 455 1260 455 1260 458 966 458 968 458 1260 457 968 457 1264 457 1264 494 968 494 978 494 1264 460 978 460 1274 460 1274 767 978 767 990 767 1274 768 990 768 1286 768 1286 463 990 463 1002 463 1286 463 1002 463 1298 463 1298 465 1002 465 1012 465 1298 466 1012 466 1308 466 1308 496 1012 496 1027 496 1308 769 1027 769 1324 769 1324 498 1027 498 1040 498 1324 770 1040 770 1339 770 1339 471 1040 471 1050 471 1339 472 1050 472 1349 472 1349 473 1050 473 1062 473 1349 500 1062 500 1361 500 1361 771 1062 771 1072 771 1361 772 1072 772 1373 772 1373 478 1072 478 1082 478 1373 478 1082 478 1383 478 1383 773 1082 773 1086 773 1383 502 1086 502 1387 502 1387 774 1086 774 1092 774 1387 481 1092 481 1393 481 1393 483 1092 483 1091 483 1393 484 1091 484 1392 484 1392 486 1091 486 1085 486 1392 486 1085 486 1384 486 1384 487 1085 487 1079 487 1384 487 1079 487 1379 487 1379 505 1079 505 1070 505 1379 506 1070 506 1371 506 1307 775 1011 775 1003 775 1307 776 1003 776 1299 776 1299 777 1003 777 993 777 1299 778 993 778 1289 778 1289 779 993 779 981 779 1289 780 981 780 1278 780 1314 781 1018 781 1016 781 1314 782 1016 782 1312 782 1312 783 1016 783 1015 783 1312 783 1015 783 1311 783 1311 784 1015 784 1014 784 1311 785 1014 785 1310 785 1310 786 1014 786 1011 786 1310 787 1011 787 1307 787 373 172 363 172 365 172 365 172 363 172 355 172 365 788 355 788 357 788 357 172 355 172 343 172 357 172 343 172 349 172 349 789 343 789 334 789 349 790 334 790 345 790 345 172 334 172 328 172 345 172 328 172 342 172 342 172 328 172 325 172 342 172 325 172 346 172 346 172 325 172 329 172 346 172 329 172 350 172 350 791 329 791 335 791 350 172 335 172 358 172 358 172 335 172 344 172 358 172 344 172 366 172 366 792 344 792 356 792 366 793 356 793 374 793 453 794 465 794 445 794 445 172 465 172 459 172 445 172 459 172 441 172 441 172 459 172 451 172 441 795 451 795 433 795 433 796 451 796 439 796 433 797 439 797 425 797 425 172 439 172 427 172 425 798 427 798 415 798 415 172 427 172 419 172 415 172 419 172 407 172 407 799 419 799 411 799 407 800 411 800 399 800 399 801 411 801 401 801 399 172 401 172 389 172 389 172 401 172 393 172 389 172 393 172 381 172 381 172 393 172 385 172 381 172 385 172 373 172 373 172 385 172 375 172 373 172 375 172 363 172 356 172 364 172 374 172 374 172 364 172 376 172 374 172 376 172 382 172 382 172 376 172 386 172 382 802 386 802 390 802 390 172 386 172 394 172 390 172 394 172 400 172 400 172 394 172 402 172 400 172 402 172 408 172 408 172 402 172 412 172 408 172 412 172 416 172 416 172 412 172 420 172 416 172 420 172 426 172 426 803 420 803 428 803 426 172 428 172 434 172 434 804 428 804 440 804 434 172 440 172 442 172 442 805 440 805 452 805 442 172 452 172 446 172 446 806 452 806 460 806 446 807 460 807 454 807 454 808 460 808 466 808 454 172 466 172 453 172 453 172 466 172 467 172 453 172 467 172 465 172 1071 309 1070 309 1079 309 1036 309 1024 309 1037 309 980 309 981 309 993 309 1024 309 1009 309 1011 309 1082 809 1093 809 1086 809 1086 309 1093 309 1099 309 1086 810 1099 810 1092 810 1092 309 1099 309 1101 309 1092 811 1101 811 1091 811 1091 309 1101 309 1100 309 1091 309 1100 309 1085 309 1085 309 1100 309 1094 309 1085 309 1094 309 1079 309 1079 309 1094 309 1084 309 1079 309 1084 309 1071 309 1071 309 1084 309 1076 309 1071 309 1076 309 1069 309 1069 812 1076 812 1061 812 1018 309 1017 309 1032 309 1037 813 1038 813 1036 813 1036 814 1038 814 1041 814 1036 815 1041 815 1048 815 1048 816 1041 816 1049 816 1048 817 1049 817 1061 817 1061 309 1049 309 1057 309 1061 818 1057 818 1069 818 1011 309 1009 309 1003 309 1003 819 1009 819 1000 819 1003 309 1000 309 993 309 993 309 1000 309 985 309 993 309 985 309 980 309 980 820 985 820 973 820 980 309 973 309 979 309 1011 309 1014 309 1024 309 1024 309 1014 309 1015 309 1024 309 1015 309 1037 309 1037 309 1015 309 1016 309 1037 309 1016 309 1034 309 1034 309 1016 309 1018 309 1034 309 1018 309 1033 309 1033 309 1018 309 1032 309 979 309 973 309 971 309 971 309 973 309 961 309 971 821 961 821 967 821 967 822 961 822 953 822 967 309 953 309 959 309 959 823 953 823 951 823 959 309 951 309 958 309 958 309 951 309 950 309 958 824 950 824 966 824 966 309 950 309 952 309 966 825 952 825 968 825 968 309 952 309 960 309 968 309 960 309 978 309 978 309 960 309 972 309 978 309 972 309 990 309 990 309 972 309 984 309 990 826 984 826 1002 826 1002 309 984 309 999 309 1002 309 999 309 1012 309 1012 309 999 309 1008 309 1012 827 1008 827 1026 827 1026 309 1008 309 1023 309 1026 309 1023 309 1040 309 1040 828 1023 828 1035 828 1040 829 1035 829 1050 829 1050 830 1035 830 1047 830 1050 309 1047 309 1062 309 1062 831 1047 831 1060 831 1062 309 1060 309 1072 309 1072 832 1060 832 1075 832 1072 833 1075 833 1082 833 1082 309 1075 309 1083 309 1082 309 1083 309 1093 309 325 834 6 834 329 834 329 835 6 835 8 835 329 836 8 836 335 836 335 837 8 837 12 837 335 838 12 838 344 838 344 839 12 839 17 839 344 840 17 840 356 840 356 841 17 841 29 841 356 842 29 842 364 842 364 843 29 843 55 843 364 844 55 844 376 844 376 845 55 845 81 845 376 846 81 846 386 846 386 847 81 847 91 847 386 848 91 848 394 848 394 849 91 849 109 849 394 30 109 30 402 30 402 30 109 30 131 30 402 850 131 850 412 850 412 851 131 851 149 851 412 852 149 852 420 852 420 853 149 853 159 853 420 854 159 854 428 854 428 855 159 855 183 855 428 856 183 856 440 856 440 857 183 857 213 857 440 858 213 858 452 858 452 859 213 859 225 859 452 860 225 860 460 860 460 861 225 861 231 861 460 862 231 862 466 862 466 863 231 863 235 863 466 864 235 864 467 864 467 865 235 865 236 865 467 866 236 866 465 866 465 867 236 867 234 867 465 868 234 868 459 868 459 869 234 869 230 869 459 870 230 870 451 870 451 871 230 871 224 871 451 872 224 872 439 872 439 873 224 873 212 873 439 874 212 874 427 874 427 875 212 875 182 875 427 876 182 876 419 876 419 877 182 877 158 877 419 878 158 878 411 878 411 879 158 879 148 879 411 880 148 880 401 880 401 881 148 881 130 881 401 401 130 401 393 401 393 401 130 401 108 401 393 882 108 882 385 882 385 883 108 883 90 883 385 884 90 884 375 884 375 885 90 885 80 885 375 886 80 886 363 886 363 887 80 887 54 887 363 888 54 888 355 888 355 889 54 889 28 889 355 890 28 890 343 890 343 891 28 891 16 891 343 892 16 892 334 892 334 893 16 893 11 893 334 894 11 894 328 894 328 895 11 895 7 895 328 896 7 896 325 896 325 897 7 897 6 897 1101 898 896 898 1100 898 1100 899 896 899 888 899 1100 899 888 899 1094 899 1094 900 888 900 880 900 1094 188 880 188 1084 188 1084 901 880 901 872 901 1084 902 872 902 1076 902 1076 191 872 191 860 191 1076 903 860 903 1061 903 1061 904 860 904 852 904 1061 905 852 905 1048 905 1048 906 852 906 844 906 1048 907 844 907 1036 907 1036 908 844 908 832 908 1036 909 832 909 1024 909 1024 910 832 910 824 910 1024 911 824 911 1009 911 1009 912 824 912 812 912 1009 912 812 912 1000 912 1000 913 812 913 804 913 1000 914 804 914 985 914 985 915 804 915 794 915 985 915 794 915 973 915 973 916 794 916 784 916 973 916 784 916 961 916 961 917 784 917 778 917 961 918 778 918 953 918 953 919 778 919 772 919 953 920 772 920 951 920 951 212 772 212 771 212 951 212 771 212 950 212 950 921 771 921 777 921 950 922 777 922 952 922 952 923 777 923 783 923 952 924 783 924 960 924 960 925 783 925 793 925 960 925 793 925 972 925 972 926 793 926 803 926 972 926 803 926 984 926 984 927 803 927 811 927 984 928 811 928 999 928 999 929 811 929 823 929 999 929 823 929 1008 929 1008 930 823 930 831 930 1008 931 831 931 1023 931 1023 932 831 932 843 932 1023 933 843 933 1035 933 1035 934 843 934 851 934 1035 935 851 935 1047 935 1047 936 851 936 859 936 1047 937 859 937 1060 937 1060 938 859 938 871 938 1060 939 871 939 1075 939 1075 940 871 940 879 940 1075 941 879 941 1083 941 1083 236 879 236 887 236 1083 942 887 942 1093 942 1093 943 887 943 895 943 1093 943 895 943 1099 943 1099 944 895 944 897 944 1099 945 897 945 1101 945 1101 946 897 946 896 946 11 172 4 172 7 172 7 172 4 172 2 172 7 172 2 172 6 172 80 172 68 172 54 172 54 172 68 172 50 172 54 172 50 172 28 172 2 947 0 947 6 947 6 172 0 172 1 172 6 172 1 172 8 172 8 172 1 172 3 172 8 172 3 172 12 172 130 172 120 172 108 172 108 172 120 172 94 172 108 172 94 172 90 172 90 172 94 172 92 172 90 172 92 172 80 172 80 172 92 172 86 172 80 172 86 172 68 172 50 172 30 172 28 172 28 172 30 172 20 172 28 172 20 172 16 172 16 172 20 172 13 172 16 172 13 172 11 172 11 172 13 172 9 172 11 172 9 172 4 172 158 172 152 172 148 172 148 172 152 172 146 172 148 172 146 172 130 172 130 172 146 172 142 172 130 172 142 172 120 172 212 172 210 172 182 172 182 172 210 172 186 172 182 172 186 172 158 172 158 172 186 172 168 172 158 172 168 172 152 172 230 172 232 172 224 172 224 172 232 172 228 172 224 172 228 172 212 172 212 172 228 172 222 172 212 172 222 172 210 172 236 172 241 172 234 172 234 172 241 172 239 172 234 172 239 172 230 172 230 172 239 172 237 172 230 172 237 172 232 172 81 172 87 172 91 172 91 172 87 172 93 172 91 172 93 172 109 172 213 172 223 172 225 172 225 172 223 172 229 172 225 172 229 172 231 172 29 172 31 172 55 172 55 172 31 172 51 172 55 172 51 172 81 172 81 172 51 172 69 172 81 172 69 172 87 172 229 172 233 172 231 172 231 172 233 172 238 172 231 172 238 172 235 172 235 172 238 172 240 172 235 172 240 172 236 172 236 172 240 172 242 172 236 172 242 172 241 172 159 172 169 172 183 172 183 172 169 172 187 172 183 172 187 172 213 172 213 172 187 172 211 172 213 172 211 172 223 172 3 172 5 172 12 172 12 172 5 172 10 172 12 172 10 172 17 172 17 172 10 172 14 172 17 172 14 172 29 172 29 172 14 172 21 172 29 172 21 172 31 172 93 172 95 172 109 172 109 172 95 172 117 172 109 172 117 172 131 172 131 172 117 172 143 172 131 172 143 172 149 172 149 172 143 172 147 172 149 172 147 172 159 172 159 172 147 172 153 172 159 172 153 172 169 172 887 309 908 309 895 309 895 309 908 309 912 309 895 309 912 309 897 309 871 309 885 309 879 309 879 309 885 309 893 309 879 309 893 309 887 309 887 309 893 309 904 309 887 309 904 309 908 309 793 948 789 948 803 948 803 949 789 949 797 949 803 950 797 950 811 950 777 309 764 309 783 309 783 309 764 309 773 309 783 951 773 951 793 951 793 309 773 309 781 309 793 309 781 309 789 309 823 952 825 952 831 952 831 953 825 953 835 953 831 309 835 309 843 309 896 954 909 954 888 954 888 309 909 309 905 309 888 955 905 955 880 955 859 309 869 309 871 309 871 956 869 956 877 956 871 309 877 309 885 309 835 957 841 957 843 957 843 958 841 958 849 958 843 309 849 309 851 309 851 959 849 959 855 959 851 960 855 960 859 960 859 309 855 309 863 309 859 961 863 961 869 961 797 309 805 309 811 309 811 309 805 309 813 309 811 309 813 309 823 309 823 962 813 962 817 962 823 963 817 963 825 963 824 309 814 309 812 309 812 309 814 309 806 309 812 309 806 309 804 309 912 964 916 964 897 964 897 309 916 309 917 309 897 965 917 965 896 965 896 309 917 309 913 309 896 309 913 309 909 309 771 966 756 966 777 966 777 967 756 967 760 967 777 309 760 309 764 309 778 309 757 309 772 309 772 968 757 968 753 968 772 309 753 309 771 309 771 969 753 969 752 969 771 968 752 968 756 968 784 309 765 309 778 309 778 309 765 309 761 309 778 967 761 967 757 967 806 970 798 970 804 970 804 949 798 949 790 949 804 309 790 309 794 309 794 309 790 309 782 309 794 971 782 971 784 971 784 972 782 972 774 972 784 309 774 309 765 309 832 309 826 309 824 309 824 963 826 963 818 963 824 962 818 962 814 962 852 973 850 973 844 973 844 958 850 958 842 958 844 974 842 974 832 974 832 975 842 975 833 975 832 953 833 953 826 953 872 976 870 976 860 976 860 961 870 961 864 961 860 977 864 977 852 977 852 309 864 309 856 309 852 959 856 959 850 959 905 978 894 978 880 978 880 309 894 309 886 309 880 979 886 979 872 979 872 309 886 309 878 309 872 956 878 956 870 956 618 980 623 980 725 980 826 981 721 981 818 981 818 982 721 982 719 982 818 983 719 983 814 983 814 984 719 984 717 984 814 985 717 985 806 985 806 986 717 986 715 986 806 987 715 987 798 987 798 988 715 988 713 988 798 989 713 989 790 989 790 990 713 990 711 990 790 991 711 991 782 991 782 992 711 992 709 992 782 993 709 993 774 993 774 994 709 994 707 994 774 995 707 995 765 995 765 996 707 996 705 996 765 997 705 997 761 997 761 998 705 998 703 998 761 999 703 999 757 999 757 1000 703 1000 701 1000 757 1001 701 1001 753 1001 753 1002 701 1002 699 1002 753 1003 699 1003 752 1003 752 1004 699 1004 698 1004 752 1005 698 1005 756 1005 756 1006 698 1006 700 1006 756 1007 700 1007 760 1007 760 1008 700 1008 702 1008 760 1009 702 1009 764 1009 764 1010 702 1010 704 1010 764 1011 704 1011 773 1011 773 1012 704 1012 706 1012 773 1013 706 1013 781 1013 781 1014 706 1014 708 1014 781 1015 708 1015 789 1015 789 1016 708 1016 710 1016 789 1017 710 1017 797 1017 797 1018 710 1018 712 1018 797 1019 712 1019 805 1019 805 1020 712 1020 714 1020 805 1021 714 1021 813 1021 813 1022 714 1022 716 1022 813 1023 716 1023 817 1023 817 1024 716 1024 718 1024 817 1025 718 1025 825 1025 825 1026 718 1026 720 1026 825 1027 720 1027 835 1027 621 1028 721 1028 723 1028 723 1029 721 1029 826 1029 723 1030 826 1030 833 1030 621 1031 619 1031 721 1031 721 1032 619 1032 617 1032 721 1033 617 1033 719 1033 719 1034 617 1034 615 1034 719 1035 615 1035 717 1035 717 1036 615 1036 613 1036 717 1037 613 1037 715 1037 715 1038 613 1038 611 1038 715 1039 611 1039 713 1039 713 1040 611 1040 609 1040 713 1041 609 1041 711 1041 711 1042 609 1042 607 1042 711 1043 607 1043 709 1043 709 1044 607 1044 605 1044 709 1045 605 1045 707 1045 707 1046 605 1046 603 1046 707 1047 603 1047 705 1047 705 1048 603 1048 601 1048 705 1049 601 1049 703 1049 703 1050 601 1050 599 1050 703 1051 599 1051 701 1051 701 1052 599 1052 597 1052 701 1053 597 1053 699 1053 699 1054 597 1054 596 1054 699 1055 596 1055 698 1055 698 1056 596 1056 598 1056 698 1057 598 1057 700 1057 700 1058 598 1058 600 1058 700 1059 600 1059 702 1059 702 1060 600 1060 602 1060 702 1061 602 1061 704 1061 704 1062 602 1062 604 1062 704 1063 604 1063 706 1063 706 1064 604 1064 606 1064 706 1065 606 1065 708 1065 708 1066 606 1066 608 1066 708 1067 608 1067 710 1067 710 1068 608 1068 610 1068 710 1069 610 1069 712 1069 712 1070 610 1070 612 1070 712 1071 612 1071 714 1071 714 1072 612 1072 614 1072 714 1073 614 1073 716 1073 716 1074 614 1074 616 1074 716 1075 616 1075 718 1075 718 1076 616 1076 618 1076 718 1077 618 1077 720 1077 720 1078 618 1078 725 1078 720 1079 725 1079 835 1079 120 1080 623 1080 94 1080 94 1081 623 1081 618 1081 94 1082 618 1082 92 1082 92 1083 618 1083 616 1083 92 1084 616 1084 86 1084 86 1085 616 1085 614 1085 86 1086 614 1086 68 1086 68 1087 614 1087 612 1087 68 1088 612 1088 50 1088 50 1089 612 1089 610 1089 50 1090 610 1090 30 1090 30 1091 610 1091 608 1091 30 1092 608 1092 20 1092 20 1093 608 1093 606 1093 20 1094 606 1094 13 1094 13 1095 606 1095 604 1095 13 1096 604 1096 9 1096 9 1097 604 1097 602 1097 9 1098 602 1098 4 1098 4 1099 602 1099 600 1099 4 1100 600 1100 2 1100 2 1101 600 1101 598 1101 2 1102 598 1102 0 1102 0 1103 598 1103 596 1103 0 1104 596 1104 1 1104 1 1105 596 1105 597 1105 1 1106 597 1106 3 1106 3 1107 597 1107 599 1107 3 1108 599 1108 5 1108 5 1109 599 1109 601 1109 5 1110 601 1110 10 1110 10 1111 601 1111 603 1111 10 1112 603 1112 14 1112 14 1113 603 1113 605 1113 14 1114 605 1114 21 1114 21 1115 605 1115 607 1115 21 1116 607 1116 31 1116 31 1117 607 1117 609 1117 31 1118 609 1118 51 1118 51 1119 609 1119 611 1119 51 1120 611 1120 69 1120 69 1121 611 1121 613 1121 69 1122 613 1122 87 1122 87 1123 613 1123 615 1123 87 1124 615 1124 93 1124 93 1125 615 1125 617 1125 93 1126 617 1126 95 1126 95 1127 617 1127 619 1127 95 1128 619 1128 117 1128 117 1129 619 1129 621 1129 625 1130 620 1130 722 1130 841 1131 726 1131 849 1131 849 1132 726 1132 728 1132 849 1133 728 1133 855 1133 855 1134 728 1134 730 1134 855 1135 730 1135 863 1135 863 1136 730 1136 732 1136 863 1137 732 1137 869 1137 869 1138 732 1138 734 1138 869 1139 734 1139 877 1139 877 1140 734 1140 736 1140 877 1141 736 1141 885 1141 885 1142 736 1142 738 1142 885 1143 738 1143 893 1143 893 1144 738 1144 740 1144 893 1145 740 1145 904 1145 904 1146 740 1146 742 1146 904 1147 742 1147 908 1147 908 1148 742 1148 744 1148 908 1149 744 1149 912 1149 912 1150 744 1150 746 1150 912 1151 746 1151 916 1151 916 1152 746 1152 748 1152 916 1153 748 1153 917 1153 917 1154 748 1154 749 1154 917 1155 749 1155 913 1155 913 1156 749 1156 747 1156 913 1157 747 1157 909 1157 909 1158 747 1158 745 1158 909 1159 745 1159 905 1159 905 1160 745 1160 743 1160 905 1161 743 1161 894 1161 894 1162 743 1162 741 1162 894 1163 741 1163 886 1163 886 1164 741 1164 739 1164 886 1165 739 1165 878 1165 878 1166 739 1166 737 1166 878 1167 737 1167 870 1167 870 1168 737 1168 735 1168 870 1169 735 1169 864 1169 864 1170 735 1170 733 1170 864 1171 733 1171 856 1171 856 1172 733 1172 731 1172 856 1173 731 1173 850 1173 850 1174 731 1174 729 1174 850 1175 729 1175 842 1175 842 1176 729 1176 727 1176 842 1177 727 1177 833 1177 622 1178 726 1178 724 1178 724 1179 726 1179 841 1179 724 1180 841 1180 835 1180 622 1181 624 1181 726 1181 726 1182 624 1182 626 1182 726 1183 626 1183 728 1183 728 1184 626 1184 628 1184 728 1185 628 1185 730 1185 730 1186 628 1186 630 1186 730 1187 630 1187 732 1187 732 1188 630 1188 632 1188 732 1189 632 1189 734 1189 734 1190 632 1190 634 1190 734 1191 634 1191 736 1191 736 1192 634 1192 636 1192 736 1193 636 1193 738 1193 738 1194 636 1194 638 1194 738 1195 638 1195 740 1195 740 1196 638 1196 640 1196 740 1197 640 1197 742 1197 742 1198 640 1198 642 1198 742 1199 642 1199 744 1199 744 1200 642 1200 644 1200 744 1201 644 1201 746 1201 746 1202 644 1202 646 1202 746 1203 646 1203 748 1203 748 1204 646 1204 647 1204 748 1205 647 1205 749 1205 749 1206 647 1206 645 1206 749 1207 645 1207 747 1207 747 1208 645 1208 643 1208 747 1209 643 1209 745 1209 745 1210 643 1210 641 1210 745 1211 641 1211 743 1211 743 1212 641 1212 639 1212 743 1213 639 1213 741 1213 741 1214 639 1214 637 1214 741 1215 637 1215 739 1215 739 1216 637 1216 635 1216 739 1217 635 1217 737 1217 737 1218 635 1218 633 1218 737 1219 633 1219 735 1219 735 1220 633 1220 631 1220 735 1221 631 1221 733 1221 733 1222 631 1222 629 1222 733 1223 629 1223 731 1223 731 1224 629 1224 627 1224 731 1225 627 1225 729 1225 729 1226 627 1226 625 1226 729 1227 625 1227 727 1227 727 1228 625 1228 722 1228 727 1229 722 1229 833 1229 117 1230 620 1230 143 1230 143 1231 620 1231 625 1231 143 1232 625 1232 147 1232 147 1233 625 1233 627 1233 147 1234 627 1234 153 1234 153 1235 627 1235 629 1235 153 1236 629 1236 169 1236 169 1237 629 1237 631 1237 169 1238 631 1238 187 1238 187 1239 631 1239 633 1239 187 1240 633 1240 211 1240 211 1241 633 1241 635 1241 211 1242 635 1242 223 1242 223 1243 635 1243 637 1243 223 1244 637 1244 229 1244 229 1245 637 1245 639 1245 229 1246 639 1246 233 1246 233 1247 639 1247 641 1247 233 1248 641 1248 238 1248 238 1249 641 1249 643 1249 238 1250 643 1250 240 1250 240 1251 643 1251 645 1251 240 1252 645 1252 242 1252 242 1253 645 1253 647 1253 242 1254 647 1254 241 1254 241 1255 647 1255 646 1255 241 1256 646 1256 239 1256 239 1257 646 1257 644 1257 239 1258 644 1258 237 1258 237 1259 644 1259 642 1259 237 1260 642 1260 232 1260 232 1261 642 1261 640 1261 232 1262 640 1262 228 1262 228 1263 640 1263 638 1263 228 1264 638 1264 222 1264 222 1265 638 1265 636 1265 222 1266 636 1266 210 1266 210 1267 636 1267 634 1267 210 1268 634 1268 186 1268 186 1269 634 1269 632 1269 186 1270 632 1270 168 1270 168 1271 632 1271 630 1271 168 1272 630 1272 152 1272 152 1273 630 1273 628 1273 152 1274 628 1274 146 1274 146 1275 628 1275 626 1275 146 1276 626 1276 142 1276 142 1277 626 1277 624 1277 142 1278 624 1278 120 1278 120 1279 624 1279 622 1279 1230 1280 1114 1280 1228 1280 1228 1281 1114 1281 1112 1281 1228 1282 1112 1282 1226 1282 1226 1283 1112 1283 1110 1283 1226 1284 1110 1284 1224 1284 1224 1285 1110 1285 1108 1285 1224 1286 1108 1286 1222 1286 1222 1287 1108 1287 1104 1287 1222 1288 1104 1288 1220 1288 1220 1289 1104 1289 1095 1289 1220 1290 1095 1290 1218 1290 1218 1291 1095 1291 1089 1291 1218 1292 1089 1292 1216 1292 1216 1293 1089 1293 1080 1293 1216 1294 1080 1294 1214 1294 1214 1295 1080 1295 1073 1295 1214 1296 1073 1296 1212 1296 1212 1297 1073 1297 1065 1297 1414 1298 1230 1298 1412 1298 1412 1299 1230 1299 1228 1299 1412 1300 1228 1300 1410 1300 1410 1301 1228 1301 1226 1301 1410 1302 1226 1302 1408 1302 1408 1303 1226 1303 1224 1303 1408 1304 1224 1304 1402 1304 1402 1305 1224 1305 1222 1305 1402 1306 1222 1306 1394 1306 1394 1307 1222 1307 1220 1307 1394 1308 1220 1308 1385 1308 1385 1309 1220 1309 1218 1309 1385 1310 1218 1310 1380 1310 1380 1311 1218 1311 1216 1311 1380 1312 1216 1312 1374 1312 1374 1313 1216 1313 1214 1313 1374 1314 1214 1314 1364 1314 1364 1315 1214 1315 1212 1315 1656 1316 1601 1316 1654 1316 1654 1317 1601 1317 1599 1317 1654 1318 1599 1318 1652 1318 1652 1319 1599 1319 1597 1319 1652 1320 1597 1320 1650 1320 1650 1321 1597 1321 1595 1321 1650 1322 1595 1322 1648 1322 1648 1323 1595 1323 1587 1323 1648 1324 1587 1324 1646 1324 1646 1325 1587 1325 1578 1325 1646 1326 1578 1326 1644 1326 1644 1327 1578 1327 1571 1327 1644 1328 1571 1328 1642 1328 1642 1329 1571 1329 1563 1329 1642 1330 1563 1330 1640 1330 1640 1331 1563 1331 1553 1331 1827 1332 1656 1332 1825 1332 1825 1333 1656 1333 1654 1333 1825 1334 1654 1334 1823 1334 1823 1335 1654 1335 1652 1335 1823 1336 1652 1336 1819 1336 1819 1337 1652 1337 1650 1337 1819 1338 1650 1338 1812 1338 1812 1339 1650 1339 1648 1339 1812 1340 1648 1340 1804 1340 1804 1341 1648 1341 1646 1341 1804 1342 1646 1342 1796 1342 1796 1343 1646 1343 1644 1343 1796 1344 1644 1344 1789 1344 1789 1345 1644 1345 1642 1345 1789 1346 1642 1346 1779 1346 1779 1347 1642 1347 1640 1347 2191 1348 2056 1348 2189 1348 2189 1349 2056 1349 2054 1349 2189 1350 2054 1350 2187 1350 2187 1351 2054 1351 2052 1351 2187 1352 2052 1352 2185 1352 2185 1353 2052 1353 2048 1353 2185 1354 2048 1354 2183 1354 2183 1355 2048 1355 2038 1355 2183 1356 2038 1356 2181 1356 2181 1357 2038 1357 2032 1357 2181 1358 2032 1358 2179 1358 2179 1359 2032 1359 2025 1359 2179 1360 2025 1360 2177 1360 2177 1361 2025 1361 2017 1361 2177 1362 2017 1362 2175 1362 2175 1363 2017 1363 2008 1363 2368 1364 2191 1364 2366 1364 2366 1365 2191 1365 2189 1365 2366 1366 2189 1366 2364 1366 2364 1367 2189 1367 2187 1367 2364 1368 2187 1368 2357 1368 2357 1369 2187 1369 2185 1369 2357 1370 2185 1370 2351 1370 2351 1371 2185 1371 2183 1371 2351 1372 2183 1372 2342 1372 2342 1373 2183 1373 2181 1373 2342 1374 2181 1374 2336 1374 2336 1375 2181 1375 2179 1375 2336 1376 2179 1376 2328 1376 2328 1377 2179 1377 2177 1377 2328 1378 2177 1378 2321 1378 2321 1379 2177 1379 2175 1379 1210 1380 1063 1380 1208 1380 1208 1381 1063 1381 1051 1381 1208 1382 1051 1382 1206 1382 1206 1383 1051 1383 1045 1383 1206 1384 1045 1384 1204 1384 1204 1385 1045 1385 1039 1385 1204 1386 1039 1386 1202 1386 1202 1387 1039 1387 1028 1387 1202 1388 1028 1388 1199 1388 1199 1389 1028 1389 1022 1389 1199 1390 1022 1390 1197 1390 1197 1391 1022 1391 1013 1391 1197 1392 1013 1392 1195 1392 1195 1393 1013 1393 1005 1393 1195 1394 1005 1394 1193 1394 1193 1395 1005 1395 1001 1395 1193 1396 1001 1396 1190 1396 1190 1397 1001 1397 988 1397 1362 1398 1210 1398 1350 1398 1350 1399 1210 1399 1208 1399 1350 1400 1208 1400 1346 1400 1346 1401 1208 1401 1206 1401 1346 1402 1206 1402 1338 1402 1338 1403 1206 1403 1204 1403 1338 1404 1204 1404 1327 1404 1327 1405 1204 1405 1202 1405 1327 1406 1202 1406 1320 1406 1320 1407 1202 1407 1199 1407 1320 1408 1199 1408 1309 1408 1309 1409 1199 1409 1197 1409 1309 1410 1197 1410 1301 1410 1301 1411 1197 1411 1195 1411 1301 1412 1195 1412 1297 1412 1297 1413 1195 1413 1193 1413 1297 1414 1193 1414 1284 1414 1284 1415 1193 1415 1190 1415 1638 1416 1551 1416 1636 1416 1636 1417 1551 1417 1539 1417 1636 1418 1539 1418 1634 1418 1634 1419 1539 1419 1532 1419 1634 1420 1532 1420 1632 1420 1632 1421 1532 1421 1528 1421 1632 1422 1528 1422 1629 1422 1629 1423 1528 1423 1516 1423 1629 1424 1516 1424 1627 1424 1627 1425 1516 1425 1505 1425 1627 1426 1505 1426 1625 1426 1625 1427 1505 1427 1501 1427 1625 1428 1501 1428 1623 1428 1623 1429 1501 1429 1494 1429 1623 1430 1494 1430 1621 1430 1621 1431 1494 1431 1482 1431 1776 1432 1638 1432 1765 1432 1765 1433 1638 1433 1636 1433 1765 1434 1636 1434 1758 1434 1758 1435 1636 1435 1634 1435 1758 1436 1634 1436 1753 1436 1753 1437 1634 1437 1632 1437 1753 1438 1632 1438 1741 1438 1741 1439 1632 1439 1629 1439 1741 1440 1629 1440 1732 1440 1732 1441 1629 1441 1627 1441 1732 1442 1627 1442 1727 1442 1727 1443 1627 1443 1625 1443 1727 1444 1625 1444 1720 1444 1720 1445 1625 1445 1623 1445 1720 1446 1623 1446 1709 1446 1709 1447 1623 1447 1621 1447 2173 1448 2005 1448 2171 1448 2171 1449 2005 1449 1994 1449 2171 1450 1994 1450 2169 1450 2169 1451 1994 1451 1987 1451 2169 1452 1987 1452 2167 1452 2167 1453 1987 1453 1981 1453 2167 1454 1981 1454 2164 1454 2164 1455 1981 1455 1969 1455 2164 1456 1969 1456 2162 1456 2162 1457 1969 1457 1958 1457 2162 1458 1958 1458 2160 1458 2160 1459 1958 1459 1952 1459 2160 1460 1952 1460 2158 1460 2158 1461 1952 1461 1945 1461 2158 1462 1945 1462 2156 1462 2156 1463 1945 1463 1934 1463 2316 1464 2173 1464 2307 1464 2307 1465 2173 1465 2171 1465 2307 1466 2171 1466 2299 1466 2299 1467 2171 1467 2169 1467 2299 1468 2169 1468 2293 1468 2293 1469 2169 1469 2167 1469 2293 1470 2167 1470 2285 1470 2285 1471 2167 1471 2164 1471 2285 1472 2164 1472 2278 1472 2278 1473 2164 1473 2162 1473 2278 1474 2162 1474 2272 1474 2272 1475 2162 1475 2160 1475 2272 1476 2160 1476 2266 1476 2266 1477 2160 1477 2158 1477 2266 1478 2158 1478 2255 1478 2255 1479 2158 1479 2156 1479 1188 1480 986 1480 1186 1480 1186 1481 986 1481 976 1481 1186 1482 976 1482 1184 1482 1184 1483 976 1483 969 1483 1184 1484 969 1484 1182 1484 1182 1485 969 1485 962 1485 1182 1486 962 1486 1180 1486 1180 1487 962 1487 956 1487 1180 1488 956 1488 1178 1488 1178 1489 956 1489 946 1489 1178 1490 946 1490 1176 1490 1176 1491 946 1491 942 1491 1176 1492 942 1492 1174 1492 1174 1493 942 1493 940 1493 1174 1494 940 1494 1172 1494 1172 1495 940 1495 938 1495 1172 1496 938 1496 1170 1496 1170 1497 938 1497 936 1497 1282 1498 1188 1498 1272 1498 1272 1499 1188 1499 1186 1499 1272 1500 1186 1500 1266 1500 1266 1501 1186 1501 1184 1501 1266 1502 1184 1502 1261 1502 1261 1503 1184 1503 1182 1503 1261 1504 1182 1504 1252 1504 1252 1505 1182 1505 1180 1505 1252 1506 1180 1506 1244 1506 1244 1507 1180 1507 1178 1507 1244 1508 1178 1508 1238 1508 1238 1509 1178 1509 1176 1509 1238 1510 1176 1510 1236 1510 1236 1511 1176 1511 1174 1511 1236 1512 1174 1512 1234 1512 1234 1513 1174 1513 1172 1513 1234 1514 1172 1514 1232 1514 1232 1515 1172 1515 1170 1515 1619 1516 1480 1516 1617 1516 1617 1517 1480 1517 1470 1517 1617 1518 1470 1518 1615 1518 1615 1519 1470 1519 1462 1519 1615 1520 1462 1520 1613 1520 1613 1521 1462 1521 1455 1521 1613 1522 1455 1522 1611 1522 1611 1523 1455 1523 1446 1523 1611 1524 1446 1524 1609 1524 1609 1525 1446 1525 1438 1525 1609 1526 1438 1526 1607 1526 1607 1527 1438 1527 1436 1527 1607 1528 1436 1528 1605 1528 1605 1529 1436 1529 1434 1529 1605 1530 1434 1530 1603 1530 1603 1531 1434 1531 1432 1531 1706 1532 1619 1532 1696 1532 1696 1533 1619 1533 1617 1533 1696 1534 1617 1534 1689 1534 1689 1535 1617 1535 1615 1535 1689 1536 1615 1536 1681 1536 1681 1537 1615 1537 1613 1537 1681 1538 1613 1538 1673 1538 1673 1539 1613 1539 1611 1539 1673 1540 1611 1540 1666 1540 1666 1541 1611 1541 1609 1541 1666 1542 1609 1542 1662 1542 1662 1543 1609 1543 1607 1543 1662 1544 1607 1544 1660 1544 1660 1545 1607 1545 1605 1545 1660 1546 1605 1546 1658 1546 1658 1547 1605 1547 1603 1547 2154 1548 1931 1548 2152 1548 2152 1549 1931 1549 1922 1549 2152 1550 1922 1550 2150 1550 2150 1551 1922 1551 1914 1551 2150 1552 1914 1552 2148 1552 2148 1553 1914 1553 1907 1553 2148 1554 1907 1554 2146 1554 2146 1555 1907 1555 1901 1555 2146 1556 1901 1556 2144 1556 2144 1557 1901 1557 1891 1557 2144 1558 1891 1558 2142 1558 2142 1559 1891 1559 1887 1559 2142 1560 1887 1560 2140 1560 2140 1561 1887 1561 1885 1561 2140 1562 1885 1562 2138 1562 2138 1563 1885 1563 1883 1563 2252 1564 2154 1564 2243 1564 2243 1565 2154 1565 2152 1565 2243 1566 2152 1566 2235 1566 2235 1567 2152 1567 2150 1567 2235 1568 2150 1568 2231 1568 2231 1569 2150 1569 2148 1569 2231 1570 2148 1570 2222 1570 2222 1571 2148 1571 2146 1571 2222 1572 2146 1572 2214 1572 2214 1573 2146 1573 2144 1573 2214 1574 2144 1574 2208 1574 2208 1575 2144 1575 2142 1575 2208 1576 2142 1576 2206 1576 2206 1577 2142 1577 2140 1577 2206 1578 2140 1578 2204 1578 2204 1579 2140 1579 2138 1579 2176 1580 2009 1580 2178 1580 2178 1581 2009 1581 2018 1581 2178 1582 2018 1582 2180 1582 2180 1583 2018 1583 2026 1583 2180 1584 2026 1584 2182 1584 2182 1585 2026 1585 2033 1585 2182 1586 2033 1586 2184 1586 2184 1587 2033 1587 2039 1587 2184 1588 2039 1588 2186 1588 2186 1589 2039 1589 2049 1589 2186 1590 2049 1590 2188 1590 2188 1591 2049 1591 2053 1591 2188 1592 2053 1592 2190 1592 2190 1593 2053 1593 2055 1593 2190 1594 2055 1594 2192 1594 2192 1595 2055 1595 2057 1595 2322 1596 2176 1596 2329 1596 2329 1597 2176 1597 2178 1597 2329 1598 2178 1598 2337 1598 2337 1599 2178 1599 2180 1599 2337 1600 2180 1600 2343 1600 2343 1601 2180 1601 2182 1601 2343 1602 2182 1602 2352 1602 2352 1603 2182 1603 2184 1603 2352 1604 2184 1604 2358 1604 2358 1605 2184 1605 2186 1605 2358 1606 2186 1606 2365 1606 2365 1607 2186 1607 2188 1607 2365 1608 2188 1608 2367 1608 2367 1609 2188 1609 2190 1609 2367 1610 2190 1610 2369 1610 2369 1611 2190 1611 2192 1611 1641 1612 1554 1612 1643 1612 1643 1613 1554 1613 1564 1613 1643 1614 1564 1614 1645 1614 1645 1615 1564 1615 1572 1615 1645 1616 1572 1616 1647 1616 1647 1617 1572 1617 1579 1617 1647 1618 1579 1618 1649 1618 1649 1619 1579 1619 1588 1619 1649 1620 1588 1620 1651 1620 1651 1621 1588 1621 1596 1621 1651 1622 1596 1622 1653 1622 1653 1623 1596 1623 1598 1623 1653 1624 1598 1624 1655 1624 1655 1625 1598 1625 1600 1625 1655 1626 1600 1626 1657 1626 1657 1627 1600 1627 1602 1627 1780 1628 1641 1628 1790 1628 1790 1629 1641 1629 1643 1629 1790 1630 1643 1630 1797 1630 1797 1631 1643 1631 1645 1631 1797 1632 1645 1632 1805 1632 1805 1633 1645 1633 1647 1633 1805 1634 1647 1634 1813 1634 1813 1635 1647 1635 1649 1635 1813 1636 1649 1636 1820 1636 1820 1637 1649 1637 1651 1637 1820 1638 1651 1638 1824 1638 1824 1639 1651 1639 1653 1639 1824 1640 1653 1640 1826 1640 1826 1641 1653 1641 1655 1641 1826 1642 1655 1642 1828 1642 1828 1643 1655 1643 1657 1643 1213 1644 1066 1644 1215 1644 1215 1645 1066 1645 1074 1645 1215 1646 1074 1646 1217 1646 1217 1647 1074 1647 1081 1647 1217 1648 1081 1648 1219 1648 1219 1649 1081 1649 1090 1649 1219 1650 1090 1650 1221 1650 1221 1651 1090 1651 1096 1651 1221 1652 1096 1652 1223 1652 1223 1653 1096 1653 1105 1653 1223 1654 1105 1654 1225 1654 1225 1655 1105 1655 1109 1655 1225 1656 1109 1656 1227 1656 1227 1657 1109 1657 1111 1657 1227 1658 1111 1658 1229 1658 1229 1659 1111 1659 1113 1659 1229 1660 1113 1660 1231 1660 1231 1661 1113 1661 1115 1661 1365 1662 1213 1662 1375 1662 1375 1663 1213 1663 1215 1663 1375 1664 1215 1664 1381 1664 1381 1665 1215 1665 1217 1665 1381 1666 1217 1666 1386 1666 1386 1667 1217 1667 1219 1667 1386 1668 1219 1668 1395 1668 1395 1669 1219 1669 1221 1669 1395 1670 1221 1670 1403 1670 1403 1671 1221 1671 1223 1671 1403 1672 1223 1672 1409 1672 1409 1673 1223 1673 1225 1673 1409 1674 1225 1674 1411 1674 1411 1675 1225 1675 1227 1675 1411 1676 1227 1676 1413 1676 1413 1677 1227 1677 1229 1677 1413 1678 1229 1678 1415 1678 1415 1679 1229 1679 1231 1679 2165 1680 1970 1680 2168 1680 2168 1681 1970 1681 1982 1681 2168 1682 1982 1682 2170 1682 2170 1683 1982 1683 1988 1683 2170 1684 1988 1684 2172 1684 2172 1685 1988 1685 1995 1685 2172 1686 1995 1686 2174 1686 2174 1687 1995 1687 2006 1687 2286 1688 2165 1688 2294 1688 2294 1689 2165 1689 2168 1689 2294 1690 2168 1690 2300 1690 2300 1691 2168 1691 2170 1691 2300 1692 2170 1692 2308 1692 2308 1693 2170 1693 2172 1693 2308 1694 2172 1694 2317 1694 2317 1695 2172 1695 2174 1695 2157 1696 1935 1696 2159 1696 2159 1697 1935 1697 1946 1697 2159 1698 1946 1698 2161 1698 2161 1699 1946 1699 1953 1699 2161 1700 1953 1700 2163 1700 2163 1701 1953 1701 1959 1701 2163 1702 1959 1702 2166 1702 2166 1703 1959 1703 1970 1703 2256 1704 2157 1704 2267 1704 2267 1705 2157 1705 2159 1705 2267 1706 2159 1706 2273 1706 2273 1707 2159 1707 2161 1707 2273 1708 2161 1708 2279 1708 2279 1709 2161 1709 2163 1709 2279 1710 2163 1710 2286 1710 2286 1711 2163 1711 2166 1711 1631 1712 1517 1712 1633 1712 1633 1713 1517 1713 1529 1713 1633 1714 1529 1714 1635 1714 1635 1715 1529 1715 1533 1715 1635 1716 1533 1716 1637 1716 1637 1717 1533 1717 1540 1717 1637 1718 1540 1718 1639 1718 1639 1719 1540 1719 1552 1719 1743 1720 1631 1720 1754 1720 1754 1721 1631 1721 1633 1721 1754 1722 1633 1722 1759 1722 1759 1723 1633 1723 1635 1723 1759 1724 1635 1724 1766 1724 1766 1725 1635 1725 1637 1725 1766 1726 1637 1726 1777 1726 1777 1727 1637 1727 1639 1727 1622 1728 1483 1728 1624 1728 1624 1729 1483 1729 1495 1729 1624 1730 1495 1730 1626 1730 1626 1731 1495 1731 1502 1731 1626 1732 1502 1732 1628 1732 1628 1733 1502 1733 1506 1733 1628 1734 1506 1734 1630 1734 1630 1735 1506 1735 1517 1735 1710 1736 1622 1736 1721 1736 1721 1737 1622 1737 1624 1737 1721 1738 1624 1738 1728 1738 1728 1739 1624 1739 1626 1739 1728 1740 1626 1740 1733 1740 1733 1741 1626 1741 1628 1741 1733 1742 1628 1742 1743 1742 1743 1743 1628 1743 1630 1743 1200 1744 1025 1744 1203 1744 1203 1745 1025 1745 1031 1745 1203 1746 1031 1746 1205 1746 1205 1747 1031 1747 1042 1747 1205 1748 1042 1748 1207 1748 1207 1749 1042 1749 1046 1749 1207 1750 1046 1750 1209 1750 1209 1751 1046 1751 1052 1751 1209 1752 1052 1752 1211 1752 1211 1753 1052 1753 1064 1753 1322 1754 1200 1754 1332 1754 1332 1755 1200 1755 1203 1755 1332 1756 1203 1756 1341 1756 1341 1757 1203 1757 1205 1757 1341 1758 1205 1758 1347 1758 1347 1759 1205 1759 1207 1759 1347 1760 1207 1760 1351 1760 1351 1761 1207 1761 1209 1761 1351 1762 1209 1762 1363 1762 1363 1763 1209 1763 1211 1763 1191 1764 989 1764 1192 1764 1192 1765 989 1765 998 1765 1192 1766 998 1766 1194 1766 1194 1767 998 1767 1004 1767 1194 1768 1004 1768 1196 1768 1196 1769 1004 1769 1010 1769 1196 1770 1010 1770 1198 1770 1198 1771 1010 1771 1019 1771 1198 1772 1019 1772 1201 1772 1201 1773 1019 1773 1025 1773 1285 1774 1191 1774 1296 1774 1296 1775 1191 1775 1192 1775 1296 1776 1192 1776 1300 1776 1300 1777 1192 1777 1194 1777 1300 1778 1194 1778 1306 1778 1306 1779 1194 1779 1196 1779 1306 1780 1196 1780 1315 1780 1315 1781 1196 1781 1198 1781 1315 1782 1198 1782 1322 1782 1322 1783 1198 1783 1201 1783 2139 1784 1884 1784 2141 1784 2141 1785 1884 1785 1886 1785 2141 1786 1886 1786 2143 1786 2143 1787 1886 1787 1888 1787 2143 1788 1888 1788 2145 1788 2145 1789 1888 1789 1892 1789 2145 1790 1892 1790 2147 1790 2147 1791 1892 1791 1902 1791 2147 1792 1902 1792 2149 1792 2149 1793 1902 1793 1908 1793 2149 1794 1908 1794 2151 1794 2151 1795 1908 1795 1915 1795 2151 1796 1915 1796 2153 1796 2153 1797 1915 1797 1923 1797 2153 1798 1923 1798 2155 1798 2155 1799 1923 1799 1932 1799 2205 1800 2139 1800 2207 1800 2207 1801 2139 1801 2141 1801 2207 1802 2141 1802 2209 1802 2209 1803 2141 1803 2143 1803 2209 1804 2143 1804 2215 1804 2215 1805 2143 1805 2145 1805 2215 1806 2145 1806 2223 1806 2223 1807 2145 1807 2147 1807 2223 1808 2147 1808 2232 1808 2232 1809 2147 1809 2149 1809 2232 1810 2149 1810 2236 1810 2236 1811 2149 1811 2151 1811 2236 1812 2151 1812 2244 1812 2244 1813 2151 1813 2153 1813 2244 1814 2153 1814 2253 1814 2253 1815 2153 1815 2155 1815 1604 1816 1433 1816 1606 1816 1606 1817 1433 1817 1435 1817 1606 1818 1435 1818 1608 1818 1608 1819 1435 1819 1437 1819 1608 1820 1437 1820 1610 1820 1610 1821 1437 1821 1439 1821 1610 1822 1439 1822 1612 1822 1612 1823 1439 1823 1447 1823 1612 1824 1447 1824 1614 1824 1614 1825 1447 1825 1456 1825 1614 1826 1456 1826 1616 1826 1616 1827 1456 1827 1463 1827 1616 1828 1463 1828 1618 1828 1618 1829 1463 1829 1471 1829 1618 1830 1471 1830 1620 1830 1620 1831 1471 1831 1481 1831 1659 1832 1604 1832 1661 1832 1661 1833 1604 1833 1606 1833 1661 1834 1606 1834 1663 1834 1663 1835 1606 1835 1608 1835 1663 1836 1608 1836 1667 1836 1667 1837 1608 1837 1610 1837 1667 1838 1610 1838 1674 1838 1674 1839 1610 1839 1612 1839 1674 1840 1612 1840 1682 1840 1682 1841 1612 1841 1614 1841 1682 1842 1614 1842 1690 1842 1690 1843 1614 1843 1616 1843 1690 1844 1616 1844 1697 1844 1697 1845 1616 1845 1618 1845 1697 1846 1618 1846 1707 1846 1707 1847 1618 1847 1620 1847 1171 1848 937 1848 1173 1848 1173 1849 937 1849 939 1849 1173 1850 939 1850 1175 1850 1175 1851 939 1851 941 1851 1175 1852 941 1852 1177 1852 1177 1853 941 1853 943 1853 1177 1854 943 1854 1179 1854 1179 1855 943 1855 947 1855 1179 1856 947 1856 1181 1856 1181 1857 947 1857 957 1857 1181 1858 957 1858 1183 1858 1183 1859 957 1859 963 1859 1183 1860 963 1860 1185 1860 1185 1861 963 1861 970 1861 1185 1862 970 1862 1187 1862 1187 1863 970 1863 977 1863 1187 1864 977 1864 1189 1864 1189 1865 977 1865 987 1865 1233 1866 1171 1866 1235 1866 1235 1867 1171 1867 1173 1867 1235 1868 1173 1868 1237 1868 1237 1869 1173 1869 1175 1869 1237 1870 1175 1870 1239 1870 1239 1871 1175 1871 1177 1871 1239 1872 1177 1872 1245 1872 1245 1873 1177 1873 1179 1873 1245 1874 1179 1874 1253 1874 1253 1875 1179 1875 1181 1875 1253 1876 1181 1876 1262 1876 1262 1877 1181 1877 1183 1877 1262 1878 1183 1878 1267 1878 1267 1879 1183 1879 1185 1879 1267 1880 1185 1880 1273 1880 1273 1881 1185 1881 1187 1881 1273 1882 1187 1882 1283 1882 1283 1883 1187 1883 1189 1883 1414 1884 1406 1884 1230 1884 1230 1885 1406 1885 1106 1885 1230 1886 1106 1886 1114 1886 1067 1887 1058 1887 1065 1887 1114 309 1106 309 1112 309 1112 309 1106 309 1102 309 1112 1888 1102 1888 1110 1888 1110 309 1102 309 1097 309 1087 1889 1104 1889 1097 1889 1097 1890 1104 1890 1108 1890 1097 309 1108 309 1110 309 1065 1891 1073 1891 1067 1891 1067 309 1073 309 1080 309 1067 1892 1080 1892 1077 1892 1077 309 1080 309 1089 309 1077 309 1089 309 1087 309 1087 309 1089 309 1095 309 1087 309 1095 309 1104 309 1359 1893 1364 1893 1058 1893 1058 1894 1364 1894 1212 1894 1058 1895 1212 1895 1065 1895 1404 1896 1406 1896 1414 1896 1376 172 1388 172 1394 172 1364 1897 1359 1897 1374 1897 1374 1898 1359 1898 1366 1898 1374 1899 1366 1899 1380 1899 1380 172 1366 172 1376 172 1380 172 1376 172 1385 172 1385 172 1376 172 1394 172 1414 172 1412 172 1404 172 1404 172 1412 172 1410 172 1404 172 1410 172 1396 172 1396 172 1410 172 1408 172 1396 172 1408 172 1388 172 1388 172 1408 172 1402 172 1388 172 1402 172 1394 172 1827 1900 1821 1900 1656 1900 1656 1901 1821 1901 1593 1901 1656 1902 1593 1902 1601 1902 1601 1903 1593 1903 1599 1903 1599 309 1593 309 1591 309 1548 309 1553 309 1555 309 1555 309 1553 309 1563 309 1555 1904 1563 1904 1565 1904 1563 309 1571 309 1565 309 1565 1905 1571 1905 1578 1905 1565 309 1578 309 1575 309 1575 309 1578 309 1587 309 1575 309 1587 309 1583 309 1583 1906 1587 1906 1595 1906 1583 309 1595 309 1591 309 1591 309 1595 309 1597 309 1591 1907 1597 1907 1599 1907 1774 1908 1779 1908 1548 1908 1548 1909 1779 1909 1640 1909 1548 1910 1640 1910 1553 1910 1817 1911 1821 1911 1827 1911 1791 1912 1796 1912 1781 1912 1781 172 1796 172 1789 172 1781 1913 1789 1913 1774 1913 1774 172 1789 172 1779 172 1827 1914 1825 1914 1817 1914 1817 172 1825 172 1823 172 1817 1915 1823 1915 1809 1915 1809 1916 1823 1916 1819 1916 1809 172 1819 172 1801 172 1801 172 1819 172 1812 172 1801 172 1812 172 1791 172 1791 172 1812 172 1804 172 1791 172 1804 172 1796 172 2368 1917 2362 1917 2191 1917 2191 1918 2362 1918 2050 1918 2191 1919 2050 1919 2056 1919 2056 309 2050 309 2054 309 2054 309 2050 309 2046 309 2003 1920 2008 1920 2010 1920 2010 1921 2008 1921 2017 1921 2010 309 2017 309 2020 309 2017 309 2025 309 2020 309 2020 309 2025 309 2032 309 2020 309 2032 309 2030 309 2030 309 2032 309 2038 309 2030 309 2038 309 2040 309 2040 309 2038 309 2048 309 2040 309 2048 309 2046 309 2046 1922 2048 1922 2052 1922 2046 1923 2052 1923 2054 1923 2314 1924 2321 1924 2003 1924 2003 1925 2321 1925 2175 1925 2003 1926 2175 1926 2008 1926 2360 1927 2362 1927 2368 1927 2333 172 2336 172 2323 172 2323 172 2336 172 2328 172 2323 172 2328 172 2314 172 2314 1928 2328 1928 2321 1928 2368 1929 2366 1929 2360 1929 2360 172 2366 172 2364 172 2360 1930 2364 1930 2353 1930 2353 172 2364 172 2357 172 2353 1931 2357 1931 2345 1931 2345 172 2357 172 2351 172 2345 1932 2351 1932 2333 1932 2333 172 2351 172 2342 172 2333 172 2342 172 2336 172 1362 1933 1356 1933 1210 1933 1210 1934 1356 1934 1055 1934 1210 1935 1055 1935 1063 1935 1029 309 1020 309 1022 309 1043 1936 1051 1936 1053 1936 1053 1937 1051 1937 1063 1937 1053 309 1063 309 1055 309 1022 309 1028 309 1029 309 1029 1938 1028 1938 1039 1938 1029 309 1039 309 1043 309 1043 309 1039 309 1045 309 1043 1939 1045 1939 1051 1939 994 309 988 309 996 309 996 1940 988 1940 1001 1940 996 1941 1001 1941 1006 1941 1006 1942 1001 1942 1005 1942 1006 309 1005 309 1020 309 1020 309 1005 309 1013 309 1020 1943 1013 1943 1022 1943 1290 1944 1284 1944 994 1944 994 1945 1284 1945 1190 1945 994 1946 1190 1946 988 1946 1317 172 1329 172 1327 172 1284 172 1290 172 1293 172 1356 172 1362 172 1353 172 1353 1947 1362 1947 1350 1947 1353 172 1350 172 1343 172 1343 1948 1350 1948 1346 1948 1343 172 1346 172 1329 172 1329 1949 1346 1949 1338 1949 1329 1950 1338 1950 1327 1950 1327 172 1320 172 1317 172 1317 1951 1320 1951 1309 1951 1317 172 1309 172 1303 172 1303 1952 1309 1952 1301 1952 1303 172 1301 172 1293 172 1293 1953 1301 1953 1297 1953 1293 1954 1297 1954 1284 1954 1776 1955 1772 1955 1638 1955 1638 1956 1772 1956 1546 1956 1638 1957 1546 1957 1551 1957 1551 309 1546 309 1542 309 1510 309 1515 309 1523 309 1523 1958 1515 1958 1528 1958 1523 309 1528 309 1534 309 1534 1959 1528 1959 1532 1959 1534 309 1532 309 1542 309 1542 1960 1532 1960 1539 1960 1542 1961 1539 1961 1551 1961 1487 309 1482 309 1491 309 1491 1962 1482 1962 1494 1962 1491 1963 1494 1963 1499 1963 1499 1964 1494 1964 1501 1964 1499 1965 1501 1965 1510 1965 1510 1966 1501 1966 1505 1966 1510 1967 1505 1967 1515 1967 1713 1968 1709 1968 1487 1968 1487 1969 1709 1969 1621 1969 1487 1970 1621 1970 1482 1970 1709 1971 1713 1971 1717 1971 1772 172 1776 172 1768 172 1768 1972 1776 1972 1765 1972 1768 1973 1765 1973 1760 1973 1760 1974 1765 1974 1758 1974 1760 172 1758 172 1749 172 1749 1975 1758 1975 1753 1975 1749 172 1753 172 1736 172 1753 1976 1742 1976 1736 1976 1736 1977 1742 1977 1732 1977 1736 172 1732 172 1725 172 1725 1978 1732 1978 1727 1978 1725 1979 1727 1979 1717 1979 1717 1980 1727 1980 1720 1980 1717 1981 1720 1981 1709 1981 2316 1982 2311 1982 2173 1982 2173 1983 2311 1983 2000 1983 2173 1984 2000 1984 2005 1984 2005 1985 2000 1985 1997 1985 1962 309 1968 309 1977 309 1977 1986 1968 1986 1981 1986 1977 309 1981 309 1989 309 1989 1987 1981 1987 1987 1987 1989 1988 1987 1988 1997 1988 1997 309 1987 309 1994 309 1997 309 1994 309 2005 309 1939 1989 1934 1989 1942 1989 1942 309 1934 309 1945 309 1942 1990 1945 1990 1950 1990 1950 309 1945 309 1952 309 1950 309 1952 309 1962 309 1962 1991 1952 1991 1958 1991 1962 1992 1958 1992 1968 1992 2260 1993 2255 1993 1939 1993 1939 1994 2255 1994 2156 1994 1939 1995 2156 1995 1934 1995 2255 1996 2260 1996 2262 1996 2311 1997 2316 1997 2309 1997 2309 1998 2316 1998 2307 1998 2309 1999 2307 1999 2301 1999 2301 172 2307 172 2299 172 2301 2000 2299 2000 2291 2000 2291 172 2299 172 2293 172 2291 172 2293 172 2280 172 2293 172 2284 172 2280 172 2280 2001 2284 2001 2278 2001 2280 2002 2278 2002 2270 2002 2270 2003 2278 2003 2272 2003 2270 2004 2272 2004 2262 2004 2262 2005 2272 2005 2266 2005 2262 2006 2266 2006 2255 2006 1282 2007 1287 2007 1188 2007 1188 2008 1287 2008 991 2008 1188 2009 991 2009 986 2009 948 2010 944 2010 936 2010 974 309 964 309 956 309 986 2011 991 2011 976 2011 976 2012 991 2012 982 2012 976 2013 982 2013 969 2013 969 2014 982 2014 974 2014 969 2015 974 2015 962 2015 962 309 974 309 956 309 936 2016 938 2016 948 2016 948 309 938 309 940 309 948 309 940 309 954 309 954 309 940 309 942 309 954 309 942 309 964 309 964 309 942 309 946 309 964 309 946 309 956 309 1240 2017 1232 2017 944 2017 944 2018 1232 2018 1170 2018 944 2019 1170 2019 936 2019 1280 2020 1287 2020 1282 2020 1232 172 1240 172 1234 172 1234 172 1240 172 1242 172 1234 2021 1242 2021 1236 2021 1236 172 1242 172 1250 172 1282 172 1272 172 1280 172 1280 172 1272 172 1266 172 1280 172 1266 172 1270 172 1270 172 1266 172 1261 172 1270 172 1261 172 1258 172 1261 2022 1252 2022 1258 2022 1258 172 1252 172 1244 172 1258 172 1244 172 1250 172 1250 2023 1244 2023 1238 2023 1250 172 1238 172 1236 172 1706 2024 1711 2024 1619 2024 1619 2025 1711 2025 1485 2025 1619 2026 1485 2026 1480 2026 1442 2027 1440 2027 1432 2027 1468 2028 1462 2028 1478 2028 1478 309 1462 309 1470 309 1478 2029 1470 2029 1485 2029 1485 309 1470 309 1480 309 1432 2030 1434 2030 1442 2030 1442 2031 1434 2031 1436 2031 1442 309 1436 309 1450 309 1450 309 1436 309 1438 309 1450 309 1438 309 1458 309 1458 309 1438 309 1446 309 1458 309 1446 309 1468 309 1468 309 1446 309 1455 309 1468 2032 1455 2032 1462 2032 1664 2033 1658 2033 1440 2033 1440 2034 1658 2034 1603 2034 1440 2035 1603 2035 1432 2035 1658 172 1664 172 1660 172 1660 2036 1664 2036 1668 2036 1711 172 1706 172 1704 172 1704 2037 1706 2037 1696 2037 1704 2038 1696 2038 1694 2038 1696 2039 1689 2039 1694 2039 1694 172 1689 172 1681 172 1694 172 1681 172 1684 172 1684 172 1681 172 1673 172 1684 172 1673 172 1676 172 1676 172 1673 172 1666 172 1676 172 1666 172 1668 172 1668 172 1666 172 1662 172 1668 172 1662 172 1660 172 2252 2040 2257 2040 2154 2040 2154 2041 2257 2041 1936 2041 2154 2042 1936 2042 1931 2042 1893 2043 1889 2043 1883 2043 1919 309 1914 309 1929 309 1929 309 1914 309 1922 309 1929 2044 1922 2044 1936 2044 1936 309 1922 309 1931 309 1883 2045 1885 2045 1893 2045 1893 2046 1885 2046 1887 2046 1893 2047 1887 2047 1899 2047 1899 2048 1887 2048 1891 2048 1899 309 1891 309 1909 309 1909 2049 1891 2049 1901 2049 1909 309 1901 309 1919 309 1919 309 1901 309 1907 309 1919 309 1907 309 1914 309 2210 2050 2204 2050 1889 2050 1889 2051 2204 2051 2138 2051 1889 2052 2138 2052 1883 2052 2204 172 2210 172 2206 172 2206 172 2210 172 2212 172 2257 172 2252 172 2248 172 2248 2053 2252 2053 2243 2053 2248 172 2243 172 2240 172 2243 2054 2235 2054 2240 2054 2240 172 2235 172 2231 172 2240 2055 2231 2055 2228 2055 2228 172 2231 172 2222 172 2228 2056 2222 2056 2220 2056 2220 172 2222 172 2214 172 2220 2057 2214 2057 2212 2057 2212 172 2214 172 2208 172 2212 172 2208 172 2206 172 2534 172 2536 172 2552 172 2552 2058 2536 2058 2538 2058 2551 2059 2555 2059 2550 2059 2550 172 2555 172 2553 172 2550 2060 2553 2060 2547 2060 2538 172 2540 172 2552 172 2552 2061 2540 2061 2542 2061 2552 2062 2542 2062 2544 2062 2562 172 2551 172 2560 172 2560 2063 2551 2063 2558 2063 2562 172 2559 172 2551 172 2551 2064 2559 2064 2557 2064 2551 172 2557 172 2555 172 2523 2065 2521 2065 2525 2065 2525 172 2521 172 2519 172 2518 2066 2520 2066 2525 2066 2525 172 2520 172 2522 172 2525 2067 2522 2067 2526 2067 2526 172 2522 172 2524 172 2526 172 2524 172 2552 172 2552 172 2524 172 2529 172 2552 2068 2529 2068 2534 2068 2544 172 2549 172 2552 172 2552 172 2549 172 2554 172 2552 172 2554 172 2551 172 2551 2069 2554 2069 2556 2069 2551 172 2556 172 2558 172 2519 172 2517 172 2525 172 2525 2070 2517 2070 2516 2070 2525 2071 2516 2071 2518 2071 2547 172 2553 172 2546 172 2546 172 2553 172 2548 172 2546 172 2548 172 2545 172 2545 2072 2548 2072 2543 2072 2545 2073 2543 2073 2541 2073 2541 2074 2539 2074 2545 2074 2545 172 2539 172 2537 172 2545 172 2537 172 2532 172 2525 2075 2527 2075 2523 2075 2523 2076 2527 2076 2530 2076 2523 2077 2530 2077 2528 2077 2528 2078 2530 2078 2531 2078 2528 2079 2531 2079 2533 2079 2533 2080 2531 2080 2532 2080 2533 172 2532 172 2535 172 2535 2081 2532 2081 2537 2081 2322 2082 2315 2082 2176 2082 2176 2083 2315 2083 2004 2083 2176 2084 2004 2084 2009 2084 2047 2085 2051 2085 2057 2085 2021 309 2026 309 2011 309 2011 309 2026 309 2018 309 2011 2086 2018 2086 2004 2086 2004 309 2018 309 2009 309 2057 2087 2055 2087 2047 2087 2047 1923 2055 1923 2053 1923 2047 2088 2053 2088 2041 2088 2041 2089 2053 2089 2049 2089 2041 309 2049 309 2031 309 2031 2090 2049 2090 2039 2090 2031 309 2039 309 2021 309 2021 309 2039 309 2033 309 2021 309 2033 309 2026 309 2363 2091 2369 2091 2051 2091 2051 2092 2369 2092 2192 2092 2051 2093 2192 2093 2057 2093 2315 172 2322 172 2324 172 2324 2094 2322 2094 2329 2094 2324 172 2329 172 2334 172 2369 172 2363 172 2367 172 2367 172 2363 172 2361 172 2329 2095 2337 2095 2334 2095 2334 172 2337 172 2343 172 2334 2096 2343 2096 2346 2096 2346 172 2343 172 2352 172 2346 2097 2352 2097 2354 2097 2354 172 2352 172 2358 172 2354 2098 2358 2098 2361 2098 2361 172 2358 172 2365 172 2361 172 2365 172 2367 172 1780 2099 1775 2099 1641 2099 1641 2100 1775 2100 1549 2100 1641 2101 1549 2101 1554 2101 1592 2102 1594 2102 1602 2102 1566 2103 1572 2103 1556 2103 1556 309 1572 309 1564 309 1556 2104 1564 2104 1549 2104 1549 309 1564 309 1554 309 1602 2105 1600 2105 1592 2105 1592 1907 1600 1907 1598 1907 1592 309 1598 309 1584 309 1584 309 1598 309 1596 309 1584 309 1596 309 1576 309 1576 309 1596 309 1588 309 1576 309 1588 309 1566 309 1566 309 1588 309 1579 309 1566 1905 1579 1905 1572 1905 1822 2106 1828 2106 1594 2106 1594 2107 1828 2107 1657 2107 1594 2108 1657 2108 1602 2108 1775 172 1780 172 1782 172 1782 2109 1780 2109 1790 2109 1782 2110 1790 2110 1792 2110 1828 172 1822 172 1826 172 1826 2111 1822 2111 1818 2111 1790 2112 1797 2112 1792 2112 1792 172 1797 172 1805 172 1792 172 1805 172 1802 172 1802 172 1805 172 1813 172 1802 172 1813 172 1810 172 1810 172 1813 172 1820 172 1810 172 1820 172 1818 172 1818 172 1820 172 1824 172 1818 172 1824 172 1826 172 1365 2113 1360 2113 1213 2113 1213 2114 1360 2114 1059 2114 1213 2115 1059 2115 1066 2115 1103 2116 1107 2116 1115 2116 1066 2117 1059 2117 1074 2117 1074 2118 1059 2118 1068 2118 1074 2119 1068 2119 1081 2119 1081 2120 1068 2120 1078 2120 1088 2121 1096 2121 1078 2121 1078 309 1096 309 1090 309 1078 309 1090 309 1081 309 1115 2122 1113 2122 1103 2122 1103 309 1113 309 1111 309 1103 309 1111 309 1098 309 1098 309 1111 309 1109 309 1098 309 1109 309 1088 309 1088 309 1109 309 1105 309 1088 309 1105 309 1096 309 1407 2123 1415 2123 1107 2123 1107 2124 1415 2124 1231 2124 1107 2125 1231 2125 1115 2125 1367 2126 1360 2126 1365 2126 1365 172 1375 172 1367 172 1367 172 1375 172 1381 172 1367 172 1381 172 1377 172 1377 172 1381 172 1386 172 1377 172 1386 172 1389 172 1415 172 1407 172 1413 172 1413 172 1407 172 1405 172 1413 2127 1405 2127 1411 2127 1411 172 1405 172 1397 172 1386 2128 1395 2128 1389 2128 1389 172 1395 172 1403 172 1389 172 1403 172 1397 172 1397 2129 1403 2129 1409 2129 1397 172 1409 172 1411 172 2256 2130 2261 2130 2157 2130 2157 2131 2261 2131 1940 2131 2157 2132 1940 2132 1935 2132 1935 2133 1940 2133 1943 2133 1963 309 1959 309 1951 309 1951 2134 1959 2134 1953 2134 1951 2135 1953 2135 1943 2135 1943 309 1953 309 1946 309 1943 309 1946 309 1935 309 2001 2136 2006 2136 1998 2136 1998 309 2006 309 1995 309 1998 2137 1995 2137 1990 2137 1990 309 1995 309 1988 309 1990 309 1988 309 1978 309 1978 2138 1988 2138 1982 2138 1978 309 1982 309 1963 309 1963 2139 1982 2139 1970 2139 1963 1992 1970 1992 1959 1992 2312 2140 2317 2140 2001 2140 2001 2141 2317 2141 2174 2141 2001 2142 2174 2142 2006 2142 2317 1997 2312 1997 2310 1997 2281 172 2286 172 2292 172 2292 2143 2286 2143 2294 2143 2292 2144 2294 2144 2302 2144 2302 2145 2294 2145 2300 2145 2302 2146 2300 2146 2310 2146 2310 2147 2300 2147 2308 2147 2310 1998 2308 1998 2317 1998 2261 1996 2256 1996 2263 1996 2263 2006 2256 2006 2267 2006 2263 2148 2267 2148 2271 2148 2271 172 2267 172 2273 172 2271 2149 2273 2149 2281 2149 2281 172 2273 172 2279 172 2281 2001 2279 2001 2286 2001 1710 2150 1714 2150 1622 2150 1622 2151 1714 2151 1488 2151 1622 2152 1488 2152 1483 2152 1483 309 1488 309 1492 309 1511 309 1506 309 1500 309 1500 2153 1506 2153 1502 2153 1500 309 1502 309 1492 309 1492 2154 1502 2154 1495 2154 1492 1962 1495 1962 1483 1962 1547 309 1552 309 1543 309 1543 1961 1552 1961 1540 1961 1543 2155 1540 2155 1535 2155 1535 2156 1540 2156 1533 2156 1535 2157 1533 2157 1524 2157 1524 2158 1533 2158 1529 2158 1524 309 1529 309 1511 309 1511 2159 1529 2159 1517 2159 1511 1967 1517 1967 1506 1967 1773 2160 1777 2160 1547 2160 1547 2161 1777 2161 1639 2161 1547 2162 1639 2162 1552 2162 1777 2163 1773 2163 1769 2163 1737 172 1743 172 1750 172 1750 2164 1743 2164 1754 2164 1750 172 1754 172 1761 172 1761 2165 1754 2165 1759 2165 1761 2166 1759 2166 1769 2166 1769 2167 1759 2167 1766 2167 1769 1972 1766 1972 1777 1972 1714 172 1710 172 1718 172 1718 1981 1710 1981 1721 1981 1718 2168 1721 2168 1726 2168 1726 2169 1721 2169 1728 2169 1726 172 1728 172 1737 172 1737 2170 1728 2170 1733 2170 1737 1977 1733 1977 1743 1977 1285 2171 1291 2171 1191 2171 1191 2172 1291 2172 995 2172 1191 2173 995 2173 989 2173 989 2174 995 2174 997 2174 989 2175 997 2175 998 2175 998 2176 997 2176 1007 2176 998 309 1007 309 1004 309 1021 309 1019 309 1007 309 1007 2177 1019 2177 1010 2177 1007 2178 1010 2178 1004 2178 1044 309 1042 309 1030 309 1030 2179 1042 2179 1031 2179 1030 309 1031 309 1021 309 1021 2180 1031 2180 1025 2180 1021 2181 1025 2181 1019 2181 1056 309 1064 309 1054 309 1054 2182 1064 2182 1052 2182 1054 2183 1052 2183 1044 2183 1044 309 1052 309 1046 309 1044 2184 1046 2184 1042 2184 1357 2185 1363 2185 1056 2185 1056 2186 1363 2186 1211 2186 1056 2187 1211 2187 1064 2187 1363 172 1357 172 1354 172 1363 172 1354 172 1351 172 1351 2188 1354 2188 1344 2188 1351 172 1344 172 1347 172 1318 2189 1304 2189 1306 2189 1306 172 1315 172 1318 172 1318 172 1315 172 1322 172 1318 172 1322 172 1330 172 1330 172 1322 172 1332 172 1330 172 1332 172 1344 172 1344 2190 1332 2190 1341 2190 1344 2191 1341 2191 1347 2191 1291 172 1285 172 1294 172 1294 172 1285 172 1296 172 1294 2192 1296 2192 1304 2192 1304 172 1296 172 1300 172 1304 2193 1300 2193 1306 2193 1884 309 1890 309 1886 309 1886 309 1890 309 1894 309 1937 2194 1932 2194 1930 2194 1930 2195 1932 2195 1923 2195 1930 309 1923 309 1920 309 1923 309 1915 309 1920 309 1920 309 1915 309 1908 309 1920 309 1908 309 1910 309 1910 309 1908 309 1902 309 1910 309 1902 309 1900 309 1900 309 1902 309 1892 309 1900 309 1892 309 1894 309 1894 2196 1892 2196 1888 2196 1894 2046 1888 2046 1886 2046 2258 2197 2253 2197 1937 2197 1937 2198 2253 2198 2155 2198 1937 2199 2155 2199 1932 2199 2213 2200 2211 2200 2205 2200 2241 172 2236 172 2249 172 2249 172 2236 172 2244 172 2249 172 2244 172 2258 172 2258 2201 2244 2201 2253 2201 2205 2202 2207 2202 2213 2202 2213 172 2207 172 2209 172 2213 2203 2209 2203 2221 2203 2221 172 2209 172 2215 172 2221 2204 2215 2204 2229 2204 2229 172 2215 172 2223 172 2229 2205 2223 2205 2241 2205 2241 172 2223 172 2232 172 2241 172 2232 172 2236 172 2205 2206 2211 2206 2139 2206 2139 2207 2211 2207 1890 2207 2139 2208 1890 2208 1884 2208 1433 2209 1441 2209 1435 2209 1435 309 1441 309 1443 309 1486 309 1481 309 1479 309 1479 309 1481 309 1471 309 1479 2210 1471 2210 1469 2210 1471 309 1463 309 1469 309 1469 2032 1463 2032 1456 2032 1469 309 1456 309 1459 309 1459 309 1456 309 1447 309 1459 309 1447 309 1451 309 1451 2211 1447 2211 1439 2211 1451 309 1439 309 1443 309 1443 309 1439 309 1437 309 1443 2031 1437 2031 1435 2031 1712 2212 1707 2212 1486 2212 1486 2213 1707 2213 1620 2213 1486 2214 1620 2214 1481 2214 1669 2215 1665 2215 1659 2215 1695 2216 1690 2216 1705 2216 1705 172 1690 172 1697 172 1705 2217 1697 2217 1712 2217 1712 172 1697 172 1707 172 1659 2218 1661 2218 1669 2218 1669 172 1661 172 1663 172 1669 2219 1663 2219 1677 2219 1677 2220 1663 2220 1667 2220 1677 172 1667 172 1685 172 1685 172 1667 172 1674 172 1685 172 1674 172 1695 172 1695 172 1674 172 1682 172 1695 172 1682 172 1690 172 1659 2221 1665 2221 1604 2221 1604 2222 1665 2222 1441 2222 1604 2223 1441 2223 1433 2223 983 2224 992 2224 987 2224 937 309 945 309 939 309 939 309 945 309 949 309 939 2225 949 2225 941 2225 941 309 949 309 955 309 965 2226 947 2226 955 2226 955 2227 947 2227 943 2227 955 309 943 309 941 309 987 2228 977 2228 983 2228 983 309 977 309 970 309 983 2229 970 2229 975 2229 975 309 970 309 963 309 975 309 963 309 965 309 965 309 963 309 957 309 965 309 957 309 947 309 1288 2230 1283 2230 992 2230 992 2231 1283 2231 1189 2231 992 2232 1189 2232 987 2232 1243 2233 1241 2233 1233 2233 1271 172 1259 172 1253 172 1283 2234 1288 2234 1273 2234 1273 2235 1288 2235 1281 2235 1273 2236 1281 2236 1267 2236 1267 172 1281 172 1271 172 1267 172 1271 172 1262 172 1262 172 1271 172 1253 172 1233 172 1235 172 1243 172 1243 172 1235 172 1237 172 1243 172 1237 172 1251 172 1251 172 1237 172 1239 172 1251 172 1239 172 1259 172 1259 172 1239 172 1245 172 1259 172 1245 172 1253 172 1233 2237 1241 2237 1171 2237 1171 2238 1241 2238 945 2238 1171 2239 945 2239 937 2239 2526 430 3359 430 2525 430 2525 430 3359 430 3358 430 2552 30 3408 30 2526 30 2526 30 3408 30 3359 30 2551 212 3407 212 2552 212 2552 212 3407 212 3408 212 3407 2240 2551 2240 3406 2240 3406 2241 2551 2241 2550 2241 3406 2242 2550 2242 3402 2242 3402 2243 2550 2243 2547 2243 3402 2244 2547 2244 3399 2244 3399 2245 2547 2245 2546 2245 3399 2246 2546 2246 3397 2246 3397 2246 2546 2246 2545 2246 2532 401 3370 401 2545 401 2545 401 3370 401 3397 401 3370 2247 2532 2247 3367 2247 3367 2248 2532 2248 2531 2248 3367 2249 2531 2249 3364 2249 3364 2250 2531 2250 2530 2250 3364 2251 2530 2251 3360 2251 3360 2252 2530 2252 2527 2252 3360 2253 2527 2253 3358 2253 3358 2254 2527 2254 2525 2254 2311 2255 2314 2255 2000 2255 2000 2256 2314 2256 2003 2256 1774 2257 2003 2257 2010 2257 1997 2258 2000 2258 1768 2258 1768 2259 2000 2259 2003 2259 1768 2260 2003 2260 1772 2260 1772 2261 2003 2261 1774 2261 1772 2262 1774 2262 1546 2262 1546 2256 1774 2256 1548 2256 1546 2263 1548 2263 1353 2263 1353 2264 1548 2264 1356 2264 901 2265 1106 2265 1406 2265 1593 2266 1821 2266 2561 2266 1106 2267 901 2267 1102 2267 1102 2268 901 2268 898 2268 1102 2269 898 2269 1097 2269 1097 2270 898 2270 889 2270 1097 2271 889 2271 1087 2271 1087 2271 889 2271 881 2271 1087 2272 881 2272 1077 2272 1077 2273 881 2273 873 2273 1077 2274 873 2274 1067 2274 1067 2275 873 2275 865 2275 1067 2276 865 2276 1058 2276 2323 2277 2548 2277 2333 2277 2333 2274 2548 2274 2553 2274 2333 2278 2553 2278 2345 2278 2345 2279 2553 2279 2555 2279 2345 2280 2555 2280 2353 2280 2353 2281 2555 2281 2557 2281 2353 2282 2557 2282 2360 2282 2360 2283 2557 2283 2559 2283 2360 2284 2559 2284 2362 2284 2362 2285 2559 2285 2561 2285 2362 2286 2561 2286 2050 2286 2050 2287 2561 2287 1821 2287 2050 2288 1821 2288 2046 2288 2046 2289 1821 2289 1817 2289 2046 2290 1817 2290 2040 2290 2040 2291 1817 2291 1809 2291 2040 2292 1809 2292 2030 2292 2030 2293 1809 2293 1801 2293 2030 2294 1801 2294 2020 2294 2020 2294 1801 2294 1791 2294 2020 2295 1791 2295 2010 2295 2010 2296 1791 2296 1781 2296 2010 2257 1781 2257 1774 2257 2257 2297 2260 2297 1936 2297 1936 2298 2260 2298 1939 2298 1713 2299 1939 2299 1942 2299 1280 2300 1478 2300 1485 2300 1287 2301 1280 2301 1487 2301 1487 2302 1280 2302 1485 2302 1487 2298 1485 2298 1713 2298 1713 2303 1485 2303 1711 2303 1713 2304 1711 2304 1939 2304 1939 2305 1711 2305 1704 2305 1939 2302 1704 2302 1936 2302 991 2303 1287 2303 1290 2303 1290 2304 1287 2304 1487 2304 1290 2299 1487 2299 1293 2299 1293 2299 1487 2299 1491 2299 1293 2306 1491 2306 1303 2306 1303 2307 1491 2307 1499 2307 1303 2308 1499 2308 1317 2308 1317 2309 1499 2309 1510 2309 1317 401 1510 401 1329 401 1329 401 1510 401 1523 401 1329 2310 1523 2310 1343 2310 1343 2311 1523 2311 1534 2311 1343 2312 1534 2312 1353 2312 1353 2312 1534 2312 1542 2312 1353 2258 1542 2258 1546 2258 1359 2256 1058 2256 1055 2256 1055 2313 1058 2313 865 2313 1055 2314 865 2314 1053 2314 1053 2315 865 2315 857 2315 1053 2316 857 2316 1043 2316 1043 2316 857 2316 847 2316 1043 2317 847 2317 1029 2317 1029 2318 847 2318 837 2318 1029 401 837 401 1020 401 1020 401 837 401 829 401 1020 2319 829 2319 1006 2319 1006 2320 829 2320 819 2320 1006 2321 819 2321 996 2321 996 2321 819 2321 809 2321 996 2322 809 2322 994 2322 1997 2312 1768 2312 1989 2312 1989 2312 1768 2312 1760 2312 1989 2323 1760 2323 1977 2323 1977 2310 1760 2310 1749 2310 1977 401 1749 401 1962 401 1962 401 1749 401 1736 401 1962 2324 1736 2324 1950 2324 1950 2308 1736 2308 1725 2308 1950 2307 1725 2307 1942 2307 1942 2306 1725 2306 1717 2306 1942 2299 1717 2299 1713 2299 2323 2325 2314 2325 2548 2325 2548 2326 2314 2326 2311 2326 2548 2327 2311 2327 2543 2327 2543 2328 2311 2328 2309 2328 2543 2329 2309 2329 2541 2329 2541 2330 2309 2330 2301 2330 2541 2331 2301 2331 2539 2331 2539 2332 2301 2332 2291 2332 2539 401 2291 401 2537 401 2537 401 2291 401 2280 401 2537 2333 2280 2333 2535 2333 2535 2308 2280 2308 2270 2308 2535 2334 2270 2334 2533 2334 2533 2335 2270 2335 2262 2335 1889 2336 768 2336 2516 2336 1478 2337 1280 2337 1468 2337 1468 2338 1280 2338 1270 2338 1468 2339 1270 2339 1458 2339 1458 2340 1270 2340 1258 2340 1458 2341 1258 2341 1450 2341 1450 2342 1258 2342 1250 2342 1450 2343 1250 2343 1442 2343 1442 2343 1250 2343 1242 2343 1442 2344 1242 2344 1440 2344 1290 2298 994 2298 991 2298 991 2345 994 2345 809 2345 991 2346 809 2346 982 2346 982 2347 809 2347 801 2347 982 2348 801 2348 974 2348 974 2349 801 2349 795 2349 974 2350 795 2350 964 2350 964 2351 795 2351 787 2351 964 2352 787 2352 954 2352 954 2353 787 2353 779 2353 954 2354 779 2354 948 2354 948 2355 779 2355 769 2355 948 2356 769 2356 944 2356 944 2357 769 2357 768 2357 944 2358 768 2358 1240 2358 1242 2359 1240 2359 1440 2359 1440 2360 1240 2360 768 2360 1440 2361 768 2361 1664 2361 1664 2362 768 2362 1889 2362 1664 2359 1889 2359 1668 2359 1668 2344 1889 2344 1893 2344 1668 2343 1893 2343 1676 2343 1676 2363 1893 2363 1899 2363 1676 2341 1899 2341 1684 2341 1684 2342 1899 2342 1909 2342 1684 2340 1909 2340 1694 2340 1694 2339 1909 2339 1919 2339 1694 2338 1919 2338 1704 2338 1704 2364 1919 2364 1929 2364 1704 2300 1929 2300 1936 2300 2262 2365 2260 2365 2533 2365 2533 2366 2260 2366 2257 2366 2533 2367 2257 2367 2528 2367 2528 2368 2257 2368 2248 2368 2528 2348 2248 2348 2523 2348 2523 2348 2248 2348 2240 2348 2523 2369 2240 2369 2521 2369 2521 2370 2240 2370 2228 2370 2521 2371 2228 2371 2519 2371 2519 2372 2228 2372 2220 2372 2519 2373 2220 2373 2517 2373 2517 2374 2220 2374 2212 2374 2517 2375 2212 2375 2516 2375 2516 2376 2212 2376 2210 2376 2516 2377 2210 2377 1889 2377 1055 2262 1356 2262 1359 2262 1359 2261 1356 2261 1548 2261 1359 2378 1548 2378 1366 2378 1366 2257 1548 2257 1555 2257 1366 2296 1555 2296 1376 2296 1376 2379 1555 2379 1565 2379 1376 2294 1565 2294 1388 2294 1388 2294 1565 2294 1575 2294 1388 2380 1575 2380 1396 2380 1396 2381 1575 2381 1583 2381 1396 2291 1583 2291 1404 2291 1404 2291 1583 2291 1591 2291 1404 2289 1591 2289 1406 2289 1406 2288 1591 2288 1593 2288 1406 2287 1593 2287 901 2287 901 2382 1593 2382 2561 2382 901 2383 2561 2383 2051 2383 2315 2384 2312 2384 2004 2384 2004 2385 2312 2385 2001 2385 1773 2386 2001 2386 1998 2386 1360 2387 1367 2387 1547 2387 1547 2388 1367 2388 1549 2388 1547 2385 1549 2385 1773 2385 1773 2389 1549 2389 1775 2389 1773 2390 1775 2390 2001 2390 2001 2391 1775 2391 1782 2391 2001 2388 1782 2388 2004 2388 2310 2392 2312 2392 2544 2392 2544 2393 2312 2393 2315 2393 2544 2394 2315 2394 2549 2394 2549 2395 2315 2395 2324 2395 2549 2396 2324 2396 2554 2396 2554 2397 2324 2397 2334 2397 2554 2398 2334 2398 2556 2398 2556 2399 2334 2399 2346 2399 2556 2400 2346 2400 2558 2400 2558 2401 2346 2401 2354 2401 2558 2402 2354 2402 2560 2402 2560 2403 2354 2403 2361 2403 2560 2404 2361 2404 2561 2404 2561 2405 2361 2405 2363 2405 2561 2406 2363 2406 2051 2406 1594 2407 901 2407 1822 2407 1822 2408 901 2408 2051 2408 1822 2409 2051 2409 1818 2409 1818 2410 2051 2410 2047 2410 1818 2411 2047 2411 1810 2411 1810 2412 2047 2412 2041 2412 1810 2413 2041 2413 1802 2413 1802 2414 2041 2414 2031 2414 1802 2415 2031 2415 1792 2415 1792 2415 2031 2415 2021 2415 1792 2416 2021 2416 1782 2416 1782 2417 2021 2417 2011 2417 1782 2418 2011 2418 2004 2418 1059 2419 858 2419 1068 2419 1068 2420 858 2420 866 2420 1068 2421 866 2421 1078 2421 1078 2397 866 2397 874 2397 1078 2422 874 2422 1088 2422 1088 2423 874 2423 882 2423 1088 2424 882 2424 1098 2424 1098 2424 882 2424 890 2424 1098 2425 890 2425 1103 2425 1103 2426 890 2426 899 2426 1103 2427 899 2427 1107 2427 1107 2428 899 2428 901 2428 1107 2429 901 2429 1407 2429 1407 2430 901 2430 1594 2430 1407 2409 1594 2409 1405 2409 1405 2410 1594 2410 1592 2410 1405 2411 1592 2411 1397 2411 1397 2411 1592 2411 1584 2411 1397 2431 1584 2431 1389 2431 1389 2432 1584 2432 1576 2432 1389 2415 1576 2415 1377 2415 1377 2415 1576 2415 1566 2415 1377 2416 1566 2416 1367 2416 1367 2433 1566 2433 1556 2433 1367 2418 1556 2418 1549 2418 2310 2434 2544 2434 2302 2434 2302 2435 2544 2435 2542 2435 2302 2436 2542 2436 2292 2436 2292 2437 2542 2437 2540 2437 2292 30 2540 30 2281 30 2281 30 2540 30 2538 30 2281 2438 2538 2438 2271 2438 2271 2439 2538 2439 2536 2439 2271 2440 2536 2440 2263 2440 2263 2441 2536 2441 2534 2441 2263 2442 2534 2442 2261 2442 1712 2443 1943 2443 1705 2443 1705 2444 1943 2444 1940 2444 1288 2445 1492 2445 1281 2445 1281 2446 1492 2446 1488 2446 995 2447 802 2447 997 2447 997 2448 802 2448 810 2448 997 2449 810 2449 1007 2449 1007 2449 810 2449 820 2449 1007 2450 820 2450 1021 2450 1021 2451 820 2451 830 2451 1021 30 830 30 1030 30 1030 30 830 30 838 30 1030 2452 838 2452 1044 2452 1044 2453 838 2453 848 2453 1044 2454 848 2454 1054 2454 1054 2454 848 2454 858 2454 1054 2455 858 2455 1056 2455 1056 2456 858 2456 1059 2456 1056 2385 1059 2385 1357 2385 1665 2457 1669 2457 1894 2457 1894 2458 1669 2458 1900 2458 1900 2459 1669 2459 1677 2459 1900 2460 1677 2460 1910 2460 1910 2461 1677 2461 1685 2461 1910 2462 1685 2462 1920 2462 1920 2463 1685 2463 1695 2463 1920 2464 1695 2464 1930 2464 1930 2465 1695 2465 1705 2465 1930 2466 1705 2466 1937 2466 1937 2467 1705 2467 1940 2467 1937 2468 1940 2468 2258 2468 768 2469 1890 2469 2516 2469 2516 2470 1890 2470 2211 2470 2516 2471 2211 2471 2518 2471 2518 2472 2211 2472 2213 2472 2518 2473 2213 2473 2520 2473 2520 2474 2213 2474 2221 2474 2520 2475 2221 2475 2522 2475 2522 2476 2221 2476 2229 2476 2522 2477 2229 2477 2524 2477 2524 2478 2229 2478 2241 2478 2524 2479 2241 2479 2529 2479 2529 2479 2241 2479 2249 2479 2529 2480 2249 2480 2534 2480 2534 2481 2249 2481 2258 2481 2534 2482 2258 2482 2261 2482 2261 2483 2258 2483 1940 2483 1894 2484 1890 2484 1665 2484 1665 2485 1890 2485 768 2485 1665 2486 768 2486 1441 2486 1441 2487 768 2487 1241 2487 1441 2484 1241 2484 1443 2484 1443 2457 1241 2457 1243 2457 1443 2459 1243 2459 1451 2459 1451 2459 1243 2459 1251 2459 1451 2461 1251 2461 1459 2461 1459 2460 1251 2460 1259 2460 1459 2462 1259 2462 1469 2462 1469 2463 1259 2463 1271 2463 1469 2488 1271 2488 1479 2488 1479 2465 1271 2465 1281 2465 1479 2466 1281 2466 1486 2466 1486 2467 1281 2467 1488 2467 1486 2468 1488 2468 1712 2468 1712 2489 1488 2489 1714 2489 1712 2490 1714 2490 1943 2490 1943 2491 1714 2491 1718 2491 1943 2492 1718 2492 1951 2492 1951 2493 1718 2493 1726 2493 1951 2494 1726 2494 1963 2494 1963 2495 1726 2495 1737 2495 1963 30 1737 30 1978 30 1978 30 1737 30 1750 30 1978 2496 1750 2496 1990 2496 1990 2497 1750 2497 1761 2497 1990 2498 1761 2498 1998 2498 1998 2498 1761 2498 1769 2498 1998 2499 1769 2499 1773 2499 1059 2389 1360 2389 1357 2389 1357 2390 1360 2390 1547 2390 1357 2386 1547 2386 1354 2386 1354 2499 1547 2499 1543 2499 1354 2498 1543 2498 1344 2498 1344 2498 1543 2498 1535 2498 1344 2497 1535 2497 1330 2497 1330 2500 1535 2500 1524 2500 1330 30 1524 30 1318 30 1318 30 1524 30 1511 30 1318 2495 1511 2495 1304 2495 1304 2501 1511 2501 1500 2501 1304 2493 1500 2493 1294 2493 1294 2492 1500 2492 1492 2492 1294 2491 1492 2491 1291 2491 1291 2502 1492 2502 1288 2502 1291 2489 1288 2489 995 2489 995 2468 1288 2468 992 2468 995 2503 992 2503 802 2503 802 2504 992 2504 983 2504 802 2479 983 2479 796 2479 796 2505 983 2505 975 2505 796 2506 975 2506 788 2506 788 2507 975 2507 965 2507 788 2508 965 2508 780 2508 780 2509 965 2509 955 2509 780 2510 955 2510 770 2510 770 2511 955 2511 949 2511 770 2512 949 2512 768 2512 768 2513 949 2513 945 2513 768 2514 945 2514 1241 2514 3394 309 3390 309 3359 309 3359 2515 3390 2515 3386 2515 3386 309 3381 309 3359 309 3359 2516 3381 2516 3377 2516 3359 2517 3377 2517 3373 2517 3414 2518 3418 2518 3407 2518 3407 309 3418 309 3423 309 3358 2519 3347 2519 3360 2519 3360 2520 3347 2520 3351 2520 3360 309 3351 309 3364 309 3423 309 3429 309 3407 309 3407 309 3429 309 3431 309 3407 2521 3431 2521 3430 2521 3430 2522 3424 2522 3407 2522 3407 2523 3424 2523 3419 2523 3407 309 3419 309 3408 309 3408 309 3419 309 3415 309 3408 309 3415 309 3359 309 3359 2524 3415 2524 3404 2524 3359 309 3404 309 3394 309 3407 2525 3406 2525 3414 2525 3414 309 3406 309 3402 309 3414 309 3402 309 3403 309 3403 2526 3402 2526 3399 2526 3403 309 3399 309 3393 309 3393 309 3399 309 3397 309 3373 309 3363 309 3359 309 3359 2527 3363 2527 3352 2527 3359 2528 3352 2528 3358 2528 3358 2529 3352 2529 3348 2529 3364 309 3351 309 3367 309 3367 2530 3351 2530 3362 2530 3367 309 3362 309 3370 309 3370 309 3362 309 3372 309 3370 2531 3372 2531 3376 2531 3348 2532 3343 2532 3358 2532 3358 2533 3343 2533 3337 2533 3358 2534 3337 2534 3335 2534 3335 309 3336 309 3358 309 3358 309 3336 309 3342 309 3358 309 3342 309 3347 309 3376 2535 3380 2535 3370 2535 3370 309 3380 309 3385 309 3370 309 3385 309 3397 309 3397 2536 3385 2536 3389 2536 3397 2537 3389 2537 3393 2537 900 2538 914 2538 898 2538 898 172 914 172 910 172 898 2539 910 2539 889 2539 768 2540 769 2540 754 2540 899 2541 915 2541 900 2541 900 172 915 172 918 172 900 172 918 172 914 172 787 2542 766 2542 779 2542 779 2543 766 2543 762 2543 779 172 762 172 769 172 769 172 762 172 758 172 769 172 758 172 754 172 801 172 791 172 795 172 795 2544 791 2544 785 2544 795 172 785 172 787 172 787 2545 785 2545 775 2545 787 172 775 172 766 172 819 2546 815 2546 809 2546 809 2547 815 2547 807 2547 809 172 807 172 801 172 801 2548 807 2548 799 2548 801 2549 799 2549 791 2549 882 2550 903 2550 890 2550 890 2551 903 2551 907 2551 890 172 907 172 899 172 899 172 907 172 911 172 899 172 911 172 915 172 848 2552 854 2552 858 2552 858 2553 854 2553 862 2553 858 172 862 172 866 172 830 172 834 172 838 172 838 2554 834 2554 840 2554 838 172 840 172 848 172 848 2555 840 2555 846 2555 848 2556 846 2556 854 2556 810 2557 816 2557 820 2557 820 2558 816 2558 822 2558 820 172 822 172 830 172 830 2559 822 2559 828 2559 830 2560 828 2560 834 2560 837 172 836 172 829 172 829 2560 836 2560 827 2560 829 172 827 172 819 172 819 2561 827 2561 821 2561 819 2558 821 2558 815 2558 857 2562 853 2562 847 2562 847 2556 853 2556 845 2556 847 172 845 172 837 172 837 2563 845 2563 839 2563 837 2554 839 2554 836 2554 873 2564 875 2564 865 2564 865 2565 875 2565 867 2565 865 172 867 172 857 172 857 2566 867 2566 861 2566 857 2553 861 2553 853 2553 910 172 906 172 889 172 889 2551 906 2551 902 2551 889 2567 902 2567 881 2567 881 172 902 172 891 172 881 2568 891 2568 873 2568 873 2569 891 2569 883 2569 873 2570 883 2570 875 2570 862 172 868 172 866 172 866 2565 868 2565 876 2565 866 172 876 172 874 172 874 2570 876 2570 884 2570 874 172 884 172 882 172 882 2571 884 2571 892 2571 882 172 892 172 903 172 796 2572 792 2572 802 2572 802 2549 792 2549 800 2549 802 172 800 172 810 172 810 2573 800 2573 808 2573 810 2547 808 2547 816 2547 780 2574 767 2574 788 2574 788 172 767 172 776 172 788 2575 776 2575 796 2575 796 2576 776 2576 786 2576 796 2544 786 2544 792 2544 754 2577 751 2577 768 2577 768 172 751 172 755 172 768 2540 755 2540 770 2540 770 172 755 172 759 172 770 2578 759 2578 780 2578 780 172 759 172 763 172 780 2543 763 2543 767 2543 1146 2579 1142 2579 1855 2579 2400 2580 2395 2580 2958 2580 2963 2581 2958 2581 3290 2581 3295 2582 3290 2582 3887 2582 6075 2583 6077 2583 3892 2583 3892 2584 6077 2584 3894 2584 3909 2585 3911 2585 6108 2585 3895 2586 6080 2586 3893 2586 3893 2587 6080 2587 6078 2587 3893 2588 6078 2588 3891 2588 3891 2589 6078 2589 6076 2589 3891 2590 6076 2590 6074 2590 3897 2591 6084 2591 3895 2591 3895 2592 6084 2592 6082 2592 3895 2593 6082 2593 6080 2593 3901 2594 6090 2594 3899 2594 3899 2595 6090 2595 6088 2595 3899 2596 6088 2596 3897 2596 3897 2597 6088 2597 6086 2597 3897 2598 6086 2598 6084 2598 3903 2599 6094 2599 3901 2599 3901 2600 6094 2600 6092 2600 3901 2601 6092 2601 6090 2601 3907 2602 6100 2602 3905 2602 3905 2603 6100 2603 6098 2603 3905 2604 6098 2604 3903 2604 3903 2605 6098 2605 6096 2605 3903 2606 6096 2606 6094 2606 6108 2607 6106 2607 3909 2607 3909 2608 6106 2608 6104 2608 3909 2609 6104 2609 3907 2609 3907 2610 6104 2610 6102 2610 3907 2611 6102 2611 6100 2611 3912 2612 6111 2612 3914 2612 3914 2613 6111 2613 6113 2613 3914 2614 6113 2614 3915 2614 3915 2615 6113 2615 6115 2615 3915 2616 6115 2616 3913 2616 3913 2617 6115 2617 6112 2617 3913 2618 6112 2618 3911 2618 3911 2619 6112 2619 6110 2619 3911 2620 6110 2620 6108 2620 3908 2621 6105 2621 3910 2621 3910 2622 6105 2622 6107 2622 3910 2623 6107 2623 3912 2623 3912 2624 6107 2624 6109 2624 3912 2625 6109 2625 6111 2625 3906 2626 6101 2626 3908 2626 3908 2627 6101 2627 6103 2627 3908 2628 6103 2628 6105 2628 3902 2629 6095 2629 3904 2629 3904 2630 6095 2630 6097 2630 3904 2631 6097 2631 3906 2631 3906 2632 6097 2632 6099 2632 3906 2633 6099 2633 6101 2633 3900 2634 6091 2634 3902 2634 3902 2635 6091 2635 6093 2635 3902 2636 6093 2636 6095 2636 3896 2637 6085 2637 3898 2637 3898 2638 6085 2638 6087 2638 3898 2639 6087 2639 3900 2639 3900 2640 6087 2640 6089 2640 3900 2641 6089 2641 6091 2641 6077 2642 6079 2642 3894 2642 3894 2643 6079 2643 6081 2643 3894 2644 6081 2644 3896 2644 3896 2645 6081 2645 6083 2645 3896 2646 6083 2646 6085 2646 3293 2647 3891 2647 3890 2647 3890 2648 3891 2648 6074 2648 3890 2649 6074 2649 6073 2649 6072 2650 6075 2650 3887 2650 3887 2651 6075 2651 3892 2651 3887 2652 3892 2652 3295 2652 3295 2653 3892 2653 3894 2653 3295 2654 3894 2654 3297 2654 3297 2655 3894 2655 3896 2655 3297 2656 3896 2656 3299 2656 3299 2657 3896 2657 3898 2657 3299 2658 3898 2658 3301 2658 3301 2659 3898 2659 3900 2659 3301 2660 3900 2660 3303 2660 3303 2661 3900 2661 3902 2661 3303 2662 3902 2662 3305 2662 3305 2663 3902 2663 3904 2663 3305 2664 3904 2664 3307 2664 3307 2665 3904 2665 3906 2665 3307 2666 3906 2666 3309 2666 3309 2667 3906 2667 3908 2667 3309 2668 3908 2668 3311 2668 3311 2669 3908 2669 3910 2669 3311 2670 3910 2670 3313 2670 3313 2671 3910 2671 3912 2671 3313 2672 3912 2672 3315 2672 3315 2673 3912 2673 3914 2673 3315 2674 3914 2674 3317 2674 3317 2675 3914 2675 3915 2675 3317 2676 3915 2676 3318 2676 3318 2677 3915 2677 3913 2677 3318 2678 3913 2678 3316 2678 3316 2679 3913 2679 3911 2679 3316 2680 3911 2680 3314 2680 3314 2681 3911 2681 3909 2681 3314 2682 3909 2682 3312 2682 3312 2683 3909 2683 3907 2683 3312 2684 3907 2684 3310 2684 3310 2685 3907 2685 3905 2685 3310 2686 3905 2686 3308 2686 3308 2687 3905 2687 3903 2687 3308 2688 3903 2688 3306 2688 3306 2689 3903 2689 3901 2689 3306 2690 3901 2690 3304 2690 3304 2691 3901 2691 3899 2691 3304 2692 3899 2692 3302 2692 3302 2693 3899 2693 3897 2693 3302 2694 3897 2694 3300 2694 3300 2695 3897 2695 3895 2695 3300 2696 3895 2696 3298 2696 3298 2697 3895 2697 3893 2697 3298 2698 3893 2698 3296 2698 3296 2699 3893 2699 3891 2699 3296 2700 3891 2700 3294 2700 3294 2701 3891 2701 3293 2701 3294 2702 3293 2702 2961 2702 3290 2703 3295 2703 2963 2703 2963 2704 3295 2704 3297 2704 2963 2705 3297 2705 2965 2705 2965 2706 3297 2706 3299 2706 2965 2707 3299 2707 2967 2707 2967 2708 3299 2708 3301 2708 2967 2709 3301 2709 2969 2709 2969 2710 3301 2710 3303 2710 2969 2711 3303 2711 2971 2711 2971 2712 3303 2712 3305 2712 2971 2713 3305 2713 2973 2713 2973 2714 3305 2714 3307 2714 2973 2715 3307 2715 2975 2715 2975 2716 3307 2716 3309 2716 2975 2717 3309 2717 2977 2717 2977 2718 3309 2718 3311 2718 2977 2719 3311 2719 2979 2719 2979 2720 3311 2720 3313 2720 2979 2721 3313 2721 2981 2721 2981 2722 3313 2722 3315 2722 2981 2723 3315 2723 2983 2723 2983 2724 3315 2724 3317 2724 2983 2725 3317 2725 2985 2725 2985 2726 3317 2726 3318 2726 2985 2727 3318 2727 2986 2727 2986 2728 3318 2728 3316 2728 2986 2729 3316 2729 2984 2729 2984 2730 3316 2730 3314 2730 2984 2731 3314 2731 2982 2731 2982 2732 3314 2732 3312 2732 2982 2733 3312 2733 2980 2733 2980 2734 3312 2734 3310 2734 2980 2735 3310 2735 2978 2735 2978 2736 3310 2736 3308 2736 2978 2737 3308 2737 2976 2737 2976 2738 3308 2738 3306 2738 2976 2739 3306 2739 2974 2739 2974 2740 3306 2740 3304 2740 2974 2741 3304 2741 2972 2741 2972 2742 3304 2742 3302 2742 2972 2743 3302 2743 2970 2743 2970 2744 3302 2744 3300 2744 2970 2745 3300 2745 2968 2745 2968 2746 3300 2746 3298 2746 2968 2747 3298 2747 2966 2747 2966 2748 3298 2748 3296 2748 2966 2749 3296 2749 2964 2749 2964 2750 3296 2750 3294 2750 2964 2751 3294 2751 2962 2751 2962 2752 3294 2752 2961 2752 2962 2753 2961 2753 2398 2753 2958 2754 2963 2754 2400 2754 2400 2755 2963 2755 2965 2755 2400 2756 2965 2756 2402 2756 2402 2757 2965 2757 2967 2757 2402 2758 2967 2758 2404 2758 2404 2759 2967 2759 2969 2759 2404 2760 2969 2760 2406 2760 2406 2761 2969 2761 2971 2761 2406 2762 2971 2762 2408 2762 2408 2763 2971 2763 2973 2763 2408 2764 2973 2764 2410 2764 2410 2765 2973 2765 2975 2765 2410 2766 2975 2766 2412 2766 2412 2767 2975 2767 2977 2767 2412 2768 2977 2768 2414 2768 2414 2769 2977 2769 2979 2769 2414 2770 2979 2770 2416 2770 2416 2771 2979 2771 2981 2771 2416 2772 2981 2772 2418 2772 2418 2773 2981 2773 2983 2773 2418 2774 2983 2774 2420 2774 2420 2775 2983 2775 2985 2775 2420 2776 2985 2776 2422 2776 2422 2777 2985 2777 2986 2777 2422 2778 2986 2778 2423 2778 2423 2779 2986 2779 2984 2779 2423 2780 2984 2780 2421 2780 2421 2781 2984 2781 2982 2781 2421 2782 2982 2782 2419 2782 2419 2783 2982 2783 2980 2783 2419 2784 2980 2784 2417 2784 2417 2785 2980 2785 2978 2785 2417 2786 2978 2786 2415 2786 2415 2787 2978 2787 2976 2787 2415 2788 2976 2788 2413 2788 2413 2789 2976 2789 2974 2789 2413 2790 2974 2790 2411 2790 2411 2791 2974 2791 2972 2791 2411 2792 2972 2792 2409 2792 2409 2793 2972 2793 2970 2793 2409 2794 2970 2794 2407 2794 2407 2795 2970 2795 2968 2795 2407 2796 2968 2796 2405 2796 2405 2797 2968 2797 2966 2797 2405 2798 2966 2798 2403 2798 2403 2799 2966 2799 2964 2799 2403 2800 2964 2800 2401 2800 2401 2801 2964 2801 2962 2801 2401 2802 2962 2802 2399 2802 2399 2803 2962 2803 2398 2803 2399 2804 2398 2804 1857 2804 2395 2805 2400 2805 1859 2805 1859 2806 2400 2806 2402 2806 1859 2807 2402 2807 1861 2807 1861 2808 2402 2808 2404 2808 1861 2809 2404 2809 1863 2809 1863 2810 2404 2810 2406 2810 1863 2811 2406 2811 1865 2811 1865 2812 2406 2812 2408 2812 1865 2813 2408 2813 1867 2813 1867 2814 2408 2814 2410 2814 1867 2815 2410 2815 1869 2815 1869 2816 2410 2816 2412 2816 1869 2817 2412 2817 1871 2817 1871 2818 2412 2818 2414 2818 1871 2819 2414 2819 1873 2819 1873 2820 2414 2820 2416 2820 1873 2821 2416 2821 1875 2821 1875 2822 2416 2822 2418 2822 1875 2823 2418 2823 1877 2823 1877 2824 2418 2824 2420 2824 1877 2825 2420 2825 1879 2825 1879 2826 2420 2826 2422 2826 1879 2827 2422 2827 1881 2827 1881 2828 2422 2828 2423 2828 1881 2829 2423 2829 1882 2829 1882 2830 2423 2830 2421 2830 1882 2831 2421 2831 1880 2831 1880 2832 2421 2832 2419 2832 1880 2833 2419 2833 1878 2833 1878 2834 2419 2834 2417 2834 1878 2835 2417 2835 1876 2835 1876 2836 2417 2836 2415 2836 1876 2837 2415 2837 1874 2837 1874 2838 2415 2838 2413 2838 1874 2839 2413 2839 1872 2839 1872 2840 2413 2840 2411 2840 1872 2841 2411 2841 1870 2841 1870 2842 2411 2842 2409 2842 1870 2843 2409 2843 1868 2843 1868 2844 2409 2844 2407 2844 1868 2845 2407 2845 1866 2845 1866 2846 2407 2846 2405 2846 1866 2847 2405 2847 1864 2847 1864 2848 2405 2848 2403 2848 1864 2849 2403 2849 1862 2849 1862 2850 2403 2850 2401 2850 1862 2851 2401 2851 1860 2851 1860 2852 2401 2852 2399 2852 1860 2853 2399 2853 1858 2853 1858 2854 2399 2854 1857 2854 1858 2855 1857 2855 1144 2855 1144 2856 1145 2856 1858 2856 1858 2857 1145 2857 1147 2857 1858 2858 1147 2858 1860 2858 1860 2859 1147 2859 1149 2859 1860 2860 1149 2860 1862 2860 1862 2861 1149 2861 1151 2861 1862 2862 1151 2862 1864 2862 1864 2863 1151 2863 1153 2863 1864 2864 1153 2864 1866 2864 1866 2865 1153 2865 1155 2865 1866 2866 1155 2866 1868 2866 1868 2867 1155 2867 1157 2867 1868 2868 1157 2868 1870 2868 1870 2869 1157 2869 1159 2869 1870 2870 1159 2870 1872 2870 1872 2871 1159 2871 1161 2871 1872 2872 1161 2872 1874 2872 1874 2873 1161 2873 1163 2873 1874 2874 1163 2874 1876 2874 1876 2875 1163 2875 1165 2875 1876 2876 1165 2876 1878 2876 1878 2877 1165 2877 1167 2877 1878 2878 1167 2878 1880 2878 1880 2879 1167 2879 1169 2879 1880 2880 1169 2880 1882 2880 1882 2881 1169 2881 1168 2881 1882 2882 1168 2882 1881 2882 1881 2883 1168 2883 1166 2883 1881 2884 1166 2884 1879 2884 1879 2885 1166 2885 1164 2885 1879 2886 1164 2886 1877 2886 1877 2887 1164 2887 1162 2887 1877 2888 1162 2888 1875 2888 1875 2889 1162 2889 1160 2889 1875 2890 1160 2890 1873 2890 1873 2891 1160 2891 1158 2891 1873 2892 1158 2892 1871 2892 1871 2893 1158 2893 1156 2893 1871 2894 1156 2894 1869 2894 1869 2895 1156 2895 1154 2895 1869 2896 1154 2896 1867 2896 1867 2897 1154 2897 1152 2897 1867 2898 1152 2898 1865 2898 1865 2899 1152 2899 1150 2899 1865 2900 1150 2900 1863 2900 1863 2901 1150 2901 1148 2901 1863 2902 1148 2902 1861 2902 1861 2903 1148 2903 1146 2903 1861 2904 1146 2904 1859 2904 1859 2905 1146 2905 1855 2905 1859 2906 1855 2906 2395 2906 834 2907 1142 2907 840 2907 840 2908 1142 2908 1146 2908 840 2909 1146 2909 846 2909 846 2910 1146 2910 1148 2910 846 2911 1148 2911 854 2911 854 2912 1148 2912 1150 2912 854 2913 1150 2913 862 2913 862 2914 1150 2914 1152 2914 862 2915 1152 2915 868 2915 868 2916 1152 2916 1154 2916 868 2917 1154 2917 876 2917 876 2918 1154 2918 1156 2918 876 2919 1156 2919 884 2919 884 2920 1156 2920 1158 2920 884 2921 1158 2921 892 2921 892 2922 1158 2922 1160 2922 892 2923 1160 2923 903 2923 903 2924 1160 2924 1162 2924 903 2925 1162 2925 907 2925 907 2926 1162 2926 1164 2926 907 2927 1164 2927 911 2927 911 2928 1164 2928 1166 2928 911 2929 1166 2929 915 2929 915 2930 1166 2930 1168 2930 915 2931 1168 2931 919 2931 919 2932 1168 2932 1169 2932 919 2933 1169 2933 914 2933 914 2934 1169 2934 1167 2934 914 2935 1167 2935 910 2935 910 2936 1167 2936 1165 2936 910 2937 1165 2937 906 2937 906 2938 1165 2938 1163 2938 906 2939 1163 2939 902 2939 902 2940 1163 2940 1161 2940 902 2941 1161 2941 891 2941 891 2942 1161 2942 1159 2942 891 2943 1159 2943 883 2943 883 2944 1159 2944 1157 2944 883 2945 1157 2945 875 2945 875 2946 1157 2946 1155 2946 875 2947 1155 2947 867 2947 867 2948 1155 2948 1153 2948 867 2949 1153 2949 861 2949 861 2950 1153 2950 1151 2950 861 2951 1151 2951 853 2951 853 2952 1151 2952 1149 2952 853 2953 1149 2953 845 2953 845 2954 1149 2954 1147 2954 845 2955 1147 2955 839 2955 839 2956 1147 2956 1145 2956 839 2957 1145 2957 836 2957 836 2958 1145 2958 1144 2958 6111 2959 6109 2959 3430 2959 3430 2960 6109 2960 6107 2960 3430 2961 6107 2961 3424 2961 3424 2962 6107 2962 6105 2962 3424 2963 6105 2963 3419 2963 3419 2964 6105 2964 6103 2964 6103 2965 6101 2965 3419 2965 3419 2966 6101 2966 6099 2966 3419 2967 6099 2967 3415 2967 6099 2968 6097 2968 3415 2968 3415 2969 6097 2969 6095 2969 3415 2970 6095 2970 3404 2970 3404 2971 6095 2971 6093 2971 6093 2972 6091 2972 3404 2972 3404 2973 6091 2973 6089 2973 3404 2974 6089 2974 3394 2974 6089 2975 6087 2975 3394 2975 3394 2976 6087 2976 6085 2976 3394 2977 6085 2977 3390 2977 3390 2978 6085 2978 6083 2978 3390 2979 6083 2979 6081 2979 6081 2980 6079 2980 3390 2980 3390 2981 6079 2981 6077 2981 3390 2982 6077 2982 3386 2982 6071 2983 3381 2983 6072 2983 6072 2984 3381 2984 3386 2984 6072 2985 3386 2985 6075 2985 6075 2986 3386 2986 6077 2986 6071 2987 6069 2987 3381 2987 3381 2988 6069 2988 6067 2988 3381 2989 6067 2989 3377 2989 6061 2990 3373 2990 6063 2990 6063 2991 3373 2991 3377 2991 6063 2992 3377 2992 6065 2992 6065 2993 3377 2993 6067 2993 6061 2994 6059 2994 3373 2994 3373 2995 6059 2995 6057 2995 3373 2996 6057 2996 3363 2996 6057 2997 6055 2997 3363 2997 3363 2998 6055 2998 6053 2998 3363 2999 6053 2999 3352 2999 6047 3000 3348 3000 6049 3000 6049 3001 3348 3001 3352 3001 6049 3002 3352 3002 6051 3002 6051 3003 3352 3003 6053 3003 6041 3004 3343 3004 6043 3004 6043 3005 3343 3005 3348 3005 6043 3006 3348 3006 6045 3006 6045 3007 3348 3007 6047 3007 6041 3008 6039 3008 3343 3008 3343 3009 6039 3009 6037 3009 3343 3010 6037 3010 3337 3010 6037 3011 6035 3011 3337 3011 3337 3012 6035 3012 6033 3012 3337 3013 6033 3013 3335 3013 3335 3014 6033 3014 6031 3014 3335 3015 6031 3015 3336 3015 3336 3016 6031 3016 6032 3016 3336 3017 6032 3017 6034 3017 6034 3018 6036 3018 3336 3018 3336 3019 6036 3019 6038 3019 3336 3020 6038 3020 3342 3020 3342 3021 6038 3021 6040 3021 3342 3022 6040 3022 3347 3022 3347 3023 6040 3023 6042 3023 3347 3024 6042 3024 6044 3024 6044 3025 6046 3025 3347 3025 3347 3026 6046 3026 6048 3026 3347 3027 6048 3027 3351 3027 3351 3028 6048 3028 6050 3028 3351 3029 6050 3029 3362 3029 3362 3030 6050 3030 6052 3030 3362 3031 6052 3031 6054 3031 6054 3032 6056 3032 3362 3032 3362 3033 6056 3033 6058 3033 3362 3034 6058 3034 3372 3034 3372 3035 6058 3035 6060 3035 3372 3036 6060 3036 3376 3036 3376 3037 6060 3037 6062 3037 3376 3038 6062 3038 6064 3038 6064 3039 6066 3039 3376 3039 3376 3040 6066 3040 6068 3040 3376 3041 6068 3041 3380 3041 6074 3042 3385 3042 6073 3042 6073 3043 3385 3043 3380 3043 6073 3044 3380 3044 6070 3044 6070 3045 3380 3045 6068 3045 6074 3046 6076 3046 3385 3046 3385 3047 6076 3047 6078 3047 3385 3048 6078 3048 3389 3048 6084 3049 3393 3049 6082 3049 6082 3050 3393 3050 3389 3050 6082 3051 3389 3051 6080 3051 6080 3052 3389 3052 6078 3052 6084 3053 6086 3053 3393 3053 3393 3054 6086 3054 6088 3054 3393 3055 6088 3055 3403 3055 6088 3056 6090 3056 3403 3056 3403 3057 6090 3057 6092 3057 3403 3058 6092 3058 3414 3058 6098 3059 3418 3059 6096 3059 6096 3060 3418 3060 3414 3060 6096 3061 3414 3061 6094 3061 6094 3062 3414 3062 6092 3062 6104 3063 3423 3063 6102 3063 6102 3064 3423 3064 3418 3064 6102 3065 3418 3065 6100 3065 6100 3066 3418 3066 6098 3066 6104 3067 6106 3067 3423 3067 3423 3068 6106 3068 6108 3068 3423 3069 6108 3069 3429 3069 6108 3070 6110 3070 3429 3070 3429 3071 6110 3071 6112 3071 3429 3072 6112 3072 3431 3072 3431 3073 6112 3073 6114 3073 3431 3074 6114 3074 3430 3074 3430 3075 6114 3075 6113 3075 3430 3076 6113 3076 6111 3076 1139 3077 1143 3077 1856 3077 2393 3078 2397 3078 2960 3078 2956 3079 2960 3079 3292 3079 3288 3080 3292 3080 3889 3080 6070 3081 6068 3081 3885 3081 3885 3082 6068 3082 3883 3082 3868 3083 3866 3083 6037 3083 3882 3084 6065 3084 3884 3084 3884 3085 6065 3085 6067 3085 3884 3086 6067 3086 3886 3086 3886 3087 6067 3087 6069 3087 3886 3088 6069 3088 6071 3088 3880 3089 6061 3089 3882 3089 3882 3090 6061 3090 6063 3090 3882 3091 6063 3091 6065 3091 3876 3092 6055 3092 3878 3092 3878 3093 6055 3093 6057 3093 3878 3094 6057 3094 3880 3094 3880 3095 6057 3095 6059 3095 3880 3096 6059 3096 6061 3096 3874 3097 6051 3097 3876 3097 3876 3098 6051 3098 6053 3098 3876 3099 6053 3099 6055 3099 3870 3100 6045 3100 3872 3100 3872 3101 6045 3101 6047 3101 3872 3102 6047 3102 3874 3102 3874 3103 6047 3103 6049 3103 3874 3104 6049 3104 6051 3104 6037 3105 6039 3105 3868 3105 3868 3106 6039 3106 6041 3106 3868 3107 6041 3107 3870 3107 3870 3108 6041 3108 6043 3108 3870 3109 6043 3109 6045 3109 3865 3110 6034 3110 3863 3110 3863 3111 6034 3111 6032 3111 3863 3112 6032 3112 3862 3112 3862 3113 6032 3113 6030 3113 3862 3114 6030 3114 3864 3114 3864 3115 6030 3115 6033 3115 3864 3116 6033 3116 3866 3116 3866 3117 6033 3117 6035 3117 3866 3118 6035 3118 6037 3118 3869 3119 6040 3119 3867 3119 3867 3120 6040 3120 6038 3120 3867 3121 6038 3121 3865 3121 3865 3122 6038 3122 6036 3122 3865 3123 6036 3123 6034 3123 3871 3124 6044 3124 3869 3124 3869 3125 6044 3125 6042 3125 3869 3126 6042 3126 6040 3126 3875 3127 6050 3127 3873 3127 3873 3128 6050 3128 6048 3128 3873 3129 6048 3129 3871 3129 3871 3130 6048 3130 6046 3130 3871 3131 6046 3131 6044 3131 3877 3132 6054 3132 3875 3132 3875 3133 6054 3133 6052 3133 3875 3134 6052 3134 6050 3134 3881 3135 6060 3135 3879 3135 3879 3136 6060 3136 6058 3136 3879 3137 6058 3137 3877 3137 3877 3138 6058 3138 6056 3138 3877 3139 6056 3139 6054 3139 6068 3140 6066 3140 3883 3140 3883 3141 6066 3141 6064 3141 3883 3142 6064 3142 3881 3142 3881 3143 6064 3143 6062 3143 3881 3144 6062 3144 6060 3144 3291 3145 3886 3145 3888 3145 3888 3146 3886 3146 6071 3146 3888 3147 6071 3147 6072 3147 6073 3148 6070 3148 3889 3148 3889 3149 6070 3149 3885 3149 3889 3150 3885 3150 3288 3150 3288 3151 3885 3151 3883 3151 3288 3152 3883 3152 3286 3152 3286 3153 3883 3153 3881 3153 3286 3154 3881 3154 3284 3154 3284 3155 3881 3155 3879 3155 3284 3156 3879 3156 3282 3156 3282 3157 3879 3157 3877 3157 3282 3158 3877 3158 3280 3158 3280 3159 3877 3159 3875 3159 3280 3160 3875 3160 3278 3160 3278 3161 3875 3161 3873 3161 3278 3162 3873 3162 3276 3162 3276 3163 3873 3163 3871 3163 3276 3164 3871 3164 3274 3164 3274 3165 3871 3165 3869 3165 3274 3166 3869 3166 3272 3166 3272 3167 3869 3167 3867 3167 3272 3168 3867 3168 3270 3168 3270 3169 3867 3169 3865 3169 3270 3170 3865 3170 3268 3170 3268 3171 3865 3171 3863 3171 3268 3172 3863 3172 3266 3172 3266 3173 3863 3173 3862 3173 3266 3174 3862 3174 3265 3174 3265 3175 3862 3175 3864 3175 3265 3176 3864 3176 3267 3176 3267 3177 3864 3177 3866 3177 3267 3178 3866 3178 3269 3178 3269 3179 3866 3179 3868 3179 3269 3180 3868 3180 3271 3180 3271 3181 3868 3181 3870 3181 3271 3182 3870 3182 3273 3182 3273 3183 3870 3183 3872 3183 3273 3184 3872 3184 3275 3184 3275 3185 3872 3185 3874 3185 3275 3186 3874 3186 3277 3186 3277 3187 3874 3187 3876 3187 3277 3188 3876 3188 3279 3188 3279 3189 3876 3189 3878 3189 3279 3190 3878 3190 3281 3190 3281 3191 3878 3191 3880 3191 3281 3192 3880 3192 3283 3192 3283 3193 3880 3193 3882 3193 3283 3194 3882 3194 3285 3194 3285 3195 3882 3195 3884 3195 3285 3196 3884 3196 3287 3196 3287 3197 3884 3197 3886 3197 3287 3198 3886 3198 3289 3198 3289 3199 3886 3199 3291 3199 3289 3200 3291 3200 2959 3200 3292 3201 3288 3201 2956 3201 2956 3202 3288 3202 3286 3202 2956 3203 3286 3203 2954 3203 2954 3204 3286 3204 3284 3204 2954 3205 3284 3205 2952 3205 2952 3206 3284 3206 3282 3206 2952 3207 3282 3207 2950 3207 2950 3208 3282 3208 3280 3208 2950 3209 3280 3209 2948 3209 2948 3210 3280 3210 3278 3210 2948 3211 3278 3211 2946 3211 2946 3212 3278 3212 3276 3212 2946 3213 3276 3213 2944 3213 2944 3214 3276 3214 3274 3214 2944 3215 3274 3215 2942 3215 2942 3216 3274 3216 3272 3216 2942 3217 3272 3217 2940 3217 2940 3218 3272 3218 3270 3218 2940 3219 3270 3219 2938 3219 2938 3220 3270 3220 3268 3220 2938 3221 3268 3221 2936 3221 2936 3222 3268 3222 3266 3222 2936 3223 3266 3223 2934 3223 2934 3224 3266 3224 3265 3224 2934 3225 3265 3225 2933 3225 2933 3226 3265 3226 3267 3226 2933 3227 3267 3227 2935 3227 2935 3228 3267 3228 3269 3228 2935 3229 3269 3229 2937 3229 2937 3230 3269 3230 3271 3230 2937 3231 3271 3231 2939 3231 2939 3232 3271 3232 3273 3232 2939 3233 3273 3233 2941 3233 2941 3234 3273 3234 3275 3234 2941 3235 3275 3235 2943 3235 2943 3236 3275 3236 3277 3236 2943 3237 3277 3237 2945 3237 2945 3238 3277 3238 3279 3238 2945 3239 3279 3239 2947 3239 2947 3240 3279 3240 3281 3240 2947 3241 3281 3241 2949 3241 2949 3242 3281 3242 3283 3242 2949 3243 3283 3243 2951 3243 2951 3244 3283 3244 3285 3244 2951 3245 3285 3245 2953 3245 2953 3246 3285 3246 3287 3246 2953 3247 3287 3247 2955 3247 2955 3248 3287 3248 3289 3248 2955 3249 3289 3249 2957 3249 2957 3250 3289 3250 2959 3250 2957 3251 2959 3251 2396 3251 2960 3252 2956 3252 2393 3252 2393 3253 2956 3253 2954 3253 2393 3254 2954 3254 2391 3254 2391 3255 2954 3255 2952 3255 2391 3256 2952 3256 2389 3256 2389 3257 2952 3257 2950 3257 2389 3258 2950 3258 2387 3258 2387 3259 2950 3259 2948 3259 2387 3260 2948 3260 2385 3260 2385 3261 2948 3261 2946 3261 2385 3262 2946 3262 2383 3262 2383 3263 2946 3263 2944 3263 2383 3264 2944 3264 2381 3264 2381 3265 2944 3265 2942 3265 2381 3266 2942 3266 2379 3266 2379 3267 2942 3267 2940 3267 2379 3268 2940 3268 2377 3268 2377 3269 2940 3269 2938 3269 2377 3270 2938 3270 2375 3270 2375 3271 2938 3271 2936 3271 2375 3272 2936 3272 2373 3272 2373 3273 2936 3273 2934 3273 2373 3274 2934 3274 2371 3274 2371 3275 2934 3275 2933 3275 2371 3276 2933 3276 2370 3276 2370 3277 2933 3277 2935 3277 2370 3278 2935 3278 2372 3278 2372 3279 2935 3279 2937 3279 2372 3280 2937 3280 2374 3280 2374 3281 2937 3281 2939 3281 2374 3282 2939 3282 2376 3282 2376 3283 2939 3283 2941 3283 2376 3284 2941 3284 2378 3284 2378 3285 2941 3285 2943 3285 2378 3286 2943 3286 2380 3286 2380 3287 2943 3287 2945 3287 2380 3288 2945 3288 2382 3288 2382 3289 2945 3289 2947 3289 2382 3290 2947 3290 2384 3290 2384 3291 2947 3291 2949 3291 2384 3292 2949 3292 2386 3292 2386 3293 2949 3293 2951 3293 2386 3294 2951 3294 2388 3294 2388 3295 2951 3295 2953 3295 2388 3296 2953 3296 2390 3296 2390 3297 2953 3297 2955 3297 2390 3298 2955 3298 2392 3298 2392 3299 2955 3299 2957 3299 2392 3300 2957 3300 2394 3300 2394 3301 2957 3301 2396 3301 2394 3302 2396 3302 1854 3302 2397 3303 2393 3303 1852 3303 1852 3304 2393 3304 2391 3304 1852 3305 2391 3305 1850 3305 1850 3306 2391 3306 2389 3306 1850 3307 2389 3307 1848 3307 1848 3308 2389 3308 2387 3308 1848 3309 2387 3309 1846 3309 1846 3310 2387 3310 2385 3310 1846 3311 2385 3311 1844 3311 1844 3312 2385 3312 2383 3312 1844 3313 2383 3313 1842 3313 1842 3314 2383 3314 2381 3314 1842 3315 2381 3315 1840 3315 1840 3316 2381 3316 2379 3316 1840 3317 2379 3317 1838 3317 1838 3318 2379 3318 2377 3318 1838 3319 2377 3319 1836 3319 1836 3320 2377 3320 2375 3320 1836 3321 2375 3321 1834 3321 1834 3322 2375 3322 2373 3322 1834 3323 2373 3323 1832 3323 1832 3324 2373 3324 2371 3324 1832 3325 2371 3325 1830 3325 1830 3326 2371 3326 2370 3326 1830 3327 2370 3327 1829 3327 1829 3328 2370 3328 2372 3328 1829 3329 2372 3329 1831 3329 1831 3330 2372 3330 2374 3330 1831 3331 2374 3331 1833 3331 1833 3332 2374 3332 2376 3332 1833 3333 2376 3333 1835 3333 1835 3334 2376 3334 2378 3334 1835 3335 2378 3335 1837 3335 1837 3336 2378 3336 2380 3336 1837 3337 2380 3337 1839 3337 1839 3338 2380 3338 2382 3338 1839 3339 2382 3339 1841 3339 1841 3340 2382 3340 2384 3340 1841 3341 2384 3341 1843 3341 1843 3342 2384 3342 2386 3342 1843 3343 2386 3343 1845 3343 1845 3344 2386 3344 2388 3344 1845 3345 2388 3345 1847 3345 1847 3346 2388 3346 2390 3346 1847 3347 2390 3347 1849 3347 1849 3348 2390 3348 2392 3348 1849 3349 2392 3349 1851 3349 1851 3350 2392 3350 2394 3350 1851 3351 2394 3351 1853 3351 1853 3352 2394 3352 1854 3352 1853 3353 1854 3353 1141 3353 1141 3354 1140 3354 1853 3354 1853 3355 1140 3355 1138 3355 1853 3356 1138 3356 1851 3356 1851 3357 1138 3357 1136 3357 1851 3358 1136 3358 1849 3358 1849 3359 1136 3359 1134 3359 1849 3360 1134 3360 1847 3360 1847 3361 1134 3361 1132 3361 1847 3362 1132 3362 1845 3362 1845 3363 1132 3363 1130 3363 1845 3364 1130 3364 1843 3364 1843 3365 1130 3365 1128 3365 1843 3366 1128 3366 1841 3366 1841 3367 1128 3367 1126 3367 1841 3368 1126 3368 1839 3368 1839 3369 1126 3369 1124 3369 1839 3370 1124 3370 1837 3370 1837 3371 1124 3371 1122 3371 1837 3372 1122 3372 1835 3372 1835 3373 1122 3373 1120 3373 1835 3374 1120 3374 1833 3374 1833 3375 1120 3375 1118 3375 1833 3376 1118 3376 1831 3376 1831 3377 1118 3377 1116 3377 1831 3378 1116 3378 1829 3378 1829 3379 1116 3379 1117 3379 1829 3380 1117 3380 1830 3380 1830 3381 1117 3381 1119 3381 1830 3382 1119 3382 1832 3382 1832 3383 1119 3383 1121 3383 1832 3384 1121 3384 1834 3384 1834 3385 1121 3385 1123 3385 1834 3386 1123 3386 1836 3386 1836 3387 1123 3387 1125 3387 1836 3388 1125 3388 1838 3388 1838 3389 1125 3389 1127 3389 1838 3390 1127 3390 1840 3390 1840 3391 1127 3391 1129 3391 1840 3392 1129 3392 1842 3392 1842 3393 1129 3393 1131 3393 1842 3394 1131 3394 1844 3394 1844 3395 1131 3395 1133 3395 1844 3396 1133 3396 1846 3396 1846 3397 1133 3397 1135 3397 1846 3398 1135 3398 1848 3398 1848 3399 1135 3399 1137 3399 1848 3400 1137 3400 1850 3400 1850 3401 1137 3401 1139 3401 1850 3402 1139 3402 1852 3402 1852 3403 1139 3403 1856 3403 1852 3404 1856 3404 2397 3404 836 3405 1143 3405 827 3405 827 3406 1143 3406 1139 3406 827 3407 1139 3407 821 3407 821 3408 1139 3408 1137 3408 821 3409 1137 3409 815 3409 815 3410 1137 3410 1135 3410 815 3411 1135 3411 807 3411 807 3412 1135 3412 1133 3412 807 3413 1133 3413 799 3413 799 3414 1133 3414 1131 3414 799 3415 1131 3415 791 3415 791 3416 1131 3416 1129 3416 791 3417 1129 3417 785 3417 785 3418 1129 3418 1127 3418 785 3419 1127 3419 775 3419 775 3420 1127 3420 1125 3420 775 3421 1125 3421 766 3421 766 3422 1125 3422 1123 3422 766 3423 1123 3423 762 3423 762 3424 1123 3424 1121 3424 762 3425 1121 3425 758 3425 758 3426 1121 3426 1119 3426 758 3427 1119 3427 754 3427 754 3428 1119 3428 1117 3428 754 3429 1117 3429 750 3429 750 3430 1117 3430 1116 3430 750 3431 1116 3431 755 3431 755 3432 1116 3432 1118 3432 755 3433 1118 3433 759 3433 759 3434 1118 3434 1120 3434 759 3435 1120 3435 763 3435 763 3436 1120 3436 1122 3436 763 3437 1122 3437 767 3437 767 3438 1122 3438 1124 3438 767 3439 1124 3439 776 3439 776 3440 1124 3440 1126 3440 776 3441 1126 3441 786 3441 786 3442 1126 3442 1128 3442 786 3443 1128 3443 792 3443 792 3444 1128 3444 1130 3444 792 3445 1130 3445 800 3445 800 3446 1130 3446 1132 3446 800 3447 1132 3447 808 3447 808 3448 1132 3448 1134 3448 808 3449 1134 3449 816 3449 816 3450 1134 3450 1136 3450 816 3451 1136 3451 822 3451 822 3452 1136 3452 1138 3452 822 3453 1138 3453 828 3453 828 3454 1138 3454 1140 3454 828 3455 1140 3455 834 3455 834 3456 1140 3456 1141 3456 482 430 481 430 40 430 40 430 481 430 39 430 486 430 485 430 44 430 44 430 485 430 43 430 477 309 476 309 474 309 474 309 481 309 482 309 477 309 474 309 479 309 479 3457 474 3457 482 3457 479 309 482 309 483 309 483 309 482 309 487 309 487 309 482 309 492 309 487 309 492 309 489 309 489 309 492 309 491 309 491 309 492 309 493 309 491 309 493 309 490 309 486 309 475 309 485 309 485 309 475 309 474 309 485 3458 474 3458 478 3458 478 309 474 309 476 309 478 309 480 309 485 309 485 3459 480 3459 484 3459 485 309 484 309 493 309 493 3460 484 3460 488 3460 493 309 488 309 490 309 475 401 486 401 25 401 25 401 486 401 44 401 474 212 475 212 24 212 24 212 475 212 25 212 481 30 474 30 39 30 39 30 474 30 24 30 41 437 483 437 45 437 45 3461 483 3461 487 3461 45 3462 487 3462 47 3462 47 3463 487 3463 489 3463 47 3464 489 3464 49 3464 49 3464 489 3464 491 3464 49 3465 491 3465 48 3465 48 3465 491 3465 490 3465 48 3466 490 3466 46 3466 46 3467 490 3467 488 3467 46 3468 488 3468 42 3468 42 3469 488 3469 484 3469 42 3470 484 3470 38 3470 38 3471 484 3471 480 3471 38 3472 480 3472 36 3472 36 3473 480 3473 478 3473 36 3474 478 3474 34 3474 34 3474 478 3474 476 3474 34 3475 476 3475 35 3475 35 3475 476 3475 477 3475 35 3476 477 3476 37 3476 37 3477 477 3477 479 3477 37 3478 479 3478 41 3478 41 517 479 517 483 517 493 3479 492 3479 543 3479 543 3480 492 3480 542 3480 543 3481 542 3481 573 3481 573 3481 542 3481 572 3481 573 3482 572 3482 585 3482 585 3482 572 3482 584 3482 655 3483 659 3483 679 3483 679 3484 659 3484 683 3484 679 3485 683 3485 687 3485 687 3486 683 3486 691 3486 687 3487 691 3487 694 3487 694 3488 691 3488 696 3488 694 3489 696 3489 686 3489 686 3489 696 3489 690 3489 686 3490 690 3490 678 3490 678 3491 690 3491 682 3491 678 3492 682 3492 654 3492 654 3493 682 3493 658 3493 25 172 44 172 43 172 43 172 38 172 25 172 25 3494 38 3494 36 3494 25 3495 36 3495 34 3495 53 172 46 172 43 172 43 3496 46 3496 42 3496 43 3497 42 3497 38 3497 39 172 24 172 40 172 40 172 24 172 25 172 40 172 25 172 35 172 35 172 25 172 34 172 35 172 37 172 40 172 40 3497 37 3497 41 3497 40 172 41 172 52 172 52 3498 41 3498 45 3498 45 3499 47 3499 52 3499 52 3500 47 3500 49 3500 52 172 49 172 53 172 53 3500 49 3500 48 3500 53 3501 48 3501 46 3501 657 3502 661 3502 681 3502 681 3503 661 3503 685 3503 681 3485 685 3485 689 3485 689 3486 685 3486 693 3486 689 3487 693 3487 695 3487 695 3487 693 3487 697 3487 695 3504 697 3504 688 3504 688 3489 697 3489 692 3489 688 3490 692 3490 680 3490 680 3491 692 3491 684 3491 680 3505 684 3505 656 3505 656 3506 684 3506 660 3506 517 3507 137 3507 515 3507 515 3507 137 3507 135 3507 515 3508 135 3508 514 3508 514 3509 135 3509 134 3509 514 3510 134 3510 512 3510 512 3511 134 3511 132 3511 498 3512 106 3512 497 3512 497 3513 106 3513 105 3513 497 3514 105 3514 496 3514 496 3515 105 3515 104 3515 496 3516 104 3516 495 3516 495 3517 104 3517 103 3517 585 212 584 212 656 212 656 3518 584 3518 680 3518 65 212 64 212 657 212 680 3519 584 3519 688 3519 688 212 584 212 655 212 688 212 655 212 695 212 695 212 655 212 679 212 695 212 679 212 687 212 65 212 657 212 3018 212 3018 3520 657 3520 681 3520 3018 3521 681 3521 689 3521 2676 3522 686 3522 678 3522 2676 3523 678 3523 62 3523 62 3524 678 3524 654 3524 62 212 654 212 63 212 686 212 2676 212 694 212 694 3525 2676 3525 2684 3525 694 3526 2684 3526 2692 3526 689 212 695 212 3018 212 3018 3527 695 3527 687 3527 3018 212 687 212 3017 212 3017 3528 687 3528 694 3528 3017 212 694 212 2696 212 2696 212 694 212 2692 212 3554 309 3557 309 3568 309 3568 3529 3557 3529 3567 3529 3514 309 3538 309 3513 309 3513 3530 3538 3530 3533 3530 3513 309 3533 309 3506 309 3506 3531 3533 3531 3525 3531 3506 309 3525 309 3507 309 3507 3532 3525 3532 3523 3532 3507 3533 3523 3533 3526 3533 3526 309 3534 309 3507 309 3507 3534 3534 3534 3539 3534 3507 309 3539 309 3568 309 3568 3535 3539 3535 3546 3535 3568 3536 3546 3536 3554 3536 3514 3537 3515 3537 3538 3537 3538 3538 3515 3538 3516 3538 3538 3539 3516 3539 3545 3539 3545 309 3516 309 3567 309 3545 309 3567 309 3553 309 3553 309 3567 309 3557 309 3567 309 3662 309 3633 309 3618 309 3568 309 3620 309 3620 309 3568 309 3567 309 3620 309 3567 309 3628 309 3628 3540 3567 3540 3633 3540 3669 3541 3634 3541 3643 3541 3618 309 3621 309 3568 309 3568 3542 3621 3542 3629 3542 3568 3543 3629 3543 3634 3543 3643 309 3651 309 3669 309 3669 3544 3651 3544 3654 3544 3669 309 3654 309 3668 309 3668 3545 3654 3545 3650 3545 3668 309 3650 309 3665 309 3665 3546 3650 3546 3642 3546 3665 3547 3642 3547 3664 3547 3664 3548 3642 3548 3633 3548 3664 3549 3633 3549 3663 3549 3663 309 3633 309 3662 309 3508 3550 3507 3550 3524 3550 3524 309 3507 309 3527 309 3524 309 3528 309 3508 309 3508 3551 3528 3551 3536 3551 3508 309 3536 309 3569 309 3569 3552 3536 3552 3543 3552 3569 3553 3543 3553 3548 3553 3555 309 3568 309 3558 309 3558 309 3568 309 3569 309 3558 309 3569 309 3556 309 3556 309 3569 309 3548 309 3555 3554 3547 3554 3568 3554 3568 3555 3547 3555 3542 3555 3568 309 3542 309 3507 309 3507 3556 3542 3556 3535 3556 3507 3557 3535 3557 3527 3557 3634 309 3669 309 3568 309 3568 309 3669 309 3592 309 3568 3558 3592 3558 3585 3558 3619 309 3623 309 3569 309 3569 3559 3623 3559 3631 3559 3569 309 3631 309 3670 309 3670 3560 3631 3560 3638 3560 3670 3561 3638 3561 3645 3561 3652 309 3669 309 3655 309 3655 309 3669 309 3670 309 3655 309 3670 309 3653 309 3653 309 3670 309 3645 309 3585 309 3581 309 3568 309 3568 309 3581 309 3580 309 3568 309 3580 309 3569 309 3569 3562 3580 3562 3582 3562 3582 309 3586 309 3569 309 3569 3563 3586 3563 3591 3563 3569 3564 3591 3564 3619 3564 3619 3565 3591 3565 3596 3565 3598 309 3600 309 3669 309 3600 309 3597 309 3669 309 3669 3566 3597 3566 3595 3566 3669 3567 3595 3567 3592 3567 3652 3568 3644 3568 3669 3568 3669 3569 3644 3569 3637 3569 3669 3570 3637 3570 3598 3570 3598 3571 3637 3571 3630 3571 3598 309 3630 309 3596 309 3596 3572 3630 3572 3622 3572 3596 3573 3622 3573 3619 3573 506 3574 497 3574 494 3574 494 3575 497 3575 496 3575 494 3576 496 3576 495 3576 516 3577 517 3577 515 3577 506 309 494 309 507 309 507 309 494 309 516 309 507 3578 516 3578 509 3578 509 309 516 309 515 309 509 3579 515 3579 511 3579 512 309 505 309 514 309 514 3580 505 3580 508 3580 514 309 508 309 515 309 515 3581 508 3581 510 3581 515 3582 510 3582 511 3582 506 309 503 309 497 309 497 3583 503 3583 501 3583 497 309 501 309 498 309 498 309 501 309 500 309 498 309 500 309 499 309 499 3584 500 3584 502 3584 512 309 513 309 505 309 505 309 513 309 499 309 505 309 499 309 504 309 504 309 499 309 502 309 2676 3585 2677 3585 2684 3585 2684 3586 2677 3586 2685 3586 2684 3587 2685 3587 2692 3587 2692 3588 2685 3588 2693 3588 2692 3589 2693 3589 2696 3589 2696 3590 2693 3590 2697 3590 3018 309 3017 309 3020 309 3020 309 3017 309 3019 309 2697 30 3019 30 2696 30 2696 30 3019 30 3017 30 63 401 654 401 73 401 73 401 654 401 658 401 659 30 655 30 586 30 586 30 655 30 584 30 586 3591 584 3591 560 3591 560 3592 584 3592 572 3592 560 3593 572 3593 468 3593 468 30 572 30 542 30 482 30 40 30 492 30 492 30 40 30 52 30 492 30 52 30 542 30 542 30 52 30 319 30 542 30 319 30 468 30 587 3594 586 3594 560 3594 587 3595 560 3595 561 3595 561 3596 560 3596 468 3596 561 3597 468 3597 469 3597 469 3598 468 3598 319 3598 469 3599 319 3599 320 3599 320 3600 319 3600 52 3600 320 3600 52 3600 53 3600 543 401 320 401 493 401 493 401 320 401 53 401 493 401 53 401 485 401 485 401 53 401 43 401 656 401 660 401 585 401 585 401 660 401 587 401 585 401 587 401 573 401 573 3601 587 3601 561 3601 573 401 561 401 543 401 543 3602 561 3602 469 3602 543 401 469 401 320 401 657 30 64 30 661 30 661 30 64 30 74 30 65 172 75 172 64 172 64 172 75 172 74 172 3018 401 3020 401 65 401 65 401 3020 401 75 401 3081 3603 3538 3603 3093 3603 3093 3604 3538 3604 3545 3604 3093 3605 3545 3605 3104 3605 3104 3606 3545 3606 3553 3606 3104 3607 3553 3607 3110 3607 3110 3608 3553 3608 3557 3608 3110 3609 3557 3609 3105 3609 3105 3610 3557 3610 3554 3610 3105 3611 3554 3611 3094 3611 3094 3612 3554 3612 3546 3612 3094 3613 3546 3613 3083 3613 3083 3614 3546 3614 3539 3614 3083 3615 3539 3615 3072 3615 3072 3616 3539 3616 3534 3616 3072 3617 3534 3617 3061 3617 3061 3617 3534 3617 3526 3617 3061 3618 3526 3618 3056 3618 3056 3619 3526 3619 3523 3619 3056 3620 3523 3620 3060 3620 3060 3621 3523 3621 3525 3621 3060 3622 3525 3622 3071 3622 3071 3622 3525 3622 3533 3622 3071 3623 3533 3623 3081 3623 3081 3624 3533 3624 3538 3624 3218 3603 3633 3603 3231 3603 3231 3625 3633 3625 3642 3625 3231 3626 3642 3626 3240 3626 3240 3627 3642 3627 3650 3627 3240 3628 3650 3628 3247 3628 3247 3629 3650 3629 3654 3629 3247 3610 3654 3610 3241 3610 3241 3609 3654 3609 3651 3609 3241 3630 3651 3630 3232 3630 3232 3631 3651 3631 3643 3631 3232 3632 3643 3632 3220 3632 3220 3614 3643 3614 3634 3614 3220 3615 3634 3615 3208 3615 3208 3633 3634 3633 3629 3633 3208 3634 3629 3634 3199 3634 3199 3635 3629 3635 3621 3635 3199 3619 3621 3619 3193 3619 3193 3618 3621 3618 3618 3618 3193 3636 3618 3636 3198 3636 3198 3637 3618 3637 3620 3637 3198 3638 3620 3638 3207 3638 3207 3639 3620 3639 3628 3639 3207 3640 3628 3640 3218 3640 3218 3624 3628 3624 3633 3624 3221 3641 3637 3641 3233 3641 3233 3642 3637 3642 3644 3642 3233 3605 3644 3605 3242 3605 3242 3605 3644 3605 3652 3605 3242 3608 3652 3608 3248 3608 3248 3629 3652 3629 3655 3629 3248 3643 3655 3643 3243 3643 3243 3609 3655 3609 3653 3609 3243 3612 3653 3612 3234 3612 3234 3612 3653 3612 3645 3612 3234 3644 3645 3644 3223 3644 3223 3645 3645 3645 3638 3645 3223 3646 3638 3646 3210 3646 3210 3647 3638 3647 3631 3647 3210 3617 3631 3617 3201 3617 3201 3648 3631 3648 3623 3648 3201 3649 3623 3649 3194 3649 3194 3618 3623 3618 3619 3618 3194 3621 3619 3621 3200 3621 3200 3637 3619 3637 3622 3637 3200 3650 3622 3650 3209 3650 3209 3622 3622 3622 3630 3622 3209 3651 3630 3651 3221 3651 3221 3652 3630 3652 3637 3652 3084 3641 3542 3641 3095 3641 3095 3653 3542 3653 3547 3653 3095 3627 3547 3627 3106 3627 3106 3654 3547 3654 3555 3654 3106 3629 3555 3629 3111 3629 3111 3608 3555 3608 3558 3608 3111 3655 3558 3655 3107 3655 3107 3610 3558 3610 3556 3610 3107 3656 3556 3656 3096 3656 3096 3630 3556 3630 3548 3630 3096 3657 3548 3657 3086 3657 3086 3645 3548 3645 3543 3645 3086 3646 3543 3646 3074 3646 3074 3658 3543 3658 3536 3658 3074 3659 3536 3659 3063 3659 3063 3634 3536 3634 3528 3634 3063 3660 3528 3660 3057 3660 3057 3619 3528 3619 3524 3619 3057 3637 3524 3637 3062 3637 3062 3621 3524 3621 3527 3621 3062 3639 3527 3639 3073 3639 3073 3661 3527 3661 3535 3661 3073 3662 3535 3662 3084 3662 3084 3652 3535 3652 3542 3652 3153 3663 3592 3663 3164 3663 3164 3664 3592 3664 3595 3664 3164 3665 3595 3665 3174 3665 3174 3666 3595 3666 3597 3666 3174 3667 3597 3667 3177 3667 3177 3668 3597 3668 3600 3668 3177 3669 3600 3669 3175 3669 3175 3670 3600 3670 3598 3670 3175 3671 3598 3671 3165 3671 3165 3672 3598 3672 3596 3672 3165 3673 3596 3673 3152 3673 3152 3674 3596 3674 3591 3674 3152 3675 3591 3675 3144 3675 3144 3676 3591 3676 3586 3676 3144 3677 3586 3677 3133 3677 3133 3677 3586 3677 3582 3677 3133 3678 3582 3678 3130 3678 3130 3679 3582 3679 3580 3679 3130 3680 3580 3680 3132 3680 3132 3681 3580 3681 3581 3681 3132 3682 3581 3682 3143 3682 3143 3682 3581 3682 3585 3682 3143 3683 3585 3683 3153 3683 3153 3684 3585 3684 3592 3684 3043 30 3513 30 3040 30 3040 30 3513 30 3506 30 3508 212 3042 212 3507 212 3507 212 3042 212 3041 212 3507 212 3041 212 3506 212 3506 212 3041 212 3040 212 3042 401 3508 401 3123 401 3123 401 3508 401 3569 401 3123 401 3569 401 3264 401 3264 401 3569 401 3670 401 3668 430 3262 430 3669 430 3669 430 3262 430 3263 430 3669 430 3263 430 3670 430 3670 430 3263 430 3264 430 3665 30 3261 30 3668 30 3668 30 3261 30 3262 30 2698 3685 2699 3685 2688 3685 2688 3685 2699 3685 2689 3685 2688 3686 2689 3686 2680 3686 2680 3687 2689 3687 2681 3687 2680 3688 2681 3688 2672 3688 2672 3689 2681 3689 2673 3689 3513 3690 3043 3690 3514 3690 3514 3690 3043 3690 3044 3690 3514 3691 3044 3691 3515 3691 3515 3692 3044 3692 3045 3692 3515 3693 3045 3693 3516 3693 3516 3693 3045 3693 3046 3693 3662 3694 3258 3694 3663 3694 3663 3694 3258 3694 3259 3694 3663 3695 3259 3695 3664 3695 3664 3696 3259 3696 3260 3696 3664 3697 3260 3697 3665 3697 3665 3697 3260 3697 3261 3697 119 3604 506 3604 121 3604 121 3698 506 3698 507 3698 121 3699 507 3699 123 3699 123 3700 507 3700 509 3700 123 3701 509 3701 125 3701 125 3702 509 3702 511 3702 125 3703 511 3703 124 3703 124 3669 511 3669 510 3669 124 3704 510 3704 122 3704 122 3705 510 3705 508 3705 122 3706 508 3706 118 3706 118 3645 508 3645 505 3645 118 3647 505 3647 116 3647 116 3707 505 3707 504 3707 116 3708 504 3708 114 3708 114 3709 504 3709 502 3709 114 3710 502 3710 112 3710 112 3710 502 3710 500 3710 112 3711 500 3711 113 3711 113 3711 500 3711 501 3711 113 3712 501 3712 115 3712 115 3713 501 3713 503 3713 115 3714 503 3714 119 3714 119 3624 503 3624 506 3624 516 430 136 430 517 430 517 430 136 430 137 430 494 30 102 30 516 30 516 30 102 30 136 30 495 212 103 212 494 212 494 212 103 212 102 212 2644 3715 2636 3715 70 3715 2642 3716 2676 3716 62 3716 2642 3717 62 3717 2628 3717 66 3718 2623 3718 62 3718 62 3719 2623 3719 2627 3719 62 3720 2627 3720 2628 3720 2636 3721 2630 3721 70 3721 70 3722 2630 3722 2629 3722 70 3723 2629 3723 66 3723 66 3724 2629 3724 2615 3724 66 3725 2615 3725 2623 3725 79 3726 2655 3726 70 3726 70 3727 2655 3727 2653 3727 70 3728 2653 3728 2644 3728 84 3729 2672 3729 2671 3729 2671 3730 2670 3730 84 3730 84 3731 2670 3731 2663 3731 84 3732 2663 3732 79 3732 79 3733 2663 3733 2658 3733 79 3734 2658 3734 2655 3734 3567 3735 3516 3735 3434 3735 3333 3736 3334 3736 3332 3736 3332 3737 3334 3737 3330 3737 3332 3738 3330 3738 3331 3738 3662 3739 3567 3739 3432 3739 3432 3740 3567 3740 3434 3740 3432 3741 3434 3741 3333 3741 3333 3742 3434 3742 3433 3742 3333 3743 3433 3743 3334 3743 3331 3744 3330 3744 3328 3744 3328 3745 3330 3745 3329 3745 3328 3746 3329 3746 3325 3746 3329 3747 3327 3747 3325 3747 3325 3748 3327 3748 3326 3748 3325 3749 3326 3749 3324 3749 3324 3750 3326 3750 3322 3750 3324 3751 3322 3751 3323 3751 3323 3752 3322 3752 3321 3752 3323 3753 3321 3753 3319 3753 3319 3754 3321 3754 3320 3754 3319 3755 3320 3755 3034 3755 3034 3756 3320 3756 3031 3756 3031 3757 3320 3757 3035 3757 3031 3758 3035 3758 3013 3758 3013 3759 3035 3759 3014 3759 3013 3760 3014 3760 3008 3760 3014 3761 3011 3761 3008 3761 3008 3762 3011 3762 3010 3762 3008 3763 3010 3763 2994 3763 2994 3764 3010 3764 2995 3764 2994 3765 2995 3765 2993 3765 2993 3766 2995 3766 2698 3766 2993 3767 2698 3767 2746 3767 499 3768 513 3768 544 3768 544 3769 513 3769 545 3769 544 3770 545 3770 574 3770 574 3771 545 3771 575 3771 574 3772 575 3772 588 3772 588 3773 575 3773 590 3773 534 3774 204 3774 532 3774 532 3775 204 3775 202 3775 532 3776 202 3776 530 3776 530 3777 202 3777 200 3777 530 3778 200 3778 528 3778 528 3778 200 3778 198 3778 525 3779 195 3779 529 3779 529 3779 195 3779 199 3779 529 3780 199 3780 531 3780 531 3781 199 3781 201 3781 531 3782 201 3782 533 3782 533 3783 201 3783 203 3783 664 172 662 172 665 172 665 172 662 172 663 172 2672 3784 2673 3784 2671 3784 2671 3785 2673 3785 2667 3785 2671 3786 2667 3786 2670 3786 2670 3787 2667 3787 2666 3787 2670 3788 2666 3788 2663 3788 2663 3789 2666 3789 2664 3789 2663 3790 2664 3790 2658 3790 2658 3791 2664 3791 2657 3791 2658 3792 2657 3792 2655 3792 2655 3793 2657 3793 2653 3793 2657 3794 2654 3794 2653 3794 2653 3795 2654 3795 2649 3795 2653 3796 2649 3796 2644 3796 2644 3797 2649 3797 2645 3797 2644 3798 2645 3798 2636 3798 2636 3799 2645 3799 2633 3799 2636 3800 2633 3800 2630 3800 2630 3801 2633 3801 2629 3801 2629 3802 2633 3802 2620 3802 2629 3803 2620 3803 2615 3803 2620 3804 2616 3804 2615 3804 2615 3805 2616 3805 2619 3805 2615 3806 2619 3806 2623 3806 2623 3807 2619 3807 2634 3807 2677 3808 2676 3808 2643 3808 2643 3809 2676 3809 2642 3809 2643 3810 2642 3810 2635 3810 2635 3811 2642 3811 2628 3811 2635 3812 2628 3812 2634 3812 2634 3813 2628 3813 2627 3813 2634 3814 2627 3814 2623 3814 659 430 586 430 587 430 690 430 2685 430 682 430 682 3815 2685 3815 2677 3815 682 430 2677 430 658 430 658 430 2677 430 72 430 658 430 72 430 73 430 2693 430 3020 430 2697 430 2697 430 3020 430 3019 430 684 3816 696 3816 660 3816 660 3817 696 3817 691 3817 660 430 691 430 587 430 587 3818 691 3818 683 3818 587 3819 683 3819 659 3819 684 3820 692 3820 696 3820 696 430 692 430 3020 430 696 430 3020 430 690 430 690 3821 3020 3821 2693 3821 690 3822 2693 3822 2685 3822 661 430 74 430 75 430 692 430 697 430 3020 430 3020 3823 697 3823 693 3823 3020 3824 693 3824 75 3824 75 3825 693 3825 685 3825 75 3826 685 3826 661 3826 63 172 73 172 62 172 62 172 73 172 72 172 62 172 72 172 66 172 66 172 72 172 76 172 66 172 76 172 70 172 70 172 76 172 82 172 99 172 98 172 85 172 85 172 98 172 84 172 85 172 84 172 82 172 82 172 84 172 79 172 82 172 79 172 70 172 3199 172 3193 172 3122 172 3122 3827 3193 3827 3121 3827 3263 3828 3247 3828 3241 3828 3241 3829 3232 3829 3263 3829 3263 3830 3232 3830 3220 3830 3263 172 3220 172 3122 172 3122 3831 3220 3831 3208 3831 3122 3832 3208 3832 3199 3832 3193 172 3198 172 3121 172 3121 3833 3198 3833 3207 3833 3121 172 3207 172 3258 172 3258 3834 3207 3834 3218 3834 3258 172 3218 172 3259 172 3247 172 3263 172 3240 172 3240 172 3263 172 3262 172 3240 172 3262 172 3231 172 3231 172 3262 172 3261 172 3231 172 3261 172 3218 172 3218 3835 3261 3835 3260 3835 3218 3836 3260 3836 3259 3836 3121 172 3046 172 3081 172 3072 172 3041 172 3083 172 3083 172 3041 172 3122 172 3083 172 3122 172 3094 172 3094 3837 3122 3837 3105 3837 3081 172 3093 172 3121 172 3121 3838 3093 3838 3104 3838 3121 3839 3104 3839 3122 3839 3122 3840 3104 3840 3110 3840 3122 3841 3110 3841 3105 3841 3072 3842 3061 3842 3041 3842 3041 3843 3061 3843 3056 3843 3041 3844 3056 3844 3040 3844 3040 3845 3056 3845 3060 3845 3040 172 3060 172 3043 172 3043 3846 3060 3846 3071 3846 3043 172 3071 172 3044 172 3044 3847 3071 3847 3081 3847 3044 3848 3081 3848 3045 3848 3045 172 3081 172 3046 172 3209 3849 3221 3849 3263 3849 3263 3850 3221 3850 3233 3850 3233 3851 3242 3851 3263 3851 3263 3852 3242 3852 3248 3852 3263 3853 3248 3853 3264 3853 3264 3854 3248 3854 3243 3854 3264 3855 3243 3855 3234 3855 3152 172 3123 172 3165 172 3165 172 3123 172 3264 172 3152 172 3144 172 3123 172 3123 3856 3144 3856 3133 3856 3123 3857 3133 3857 3122 3857 3122 3858 3133 3858 3130 3858 3122 3859 3130 3859 3132 3859 3174 172 3177 172 3194 172 3194 3860 3177 3860 3175 3860 3194 172 3175 172 3201 172 3201 3861 3175 3861 3165 3861 3201 172 3165 172 3210 172 3210 172 3165 172 3264 172 3210 3862 3264 3862 3223 3862 3223 3863 3264 3863 3234 3863 3194 172 3200 172 3174 172 3174 3864 3200 3864 3209 3864 3174 3865 3209 3865 3164 3865 3164 3866 3209 3866 3263 3866 3164 172 3263 172 3153 172 3153 172 3263 172 3122 172 3153 172 3122 172 3143 172 3143 172 3122 172 3132 172 3074 3867 3042 3867 3086 3867 3086 172 3042 172 3123 172 3086 3868 3123 3868 3096 3868 3074 172 3063 172 3042 172 3042 3869 3063 3869 3057 3869 3042 3870 3057 3870 3041 3870 3057 172 3062 172 3041 172 3041 3871 3062 3871 3073 3871 3041 172 3073 172 3122 172 3122 3872 3073 3872 3084 3872 3122 3873 3084 3873 3095 3873 3095 3874 3106 3874 3122 3874 3122 3875 3106 3875 3111 3875 3122 3876 3111 3876 3123 3876 3123 3877 3111 3877 3107 3877 3123 3878 3107 3878 3096 3878 3516 3879 3046 3879 3434 3879 3434 3880 3046 3880 3038 3880 3434 3881 3038 3881 3433 3881 3433 3882 3038 3882 3037 3882 3433 3883 3037 3883 3334 3883 3334 3884 3037 3884 3033 3884 3334 3885 3033 3885 3330 3885 3330 3886 3033 3886 3029 3886 3330 3887 3029 3887 3329 3887 3329 3888 3029 3888 3327 3888 3029 3889 3027 3889 3327 3889 3327 3890 3027 3890 3026 3890 3327 3891 3026 3891 3326 3891 3326 3892 3026 3892 3016 3892 3326 3893 3016 3893 3322 3893 3322 3894 3016 3894 3012 3894 3322 3895 3012 3895 3321 3895 3321 3896 3012 3896 3320 3896 3320 3897 3012 3897 3007 3897 3320 3898 3007 3898 3035 3898 2992 3899 3014 3899 2997 3899 2997 3900 3014 3900 3035 3900 2997 3901 3035 3901 3005 3901 3005 3902 3035 3902 3007 3902 2699 3903 2698 3903 2988 3903 2988 3904 2698 3904 2995 3904 2988 3905 2995 3905 2990 3905 2990 3906 2995 3906 3010 3906 2990 3907 3010 3907 2992 3907 2992 3908 3010 3908 3011 3908 2992 3909 3011 3909 3014 3909 2746 3910 2747 3910 2993 3910 2993 3911 2747 3911 2987 3911 2993 3912 2987 3912 2994 3912 2994 3913 2987 3913 2989 3913 2994 3914 2989 3914 3008 3914 3008 3915 2989 3915 2991 3915 3008 3916 2991 3916 3013 3916 3013 3917 2991 3917 3031 3917 3031 3918 2991 3918 2996 3918 3031 3919 2996 3919 3034 3919 2996 3920 3004 3920 3034 3920 3034 3921 3004 3921 3006 3921 3034 3922 3006 3922 3319 3922 3319 3923 3006 3923 3009 3923 3319 3924 3009 3924 3323 3924 3323 3925 3009 3925 3015 3925 3323 3926 3015 3926 3324 3926 3324 3927 3015 3927 3325 3927 3325 3928 3015 3928 3025 3928 3325 3929 3025 3929 3328 3929 3032 3930 3331 3930 3030 3930 3030 3931 3331 3931 3328 3931 3030 3932 3328 3932 3028 3932 3028 3933 3328 3933 3025 3933 3258 3934 3662 3934 3039 3934 3039 3935 3662 3935 3432 3935 3039 3936 3432 3936 3036 3936 3036 3937 3432 3937 3333 3937 3036 3938 3333 3938 3032 3938 3032 3939 3333 3939 3332 3939 3032 3940 3332 3940 3331 3940 668 172 666 172 669 172 669 172 666 172 667 172 122 172 118 172 133 172 137 172 136 172 135 172 135 172 136 172 102 172 103 172 104 172 102 172 102 172 104 172 105 172 133 172 118 172 107 172 123 172 125 172 132 172 132 172 125 172 133 172 133 172 125 172 124 172 133 172 124 172 122 172 132 172 134 172 123 172 123 172 134 172 135 172 123 172 135 172 121 172 121 172 135 172 102 172 121 172 102 172 119 172 119 172 102 172 105 172 119 172 105 172 115 172 118 172 116 172 107 172 107 172 116 172 114 172 107 172 114 172 106 172 106 172 114 172 112 172 106 172 112 172 105 172 105 172 112 172 113 172 105 172 113 172 115 172 531 309 533 309 540 309 541 309 534 309 540 309 540 3941 534 3941 532 3941 519 309 518 309 520 309 520 309 518 309 521 309 537 309 535 309 540 309 531 309 540 309 529 309 529 3942 540 3942 535 3942 529 309 535 309 525 309 525 3943 535 3943 526 3943 525 309 526 309 518 309 518 3944 526 3944 523 3944 518 309 523 309 521 309 520 309 522 309 519 309 519 309 522 309 524 309 519 309 524 309 528 309 528 3945 524 3945 527 3945 528 309 527 309 530 309 530 3946 527 3946 536 3946 530 309 536 309 532 309 532 3947 536 3947 538 3947 532 3948 538 3948 540 3948 540 3949 538 3949 539 3949 540 3950 539 3950 537 3950 2672 30 84 30 662 30 662 30 84 30 98 30 2688 30 2682 30 2698 30 2698 3951 2682 3951 2690 3951 2698 3952 2690 3952 2746 3952 2672 30 662 30 2680 30 2680 3953 662 3953 664 3953 2680 30 664 30 2688 30 2688 30 664 30 2674 30 2688 3954 2674 3954 2682 3954 140 30 154 30 668 30 668 30 154 30 2674 30 668 30 2674 30 666 30 666 30 2674 30 664 30 666 30 664 30 590 30 590 30 664 30 588 30 196 437 526 437 205 437 205 437 526 437 535 437 205 3955 535 3955 207 3955 207 3956 535 3956 537 3956 207 3464 537 3464 209 3464 209 3464 537 3464 539 3464 209 3465 539 3465 208 3465 208 3465 539 3465 538 3465 208 3957 538 3957 206 3957 206 3958 538 3958 536 3958 206 3469 536 3469 197 3469 197 3469 536 3469 527 3469 197 3471 527 3471 194 3471 194 3471 527 3471 524 3471 194 3959 524 3959 192 3959 192 3960 524 3960 522 3960 192 3474 522 3474 188 3474 188 3474 522 3474 520 3474 188 3475 520 3475 191 3475 191 3475 520 3475 521 3475 191 3961 521 3961 193 3961 193 3962 521 3962 523 3962 193 3478 523 3478 196 3478 196 3478 523 3478 526 3478 541 401 217 401 534 401 534 401 217 401 204 401 540 430 216 430 541 430 541 430 216 430 217 430 533 30 203 30 540 30 540 30 203 30 216 30 2674 3963 2675 3963 2682 3963 2682 3964 2675 3964 2683 3964 2682 3965 2683 3965 2690 3965 2690 3966 2683 3966 2691 3966 2690 3967 2691 3967 2746 3967 2746 3967 2691 3967 2747 3967 544 212 321 212 499 212 499 212 321 212 107 212 499 212 107 212 498 212 498 212 107 212 106 212 664 212 665 212 588 212 588 212 665 212 589 212 588 212 589 212 574 212 574 212 589 212 562 212 574 212 562 212 544 212 544 212 562 212 470 212 544 212 470 212 321 212 662 430 98 430 663 430 663 430 98 430 99 430 2667 3968 2673 3968 85 3968 2667 3969 85 3969 2666 3969 2620 3970 2633 3970 82 3970 82 3971 2633 3971 2645 3971 82 3972 2645 3972 2649 3972 2649 3973 2654 3973 82 3973 82 3974 2654 3974 2657 3974 82 3975 2657 3975 85 3975 85 3976 2657 3976 2664 3976 85 3977 2664 3977 2666 3977 2635 3978 76 3978 2643 3978 2643 3979 76 3979 72 3979 2643 3980 72 3980 2677 3980 2635 3981 2634 3981 76 3981 76 3982 2634 3982 2619 3982 76 3983 2619 3983 82 3983 82 3984 2619 3984 2616 3984 82 3985 2616 3985 2620 3985 2987 3986 2747 3986 2699 3986 2997 3987 2991 3987 2992 3987 2992 3988 2991 3988 2989 3988 2992 3989 2989 3989 2990 3989 2990 3990 2989 3990 2987 3990 2990 3991 2987 3991 2988 3991 2988 3992 2987 3992 2699 3992 3006 3993 2997 3993 3009 3993 3009 3994 2997 3994 3005 3994 3006 3995 3004 3995 2997 3995 2997 3996 3004 3996 2996 3996 2997 3997 2996 3997 2991 3997 3005 3998 3007 3998 3009 3998 3009 3999 3007 3999 3012 3999 3009 4000 3012 4000 3015 4000 3015 4001 3012 4001 3016 4001 3015 4002 3016 4002 3025 4002 3025 4003 3016 4003 3026 4003 3025 4004 3026 4004 3028 4004 3028 4005 3026 4005 3027 4005 3028 4006 3027 4006 3030 4006 3030 4007 3027 4007 3029 4007 3030 4008 3029 4008 3032 4008 3032 4009 3029 4009 3033 4009 3032 4010 3033 4010 3036 4010 3036 4011 3033 4011 3037 4011 3046 4012 3121 4012 3038 4012 3038 4013 3121 4013 3258 4013 3038 4014 3258 4014 3037 4014 3037 4015 3258 4015 3039 4015 3037 4016 3039 4016 3036 4016 667 430 666 430 591 430 591 430 666 430 590 430 591 430 590 430 563 430 563 430 590 430 575 430 563 430 575 430 471 430 471 4017 575 4017 545 4017 512 430 132 430 513 430 513 430 132 430 133 430 513 430 133 430 545 430 545 4018 133 4018 322 4018 545 430 322 430 471 430 589 4019 591 4019 563 4019 589 4020 563 4020 562 4020 562 4021 563 4021 471 4021 562 4022 471 4022 470 4022 470 4023 471 4023 322 4023 470 4024 322 4024 321 4024 321 4025 322 4025 133 4025 321 4026 133 4026 107 4026 140 212 668 212 141 212 141 212 668 212 669 212 518 4027 519 4027 546 4027 546 4028 519 4028 547 4028 546 4029 547 4029 576 4029 576 4029 547 4029 577 4029 576 4030 577 4030 594 4030 594 4030 577 4030 595 4030 2625 4031 2637 4031 167 4031 160 4032 2659 4032 154 4032 154 4033 2659 4033 2661 4033 2661 4034 2662 4034 154 4034 154 4035 2662 4035 2669 4035 154 4036 2669 4036 2674 4036 2637 4037 2639 4037 167 4037 167 4038 2639 4038 2641 4038 167 4039 2641 4039 160 4039 160 4040 2641 4040 2652 4040 160 4041 2652 4041 2659 4041 2632 4042 2626 4042 173 4042 173 4043 2626 4043 2614 4043 173 4044 2614 4044 167 4044 167 4045 2614 4045 2617 4045 167 4046 2617 4046 2625 4046 174 4047 2679 4047 2647 4047 174 4048 2647 4048 173 4048 173 4049 2647 4049 2646 4049 173 4050 2646 4050 2632 4050 677 172 676 172 673 172 673 172 676 172 672 172 208 172 206 172 202 172 204 172 217 172 202 172 202 172 217 172 216 172 202 172 216 172 208 172 194 172 185 172 197 172 197 172 185 172 198 172 197 172 198 172 206 172 206 172 198 172 200 172 206 172 200 172 202 172 194 4051 192 4051 185 4051 185 4052 192 4052 188 4052 185 172 188 172 184 172 205 4053 207 4053 216 4053 216 4054 207 4054 209 4054 216 4055 209 4055 208 4055 188 172 191 172 184 172 184 4056 191 4056 193 4056 184 172 193 172 195 172 195 4057 193 4057 196 4057 195 172 196 172 199 172 199 4058 196 4058 205 4058 199 172 205 172 201 172 201 172 205 172 216 172 201 172 216 172 203 172 675 172 674 172 671 172 671 172 674 172 670 172 2679 4059 2678 4059 2647 4059 2647 4060 2678 4060 2650 4060 2647 4061 2650 4061 2646 4061 2646 4062 2650 4062 2638 4062 2646 4063 2638 4063 2632 4063 2632 4064 2638 4064 2631 4064 2632 4065 2631 4065 2626 4065 2626 4066 2631 4066 2622 4066 2626 4067 2622 4067 2614 4067 2614 4068 2622 4068 2617 4068 2622 4069 2621 4069 2617 4069 2617 4070 2621 4070 2618 4070 2617 4071 2618 4071 2625 4071 2625 4072 2618 4072 2624 4072 2625 4073 2624 4073 2637 4073 2637 4074 2624 4074 2640 4074 2637 4075 2640 4075 2639 4075 2639 4076 2640 4076 2641 4076 2641 4077 2640 4077 2648 4077 2641 4078 2648 4078 2652 4078 2648 4079 2651 4079 2652 4079 2652 4080 2651 4080 2656 4080 2652 4081 2656 4081 2659 4081 2659 4082 2656 4082 2660 4082 2675 4083 2674 4083 2668 4083 2668 4084 2674 4084 2669 4084 2668 4085 2669 4085 2665 4085 2665 4086 2669 4086 2662 4086 2665 4087 2662 4087 2660 4087 2660 4088 2662 4088 2661 4088 2660 4089 2661 4089 2659 4089 155 401 141 401 669 401 667 4090 2683 4090 669 4090 669 4091 2683 4091 2675 4091 669 401 2675 401 155 401 591 401 589 401 667 401 667 401 589 401 665 401 2689 4092 2699 4092 2747 4092 99 401 85 401 663 401 663 401 85 401 2673 401 2747 401 2691 401 2689 401 2689 4093 2691 4093 2683 4093 2689 4094 2683 4094 2681 4094 2681 4095 2683 4095 667 4095 2681 401 667 401 2673 401 2673 4096 667 4096 665 4096 2673 4097 665 4097 663 4097 2749 4098 2748 4098 2695 4098 2695 4099 2748 4099 2694 4099 2695 3587 2694 3587 2687 3587 2687 3588 2694 3588 2686 3588 2687 3586 2686 3586 2679 3586 2679 3585 2686 3585 2678 3585 174 430 175 430 674 430 3023 430 2749 430 3024 430 3024 4100 2749 4100 2695 4100 3024 4101 2695 4101 675 4101 675 4102 2695 4102 2687 4102 675 430 2687 430 674 430 674 4103 2687 4103 2679 4103 674 430 2679 430 174 430 176 430 177 430 677 430 677 430 177 430 3024 430 677 430 3024 430 676 430 676 430 3024 430 675 430 676 430 675 430 595 430 595 430 675 430 594 430 3023 309 3024 309 3021 309 3021 309 3024 309 3022 309 165 401 3022 401 177 401 177 401 3022 401 3024 401 176 172 164 172 177 172 177 172 164 172 165 172 176 30 677 30 164 30 164 30 677 30 673 30 672 401 676 401 593 401 593 401 676 401 595 401 593 4104 595 4104 565 4104 565 4105 595 4105 577 4105 565 4106 577 4106 473 4106 473 401 577 401 547 401 528 401 198 401 519 401 519 401 198 401 185 401 519 401 185 401 547 401 547 401 185 401 324 401 547 401 324 401 473 401 592 4107 593 4107 565 4107 592 4108 565 4108 564 4108 564 4109 565 4109 473 4109 564 4110 473 4110 472 4110 472 4111 473 4111 324 4111 472 4112 324 4112 323 4112 323 4113 324 4113 185 4113 323 4113 185 4113 184 4113 546 30 323 30 518 30 518 30 323 30 184 30 518 30 184 30 525 30 525 30 184 30 195 30 675 30 671 30 594 30 594 30 671 30 592 30 594 30 592 30 576 30 576 4114 592 4114 564 4114 576 30 564 30 546 30 546 4115 564 4115 472 4115 546 30 472 30 323 30 674 401 175 401 670 401 670 401 175 401 163 401 157 172 160 172 155 172 155 172 160 172 154 172 155 172 154 172 141 172 141 172 154 172 140 172 163 172 175 172 162 172 162 172 175 172 174 172 162 172 174 172 161 172 161 172 174 172 173 172 161 172 173 172 157 172 157 172 173 172 167 172 157 172 167 172 160 172 2678 4116 162 4116 2650 4116 2650 4117 162 4117 2638 4117 2651 4118 2648 4118 157 4118 2618 4119 161 4119 2624 4119 2624 4120 161 4120 157 4120 2624 4121 157 4121 2640 4121 2640 4122 157 4122 2648 4122 2618 4123 2621 4123 161 4123 161 4124 2621 4124 2622 4124 161 4125 2622 4125 162 4125 162 4126 2622 4126 2631 4126 162 4127 2631 4127 2638 4127 155 4128 2675 4128 2668 4128 2668 4129 2665 4129 155 4129 155 4130 2665 4130 2660 4130 155 4131 2660 4131 157 4131 157 4132 2660 4132 2656 4132 157 4133 2656 4133 2651 4133 3023 30 3021 30 2749 30 2749 30 3021 30 2748 30 3022 4134 165 4134 673 4134 673 212 165 212 164 212 2748 212 3021 212 3022 212 672 212 2678 212 673 212 673 4135 2678 4135 2686 4135 673 4136 2686 4136 3022 4136 3022 4137 2686 4137 2694 4137 3022 4138 2694 4138 2748 4138 163 212 162 212 670 212 670 212 162 212 2678 212 670 212 2678 212 671 212 671 212 2678 212 672 212 671 212 672 212 592 212 592 212 672 212 593 212 5795 4139 6384 4139 5791 4139 5791 4140 6384 4140 6365 4140 5791 4141 6365 4141 5787 4141 5787 4142 6365 4142 6343 4142 5787 4143 6343 4143 5783 4143 5783 4144 6343 4144 6321 4144 5783 4145 6321 4145 5779 4145 5779 4146 6321 4146 6304 4146 5779 4147 6304 4147 5775 4147 5775 4148 6304 4148 6291 4148 5775 4149 6291 4149 5778 4149 5778 4150 6291 4150 6303 4150 5778 4151 6303 4151 5782 4151 5782 4152 6303 4152 6320 4152 5782 4153 6320 4153 5786 4153 5786 4154 6320 4154 6342 4154 5786 4155 6342 4155 5790 4155 5790 4156 6342 4156 6364 4156 5790 4157 6364 4157 5794 4157 5794 4158 6364 4158 6383 4158 5794 4159 6383 4159 5797 4159 5797 4160 6383 4160 6395 4160 5797 4161 6395 4161 5795 4161 5795 4162 6395 4162 6384 4162 5793 4163 6382 4163 5789 4163 5789 4164 6382 4164 6363 4164 5789 4165 6363 4165 5785 4165 5785 4166 6363 4166 6341 4166 5785 4167 6341 4167 5781 4167 5781 4168 6341 4168 6319 4168 5781 4169 6319 4169 5777 4169 5777 4170 6319 4170 6302 4170 5777 4171 6302 4171 5774 4171 5774 4148 6302 4148 6290 4148 5774 4172 6290 4172 5776 4172 5776 4173 6290 4173 6301 4173 5776 4174 6301 4174 5780 4174 5780 4175 6301 4175 6318 4175 5780 4176 6318 4176 5784 4176 5784 4177 6318 4177 6340 4177 5784 4178 6340 4178 5788 4178 5788 4179 6340 4179 6362 4179 5788 4180 6362 4180 5792 4180 5792 4181 6362 4181 6381 4181 5792 4182 6381 4182 5796 4182 5796 4183 6381 4183 6394 4183 5796 4184 6394 4184 5793 4184 5793 4185 6394 4185 6382 4185 5817 4163 6528 4163 5813 4163 5813 4186 6528 4186 6510 4186 5813 4187 6510 4187 5809 4187 5809 4166 6510 4166 6486 4166 5809 4188 6486 4188 5805 4188 5805 4168 6486 4168 6464 4168 5805 4189 6464 4189 5801 4189 5801 4190 6464 4190 6446 4190 5801 4191 6446 4191 5798 4191 5798 4192 6446 4192 6435 4192 5798 4193 6435 4193 5800 4193 5800 4194 6435 4194 6445 4194 5800 4195 6445 4195 5804 4195 5804 4196 6445 4196 6463 4196 5804 4197 6463 4197 5808 4197 5808 4198 6463 4198 6485 4198 5808 4199 6485 4199 5812 4199 5812 4179 6485 4179 6509 4179 5812 4200 6509 4200 5816 4200 5816 4201 6509 4201 6527 4201 5816 4202 6527 4202 5820 4202 5820 4203 6527 4203 6539 4203 5820 4204 6539 4204 5817 4204 5817 4205 6539 4205 6528 4205 5819 4206 6530 4206 5815 4206 5815 4207 6530 4207 6512 4207 5815 4141 6512 4141 5811 4141 5811 4142 6512 4142 6488 4142 5811 4208 6488 4208 5807 4208 5807 4144 6488 4144 6466 4144 5807 4209 6466 4209 5803 4209 5803 4210 6466 4210 6448 4210 5803 4211 6448 4211 5799 4211 5799 4212 6448 4212 6436 4212 5799 4213 6436 4213 5802 4213 5802 4214 6436 4214 6447 4214 5802 4151 6447 4151 5806 4151 5806 4215 6447 4215 6465 4215 5806 4216 6465 4216 5810 4216 5810 4217 6465 4217 6487 4217 5810 4218 6487 4218 5814 4218 5814 4156 6487 4156 6511 4156 5814 4219 6511 4219 5818 4219 5818 4220 6511 4220 6529 4220 5818 4221 6529 4221 5821 4221 5821 4203 6529 4203 6540 4203 5821 4222 6540 4222 5819 4222 5819 4223 6540 4223 6530 4223 6262 4224 4166 4224 6264 4224 6264 4225 4166 4225 4169 4225 6264 4226 4169 4226 6266 4226 6266 4227 4169 4227 4171 4227 6266 4228 4171 4228 6268 4228 6268 4229 4171 4229 4173 4229 6268 4230 4173 4230 6270 4230 6270 4231 4173 4231 4175 4231 6270 4232 4175 4232 6272 4232 6272 4233 4175 4233 4177 4233 6272 4234 4177 4234 6273 4234 6273 4235 4177 4235 4179 4235 6273 4236 4179 4236 6271 4236 6271 4237 4179 4237 4176 4237 6271 4238 4176 4238 6269 4238 6269 4239 4176 4239 4174 4239 6269 4240 4174 4240 6267 4240 6267 4241 4174 4241 4172 4241 6267 4242 4172 4242 6265 4242 6265 4243 4172 4243 4170 4243 6265 4244 4170 4244 6263 4244 6263 4245 4170 4245 4168 4245 6263 4246 4168 4246 6262 4246 6262 4247 4168 4247 4166 4247 6555 4248 4180 4248 6557 4248 6557 4249 4180 4249 4183 4249 6557 4227 4183 4227 6559 4227 6559 4250 4183 4250 4185 4250 6559 4228 4185 4228 6563 4228 6563 4229 4185 4229 4187 4229 6563 4230 4187 4230 6565 4230 6565 4231 4187 4231 4189 4231 6565 4233 4189 4233 6567 4233 6567 4251 4189 4251 4191 4251 6567 4252 4191 4252 6568 4252 6568 4253 4191 4253 4193 4253 6568 4254 4193 4254 6566 4254 6566 4255 4193 4255 4190 4255 6566 4256 4190 4256 6564 4256 6564 4238 4190 4238 4188 4238 6564 4240 4188 4240 6562 4240 6562 4241 4188 4241 4186 4241 6562 4242 4186 4242 6558 4242 6558 4243 4186 4243 4184 4243 6558 4257 4184 4257 6556 4257 6556 4244 4184 4244 4182 4244 6556 4258 4182 4258 6555 4258 6555 4259 4182 4259 4180 4259 6567 309 6568 309 6574 309 6420 309 6418 309 6429 309 6424 309 6426 309 6427 309 6541 4260 6543 4260 6544 4260 6583 309 6582 309 6574 309 6583 309 6574 309 6581 309 6560 309 6569 309 6545 309 6545 4261 6569 4261 6571 4261 6545 309 6571 309 6572 309 6572 309 6571 309 6577 309 6572 309 6577 309 6579 309 6543 4262 6550 4262 6544 4262 6544 309 6550 309 6552 309 6544 309 6552 309 6545 309 6545 4263 6552 4263 6553 4263 6545 309 6553 309 6560 309 6426 309 6433 309 6427 309 6427 4264 6433 4264 6495 4264 6427 4265 6495 4265 6541 4265 6374 309 6396 309 6399 309 6399 4266 6396 4266 6398 4266 6399 4267 6398 4267 6410 4267 6279 309 6286 309 6399 309 6399 309 6286 309 6288 309 6399 4268 6288 4268 6374 4268 6260 4269 6281 4269 6258 4269 6258 309 6281 309 6256 309 6278 309 6280 309 6276 309 6276 309 6280 309 6281 309 6276 309 6281 309 6274 309 6274 4270 6281 4270 6260 4270 6256 309 6281 309 6252 309 6252 309 6281 309 6282 309 6252 309 6282 309 6253 309 6268 309 6270 309 6283 309 6271 309 6282 309 6273 309 6273 309 6282 309 6283 309 6273 309 6283 309 6272 309 6272 309 6283 309 6270 309 6271 309 6269 309 6282 309 6282 4271 6269 4271 6267 4271 6282 309 6267 309 6253 309 6253 4272 6267 4272 6265 4272 6265 309 6263 309 6253 309 6253 4273 6263 4273 6262 4273 6253 309 6262 309 6254 309 6254 4273 6262 4273 6264 4273 6254 309 6264 309 6266 309 6266 309 6268 309 6254 309 6254 309 6268 309 6283 309 6254 309 6283 309 6255 309 6255 309 6283 309 6284 309 6255 309 6284 309 6257 309 6275 309 6284 309 6277 309 6277 309 6284 309 6285 309 6275 4270 6261 4270 6284 4270 6284 4274 6261 4274 6259 4274 6284 309 6259 309 6257 309 6383 309 6364 309 6403 309 6403 309 6364 309 6342 309 6284 309 6342 309 6320 309 6375 4275 6343 4275 6397 4275 6397 4276 6343 4276 6365 4276 6397 309 6365 309 6404 309 6404 4277 6365 4277 6384 4277 6404 4278 6384 4278 6403 4278 6403 309 6384 309 6395 309 6403 309 6395 309 6383 309 6320 309 6303 309 6284 309 6284 309 6303 309 6291 309 6284 309 6291 309 6285 309 6291 309 6304 309 6285 309 6285 4279 6304 4279 6321 4279 6285 309 6321 309 6287 309 6287 4280 6321 4280 6343 4280 6287 4281 6343 4281 6289 4281 6289 309 6343 309 6375 309 6432 309 6425 309 6431 309 6431 4282 6425 4282 6411 4282 6548 309 6540 309 6529 309 6529 309 6511 309 6548 309 6548 309 6511 309 6487 309 6548 309 6487 309 6431 309 6431 309 6487 309 6465 309 6432 309 6466 309 6434 309 6434 4283 6466 4283 6488 4283 6540 309 6548 309 6530 309 6530 309 6548 309 6549 309 6530 4284 6549 4284 6512 4284 6512 309 6549 309 6542 309 6512 309 6542 309 6488 309 6488 4285 6542 4285 6496 4285 6488 4286 6496 4286 6434 4286 6465 309 6447 309 6431 309 6431 309 6447 309 6436 309 6431 4287 6436 4287 6432 4287 6432 309 6436 309 6448 309 6432 4288 6448 4288 6466 4288 6561 309 6554 309 6548 309 6548 4289 6554 4289 6551 4289 6548 4290 6551 4290 6549 4290 6580 309 6578 309 6575 309 6575 309 6578 309 6576 309 6575 309 6576 309 6548 309 6548 4261 6576 4261 6570 4261 6548 309 6570 309 6561 309 6417 309 6419 309 6430 309 6430 309 6419 309 6421 309 6420 4291 6429 4291 6423 4291 6414 309 6431 309 6403 309 6403 309 6431 309 6411 309 6403 4292 6411 4292 6404 4292 6405 4293 6407 4293 6402 4293 6402 309 6407 309 6409 309 6402 309 6409 309 6403 309 6403 4294 6409 4294 6413 4294 6403 4295 6413 4295 6414 4295 6405 309 6402 309 6406 309 6406 309 6402 309 6401 309 6406 309 6401 309 6408 309 6418 309 6416 309 6428 309 6428 4296 6416 4296 6415 4296 6408 309 6401 309 6412 309 6412 309 6401 309 6400 309 6412 309 6400 309 6415 309 6362 309 6340 309 6399 309 6399 309 6340 309 6280 309 6399 309 6280 309 6279 309 6279 309 6280 309 6278 309 6363 309 6382 309 6400 309 6400 309 6382 309 6394 309 6400 4297 6394 4297 6399 4297 6399 309 6394 309 6381 309 6399 4298 6381 4298 6362 4298 6290 309 6281 309 6301 309 6301 309 6281 309 6280 309 6301 309 6280 309 6318 309 6318 309 6280 309 6340 309 6290 309 6302 309 6281 309 6281 4299 6302 4299 6319 4299 6281 309 6319 309 6341 309 6415 309 6400 309 6428 309 6428 309 6400 309 6399 309 6428 309 6399 309 6427 309 6427 309 6399 309 6410 309 6427 4300 6410 4300 6424 4300 6541 309 6544 309 6427 309 6427 309 6544 309 6509 309 6427 4301 6509 4301 6485 4301 6485 309 6463 309 6427 309 6427 4302 6463 4302 6445 4302 6427 4303 6445 4303 6428 4303 6428 309 6445 309 6435 309 6428 309 6435 309 6446 309 6510 309 6545 309 6486 309 6486 309 6545 309 6428 309 6486 309 6428 309 6464 309 6464 309 6428 309 6446 309 6510 309 6528 309 6545 309 6545 309 6528 309 6539 309 6545 4304 6539 4304 6544 4304 6544 309 6539 309 6527 309 6544 4305 6527 4305 6509 4305 6579 309 6581 309 6572 309 6572 309 6581 309 6573 309 6572 309 6573 309 6545 309 6545 309 6573 309 6546 309 6545 309 6546 309 6428 309 6421 4291 6423 4291 6430 4291 6430 309 6423 309 6429 309 6430 309 6429 309 6547 309 6581 309 6574 309 6573 309 6573 309 6574 309 6568 309 6573 4306 6568 4306 6566 4306 6557 309 6559 309 6547 309 6547 4307 6559 4307 6563 4307 6547 309 6563 309 6574 309 6574 4308 6563 4308 6565 4308 6574 309 6565 309 6567 309 6556 309 6555 309 6546 309 6566 309 6564 309 6573 309 6573 4308 6564 4308 6562 4308 6573 309 6562 309 6546 309 6546 4307 6562 4307 6558 4307 6546 309 6558 309 6556 309 6418 309 6428 309 6429 309 6429 309 6428 309 6546 309 6429 309 6546 309 6547 309 6547 309 6546 309 6555 309 6547 4309 6555 4309 6557 4309 6342 309 6284 309 6403 309 6403 309 6284 309 6283 309 6403 309 6283 309 6402 309 6402 309 6283 309 6282 309 6402 309 6282 309 6401 309 6401 309 6282 309 6281 309 6401 309 6281 309 6400 309 6400 309 6281 309 6341 309 6400 309 6341 309 6363 309 6582 309 6580 309 6574 309 6574 309 6580 309 6575 309 6574 309 6575 309 6547 309 6547 309 6575 309 6548 309 6547 309 6548 309 6430 309 6430 309 6548 309 6431 309 6430 309 6431 309 6417 309 6417 309 6431 309 6414 309 3564 4310 5797 4310 3562 4310 3562 4311 5797 4311 5795 4311 3562 4312 5795 4312 3552 4312 3552 4312 5795 4312 5791 4312 3552 4313 5791 4313 3544 4313 3544 4314 5791 4314 5787 4314 3544 4315 5787 4315 3532 4315 3532 4316 5787 4316 5783 4316 3532 3617 5783 3617 3522 3617 3522 3617 5783 3617 5779 3617 3522 4317 5779 4317 3518 4317 3518 4318 5779 4318 5775 4318 3518 4319 5775 4319 3521 4319 3521 4320 5775 4320 5778 4320 3521 4321 5778 4321 3531 4321 3531 4321 5778 4321 5782 4321 3531 4322 5782 4322 3541 4322 3541 4323 5782 4323 5786 4323 3541 4324 5786 4324 3551 4324 3551 4325 5786 4325 5790 4325 3551 3605 5790 3605 3561 3605 3561 3605 5790 3605 5794 3605 3561 4326 5794 4326 3564 4326 3564 4327 5794 4327 5797 4327 3563 4310 5796 4310 3560 4310 3560 4311 5796 4311 5793 4311 3560 3612 5793 3612 3550 3612 3550 3612 5793 3612 5789 3612 3550 4328 5789 4328 3540 4328 3540 4314 5789 4314 5785 4314 3540 4329 5785 4329 3530 4329 3530 4316 5785 4316 5781 4316 3530 4330 5781 4330 3520 4330 3520 4330 5781 4330 5777 4330 3520 4317 5777 4317 3517 4317 3517 4318 5777 4318 5774 4318 3517 4319 5774 4319 3519 4319 3519 4320 5774 4320 5776 4320 3519 3622 5776 3622 3529 3622 3529 3622 5776 3622 5780 3622 3529 4331 5780 4331 3537 4331 3537 4323 5780 4323 5784 4323 3537 4332 5784 4332 3549 4332 3549 4325 5784 4325 5788 4325 3549 4333 5788 4333 3559 4333 3559 4333 5788 4333 5792 4333 3559 4326 5792 4326 3563 4326 3563 4327 5792 4327 5796 4327 3660 4310 5820 4310 3657 4310 3657 4311 5820 4311 5817 4311 3657 4334 5817 4334 3647 4334 3647 4334 5817 4334 5813 4334 3647 4335 5813 4335 3635 4335 3635 4336 5813 4336 5809 4336 3635 4337 5809 4337 3625 4337 3625 4338 5809 4338 5805 4338 3625 3617 5805 3617 3615 3617 3615 3617 5805 3617 5801 3617 3615 4317 5801 4317 3612 4317 3612 4318 5801 4318 5798 4318 3612 4319 5798 4319 3614 4319 3614 4320 5798 4320 5800 4320 3614 4339 5800 4339 3624 4339 3624 4339 5800 4339 5804 4339 3624 4340 5804 4340 3632 4340 3632 4341 5804 4341 5808 4341 3632 4342 5808 4342 3646 4342 3646 4343 5808 4343 5812 4343 3646 3605 5812 3605 3656 3605 3656 3605 5812 3605 5816 3605 3656 4326 5816 4326 3660 4326 3660 4327 5816 4327 5820 4327 3661 4310 5821 4310 3659 4310 3659 4311 5821 4311 5819 4311 3659 3612 5819 3612 3649 3612 3649 3612 5819 3612 5815 3612 3649 4344 5815 4344 3639 4344 3639 4336 5815 4336 5811 4336 3639 4345 5811 4345 3627 4345 3627 4338 5811 4338 5807 4338 3627 4346 5807 4346 3617 4346 3617 4346 5807 4346 5803 4346 3617 4317 5803 4317 3613 4317 3613 4318 5803 4318 5799 4318 3613 4319 5799 4319 3616 4319 3616 4320 5799 4320 5802 4320 3616 3622 5802 3622 3626 3622 3626 3622 5802 3622 5806 3622 3626 4347 5806 4347 3636 4347 3636 4341 5806 4341 5810 4341 3636 4348 5810 4348 3648 4348 3648 4343 5810 4343 5814 4343 3648 4349 5814 4349 3658 4349 3658 4349 5814 4349 5818 4349 3658 4326 5818 4326 3661 4326 3661 4327 5818 4327 5821 4327 4169 4350 3448 4350 4171 4350 4171 4351 3448 4351 3456 4351 4171 4352 3456 4352 4173 4352 4173 4353 3456 4353 3469 4353 4173 4354 3469 4354 4175 4354 4175 4355 3469 4355 3480 4355 4175 4356 3480 4356 4177 4356 4177 4357 3480 4357 3490 4357 4177 4358 3490 4358 4178 4358 4178 4359 3490 4359 3494 4359 4178 4360 3494 4360 4176 4360 4176 4361 3494 4361 3489 4361 4176 4362 3489 4362 4174 4362 4174 4363 3489 4363 3479 4363 4174 4364 3479 4364 4172 4364 4172 4365 3479 4365 3468 4365 4172 4366 3468 4366 4170 4366 4170 4367 3468 4367 3455 4367 4170 4368 3455 4368 4168 4368 4168 4369 3455 4369 3447 4369 4168 4370 3447 4370 4167 4370 4167 4371 3447 4371 3443 4371 4167 4372 3443 4372 4169 4372 4169 4373 3443 4373 3448 4373 4183 4374 3688 4374 4185 4374 4185 4375 3688 4375 3697 4375 4185 4352 3697 4352 4187 4352 4187 4376 3697 4376 3709 4376 4187 4377 3709 4377 4189 4377 4189 4355 3709 4355 3719 4355 4189 4378 3719 4378 4191 4378 4191 4379 3719 4379 3728 4379 4191 4380 3728 4380 4192 4380 4192 4381 3728 4381 3732 4381 4192 4382 3732 4382 4190 4382 4190 4383 3732 4383 3727 4383 4190 4384 3727 4384 4188 4384 4188 4385 3727 4385 3718 4385 4188 4364 3718 4364 4186 4364 4186 4386 3718 4386 3708 4386 4186 4366 3708 4366 4184 4366 4184 4387 3708 4387 3696 4387 4184 4388 3696 4388 4182 4388 4182 4389 3696 4389 3687 4389 4182 4390 3687 4390 4181 4390 4181 4391 3687 4391 3683 4391 4181 4392 3683 4392 4183 4392 4183 4393 3683 4393 3688 4393 6577 4394 6571 4394 3736 4394 3736 4395 6571 4395 3734 4395 3736 4396 3742 4396 6577 4396 6577 4397 3742 4397 3744 4397 6577 4398 3744 4398 6579 4398 6579 4399 3744 4399 3746 4399 6579 4400 3746 4400 6581 4400 6571 4401 6569 4401 3734 4401 3734 4402 6569 4402 6560 4402 3734 4403 6560 4403 3704 4403 3704 4404 6560 4404 6553 4404 3704 4405 6553 4405 3681 4405 3681 4406 6553 4406 3680 4406 3680 4407 6553 4407 6552 4407 3680 4408 6552 4408 3678 4408 3678 4409 6552 4409 6550 4409 3678 4410 6550 4410 3671 4410 3671 4411 6550 4411 6543 4411 3671 4412 6543 4412 3666 4412 6543 4413 6541 4413 3666 4413 3666 4414 6541 4414 6495 4414 3666 4414 6495 4414 3640 4414 3640 4415 6495 4415 6433 4415 3640 4416 6433 4416 3610 4416 3610 4417 6433 4417 3603 4417 3603 4418 6433 4418 6426 4418 3603 4419 6426 4419 3601 4419 6286 4420 3511 4420 6288 4420 6288 4421 3511 4421 3565 4421 6288 4422 3565 4422 6374 4422 6374 4423 3565 4423 3570 4423 6374 4424 3570 4424 6396 4424 6396 4425 3570 4425 3577 4425 6396 4426 3577 4426 6398 4426 6398 4427 3577 4427 3583 4427 6398 4428 3583 4428 6410 4428 6410 4429 3583 4429 3601 4429 6410 4430 3601 4430 6424 4430 6424 4431 3601 4431 6426 4431 3496 4432 3498 4432 6278 4432 6278 4433 3498 4433 6279 4433 6279 4434 3498 4434 3499 4434 6279 4435 3499 4435 6286 4435 6286 4436 3499 4436 3509 4436 6286 4437 3509 4437 3511 4437 6278 4438 6276 4438 3496 4438 3496 4439 6276 4439 6274 4439 3496 4440 6274 4440 3487 4440 3487 4441 6274 4441 6260 4441 3487 4442 6260 4442 3457 4442 3457 4443 6260 4443 6258 4443 3457 4443 6258 4443 3441 4443 3441 4444 6258 4444 3439 4444 3439 4445 6258 4445 6256 4445 3439 4446 6256 4446 3435 4446 3435 4447 6256 4447 6252 4447 3435 212 6252 212 3436 212 3436 212 6252 212 6253 212 3436 212 6253 212 3437 212 3437 212 6253 212 6254 212 3437 212 6254 212 3438 212 3438 212 6254 212 6255 212 3438 4448 6255 4448 3440 4448 3440 4449 6255 4449 6257 4449 3440 4450 6257 4450 3442 4450 6257 4451 6259 4451 3442 4451 3442 4452 6259 4452 6261 4452 3442 4452 6261 4452 3458 4452 3458 4453 6261 4453 6275 4453 3458 4454 6275 4454 3488 4454 3488 4455 6275 4455 6277 4455 3488 4456 6277 4456 3497 4456 3497 4457 6277 4457 6285 4457 3497 4458 6285 4458 3505 4458 3505 4459 6285 4459 6287 4459 3505 4460 6287 4460 3510 4460 3510 4461 6287 4461 6289 4461 3510 4462 6289 4462 3512 4462 3512 4463 6289 4463 6375 4463 3512 4464 6375 4464 3566 4464 3566 4465 6375 4465 3576 4465 3576 4466 6375 4466 6397 4466 3576 4467 6397 4467 3578 4467 3578 4468 6397 4468 6404 4468 3578 4469 6404 4469 3584 4469 6404 4470 6411 4470 3584 4470 3584 4471 6411 4471 6425 4471 3584 4472 6425 4472 3602 4472 3602 4473 6425 4473 3609 4473 3609 4474 6425 4474 6432 4474 3609 4475 6432 4475 3611 4475 6432 4476 6434 4476 3611 4476 3611 4477 6434 4477 6496 4477 3611 4478 6496 4478 3641 4478 3641 4479 6496 4479 6542 4479 3641 4479 6542 4479 3667 4479 3667 4480 6542 4480 3677 4480 3677 4481 6542 4481 6549 4481 3677 4482 6549 4482 3679 4482 6578 4483 3741 4483 6576 4483 6576 4484 3741 4484 3735 4484 6576 4485 3735 4485 6570 4485 6570 4486 3735 4486 3705 4486 6570 4487 3705 4487 6561 4487 6561 4488 3705 4488 3682 4488 6561 4489 3682 4489 6554 4489 6554 4490 3682 4490 3679 4490 6554 4491 3679 4491 6551 4491 6551 4492 3679 4492 6549 4492 6581 4493 3746 4493 6584 4493 6584 4494 3746 4494 3748 4494 6584 4495 3748 4495 6582 4495 6582 4496 3748 4496 3747 4496 6582 4497 3747 4497 6580 4497 6580 4498 3747 4498 3745 4498 6580 4499 3745 4499 6578 4499 6578 4500 3745 4500 3743 4500 6578 4501 3743 4501 3741 4501 3598 4502 6419 4502 3596 4502 3596 4503 6419 4503 6417 4503 3596 4504 6417 4504 3594 4504 3594 4505 6417 4505 6414 4505 3594 4506 6414 4506 3589 4506 3589 4507 6414 4507 3588 4507 3588 4508 6414 4508 6413 4508 3588 4509 6413 4509 3586 4509 3586 4510 6413 4510 6409 4510 3586 4511 6409 4511 3582 4511 3582 4512 6409 4512 6407 4512 3582 4513 6407 4513 3579 4513 3579 4513 6407 4513 6405 4513 3579 4514 6405 4514 3581 4514 6405 4514 6406 4514 3581 4514 3581 4515 6406 4515 6408 4515 3581 4516 6408 4516 3585 4516 3585 4517 6408 4517 6412 4517 3585 4518 6412 4518 3587 4518 3587 4519 6412 4519 6415 4519 3587 4520 6415 4520 3590 4520 3590 4521 6415 4521 3593 4521 3593 4522 6415 4522 6416 4522 3593 4523 6416 4523 3595 4523 3595 4524 6416 4524 6418 4524 3595 4525 6418 4525 3597 4525 3597 4526 6418 4526 6420 4526 3597 4527 6420 4527 3599 4527 3599 4528 6420 4528 6422 4528 3599 4529 6422 4529 3598 4529 3598 4530 6422 4530 6421 4530 3598 4531 6421 4531 6419 4531 3585 172 3587 172 3573 172 3741 172 3743 172 3740 172 3740 172 3743 172 3745 172 3740 172 3745 172 3739 172 3676 4532 3677 4532 3679 4532 3679 4533 3682 4533 3676 4533 3676 4534 3682 4534 3705 4534 3676 4535 3705 4535 3735 4535 3636 172 3648 172 3676 172 3648 172 3658 172 3676 172 3676 4536 3658 4536 3661 4536 3676 4537 3661 4537 3677 4537 3608 4538 3616 4538 3626 4538 3661 172 3659 172 3677 172 3677 172 3659 172 3649 172 3677 172 3649 172 3667 172 3667 4539 3649 4539 3639 4539 3667 4540 3639 4540 3641 4540 3641 172 3639 172 3611 172 3611 4541 3639 4541 3627 4541 3611 4542 3627 4542 3609 4542 3609 4543 3627 4543 3617 4543 3609 4544 3617 4544 3608 4544 3608 4545 3617 4545 3613 4545 3608 4546 3613 4546 3616 4546 3576 172 3578 172 3575 172 3575 4547 3578 4547 3584 4547 3575 172 3584 172 3608 172 3608 4548 3584 4548 3602 4548 3608 4549 3602 4549 3609 4549 3541 172 3551 172 3575 172 3522 172 3518 172 3504 172 3504 4550 3518 4550 3521 4550 3504 4551 3521 4551 3531 4551 3551 172 3561 172 3575 172 3575 4552 3561 4552 3564 4552 3575 172 3564 172 3576 172 3532 172 3505 172 3544 172 3544 4553 3505 4553 3510 4553 3564 4554 3562 4554 3576 4554 3576 4555 3562 4555 3552 4555 3576 4556 3552 4556 3566 4556 3566 4557 3552 4557 3544 4557 3566 172 3544 172 3512 172 3512 172 3544 172 3510 172 3440 172 3442 172 3504 172 3504 4558 3442 4558 3458 4558 3504 172 3458 172 3488 172 3532 172 3522 172 3505 172 3505 172 3522 172 3504 172 3505 4559 3504 4559 3497 4559 3497 4560 3504 4560 3488 4560 3440 172 3504 172 3438 172 3438 172 3504 172 3503 172 3438 172 3503 172 3437 172 3436 4561 3437 4561 3448 4561 3490 172 3503 172 3495 172 3495 172 3503 172 3502 172 3448 4562 3443 4562 3436 4562 3436 172 3443 172 3447 172 3436 4563 3447 4563 3455 4563 3468 172 3479 172 3502 172 3502 4564 3479 4564 3489 4564 3502 172 3489 172 3495 172 3490 4565 3480 4565 3503 4565 3503 4566 3480 4566 3469 4566 3503 172 3469 172 3437 172 3437 4567 3469 4567 3456 4567 3437 4563 3456 4563 3448 4563 3455 4568 3468 4568 3436 4568 3436 172 3468 172 3502 172 3436 172 3502 172 3435 172 3435 172 3502 172 3501 172 3501 172 3487 172 3457 172 3500 172 3498 172 3501 172 3501 4569 3498 4569 3496 4569 3501 4570 3496 4570 3487 4570 3457 4571 3441 4571 3501 4571 3501 172 3441 172 3439 172 3501 172 3439 172 3435 172 3565 172 3511 172 3571 172 3571 4572 3511 4572 3509 4572 3571 172 3509 172 3500 172 3500 4573 3509 4573 3499 4573 3500 172 3499 172 3498 172 3583 172 3577 172 3571 172 3571 4574 3577 4574 3570 4574 3571 4575 3570 4575 3565 4575 3604 4576 3603 4576 3601 4576 3671 172 3666 172 3604 172 3666 172 3640 172 3604 172 3604 4577 3640 4577 3610 4577 3604 4578 3610 4578 3603 4578 3736 172 3734 172 3673 172 3734 172 3704 172 3673 172 3673 4534 3704 4534 3681 4534 3673 4579 3681 4579 3672 4579 3672 172 3681 172 3680 172 3672 172 3680 172 3678 172 3745 172 3747 172 3739 172 3739 172 3747 172 3748 172 3739 172 3748 172 3738 172 3738 172 3748 172 3746 172 3738 172 3746 172 3737 172 3737 172 3746 172 3744 172 3737 172 3744 172 3742 172 3595 4580 3597 4580 3606 4580 3606 172 3597 172 3599 172 3606 172 3599 172 3607 172 3607 172 3599 172 3598 172 3573 172 3587 172 3572 172 3595 172 3606 172 3593 172 3593 172 3606 172 3605 172 3593 172 3605 172 3590 172 3574 172 3582 172 3579 172 3574 172 3579 172 3573 172 3573 172 3579 172 3581 172 3573 4581 3581 4581 3585 4581 3598 4582 3596 4582 3607 4582 3607 172 3596 172 3594 172 3607 172 3594 172 3608 172 3608 4583 3594 4583 3589 4583 3608 172 3589 172 3575 172 3575 4584 3589 4584 3588 4584 3575 172 3588 172 3574 172 3574 172 3588 172 3586 172 3574 4581 3586 4581 3582 4581 3687 4585 3696 4585 3674 4585 3738 4586 3708 4586 3718 4586 3718 4587 3727 4587 3738 4587 3738 172 3727 172 3733 172 3738 172 3733 172 3739 172 3739 172 3733 172 3728 172 3739 4588 3728 4588 3719 4588 3719 4589 3709 4589 3739 4589 3739 172 3709 172 3675 172 3739 172 3675 172 3740 172 3740 172 3675 172 3676 172 3740 172 3676 172 3741 172 3741 172 3676 172 3735 172 3709 172 3697 172 3675 172 3675 4590 3697 4590 3688 4590 3675 4591 3688 4591 3674 4591 3674 4592 3688 4592 3683 4592 3674 172 3683 172 3687 172 3696 4593 3708 4593 3674 4593 3674 172 3708 172 3738 172 3674 172 3738 172 3673 172 3673 172 3738 172 3737 172 3673 172 3737 172 3736 172 3736 172 3737 172 3742 172 3540 172 3530 172 3501 172 3530 172 3520 172 3501 172 3501 4550 3520 4550 3517 4550 3501 172 3517 172 3500 172 3572 4594 3560 4594 3550 4594 3550 172 3540 172 3572 172 3572 172 3540 172 3501 172 3572 172 3501 172 3573 172 3573 172 3501 172 3502 172 3573 172 3502 172 3574 172 3574 172 3502 172 3503 172 3574 172 3503 172 3575 172 3575 172 3503 172 3504 172 3575 172 3504 172 3541 172 3541 172 3504 172 3531 172 3537 172 3571 172 3529 172 3529 172 3571 172 3500 172 3529 172 3500 172 3519 172 3519 4595 3500 4595 3517 4595 3537 172 3549 172 3571 172 3571 172 3549 172 3559 172 3571 4596 3559 4596 3572 4596 3572 4597 3559 4597 3563 4597 3572 4552 3563 4552 3560 4552 3587 172 3590 172 3572 172 3572 172 3590 172 3605 172 3572 172 3605 172 3571 172 3571 172 3605 172 3604 172 3571 172 3604 172 3583 172 3583 172 3604 172 3601 172 3635 172 3625 172 3605 172 3625 172 3615 172 3605 172 3605 4546 3615 4546 3612 4546 3605 172 3612 172 3604 172 3604 4598 3612 4598 3614 4598 3604 172 3614 172 3624 172 3673 4599 3657 4599 3647 4599 3624 172 3632 172 3604 172 3604 172 3632 172 3672 172 3604 172 3672 172 3671 172 3671 4600 3672 4600 3678 4600 3626 172 3636 172 3608 172 3608 172 3636 172 3676 172 3608 172 3676 172 3607 172 3607 172 3676 172 3675 172 3607 172 3675 172 3606 172 3606 172 3675 172 3674 172 3606 172 3674 172 3605 172 3605 172 3674 172 3673 172 3605 172 3673 172 3635 172 3635 172 3673 172 3647 172 3632 172 3646 172 3672 172 3672 172 3646 172 3656 172 3672 4601 3656 4601 3673 4601 3673 4602 3656 4602 3660 4602 3673 4536 3660 4536 3657 4536 3187 4603 3184 4603 3222 4603 3222 172 3184 172 3188 172 3222 172 3188 172 3192 172 3205 172 3197 172 3222 172 3222 4604 3197 4604 3191 4604 3222 172 3191 172 3187 172 3227 172 3217 172 3222 172 3222 4605 3217 4605 3213 4605 3222 4606 3213 4606 3205 4606 3249 172 3239 172 3222 172 3222 4607 3239 4607 3235 4607 3222 4608 3235 4608 3227 4608 3254 4609 3257 4609 3222 4609 3222 4610 3257 4610 3253 4610 3222 172 3253 172 3249 172 3236 4611 3244 4611 3222 4611 3222 4612 3244 4612 3250 4612 3222 172 3250 172 3254 172 3214 172 3224 172 3222 172 3222 4613 3224 4613 3228 4613 3222 4614 3228 4614 3236 4614 3192 172 3202 172 3222 172 3222 4615 3202 4615 3206 4615 3222 4616 3206 4616 3214 4616 4425 4617 3192 4617 4419 4617 4419 4618 3192 4618 3188 4618 4425 4619 4426 4619 3192 4619 3192 4620 4426 4620 4432 4620 3192 4621 4432 4621 3202 4621 4432 4622 4433 4622 3202 4622 3202 4623 4433 4623 4439 4623 3202 4624 4439 4624 3206 4624 4439 4625 4443 4625 3206 4625 3206 4626 4443 4626 4446 4626 3206 4627 4446 4627 3214 4627 4446 4628 4452 4628 3214 4628 3214 4629 4452 4629 4459 4629 3214 4630 4459 4630 3224 4630 4471 4631 3228 4631 4466 4631 4466 4632 3228 4632 3224 4632 4466 4633 3224 4633 4461 4633 4461 4634 3224 4634 4459 4634 4471 4635 4472 4635 3228 4635 3228 4636 4472 4636 4478 4636 3228 4637 4478 4637 3236 4637 4478 4638 4479 4638 3236 4638 3236 4639 4479 4639 4485 4639 3236 4640 4485 4640 3244 4640 4497 4641 3250 4641 4491 4641 4491 4642 3250 4642 3244 4642 4491 4643 3244 4643 4488 4643 4488 4644 3244 4644 4485 4644 4497 4645 4498 4645 3250 4645 3250 4646 4498 4646 4504 4646 3250 4647 4504 4647 3254 4647 4504 4648 4505 4648 3254 4648 3254 4649 4505 4649 4512 4649 3254 4650 4512 4650 3257 4650 4512 4651 4511 4651 3257 4651 3257 4652 4511 4652 4510 4652 3257 4653 4510 4653 3253 4653 4510 4654 4503 4654 3253 4654 3253 4655 4503 4655 4496 4655 3253 4656 4496 4656 3249 4656 4484 4657 3239 4657 4489 4657 4489 4658 3239 4658 3249 4658 4489 4659 3249 4659 4493 4659 4493 4660 3249 4660 4496 4660 4484 4661 4483 4661 3239 4661 3239 4662 4483 4662 4477 4662 3239 4663 4477 4663 3235 4663 4477 4664 4476 4664 3235 4664 3235 4665 4476 4665 4470 4665 3235 4666 4470 4666 3227 4666 4458 4667 3217 4667 4464 4667 4464 4668 3217 4668 3227 4668 4464 4669 3227 4669 4467 4669 4467 4670 3227 4670 4470 4670 4458 4671 4457 4671 3217 4671 3217 4672 4457 4672 4451 4672 3217 4673 4451 4673 3213 4673 4451 4674 4450 4674 3213 4674 3213 4675 4450 4675 4444 4675 3213 4676 4444 4676 3205 4676 4444 4677 4440 4677 3205 4677 3205 4678 4440 4678 4437 4678 3205 4679 4437 4679 3197 4679 4437 4680 4431 4680 3197 4680 3197 4681 4431 4681 4424 4681 3197 4682 4424 4682 3191 4682 4413 4683 3187 4683 4417 4683 4417 4684 3187 4684 3191 4684 4417 4685 3191 4685 4422 4685 4422 4686 3191 4686 4424 4686 4413 4687 4410 4687 3187 4687 3187 4688 4410 4688 4406 4688 3187 4689 4406 4689 3184 4689 4406 4690 4407 4690 3184 4690 3184 4691 4407 4691 4412 4691 3184 4692 4412 4692 3188 4692 3188 4693 4412 4693 4416 4693 3188 4694 4416 4694 4419 4694 4631 4695 4635 4695 4851 4695 4805 4696 4803 4696 4607 4696 4607 4697 4803 4697 4603 4697 4591 4698 4595 4698 4783 4698 4608 4699 4604 4699 4800 4699 4620 4700 4616 4700 4820 4700 4856 4701 4860 4701 4640 4701 4640 4702 4860 4702 4867 4702 4640 4703 4867 4703 4644 4703 4644 4704 4867 4704 4868 4704 4644 4705 4868 4705 4643 4705 4854 4706 4636 4706 4847 4706 4847 4707 4636 4707 4632 4707 4847 4708 4632 4708 4846 4708 4820 4709 4826 4709 4620 4709 4620 4710 4826 4710 4827 4710 4620 4711 4827 4711 4624 4711 4624 4712 4827 4712 4833 4712 4624 4713 4833 4713 4628 4713 4628 4714 4833 4714 4837 4714 4628 4715 4837 4715 4840 4715 4800 4716 4806 4716 4608 4716 4608 4717 4806 4717 4807 4717 4608 4718 4807 4718 4612 4718 4612 4719 4807 4719 4812 4719 4612 4720 4812 4720 4616 4720 4616 4721 4812 4721 4817 4721 4616 4722 4817 4722 4820 4722 4779 4723 4786 4723 4596 4723 4596 4724 4786 4724 4788 4724 4596 4725 4788 4725 4600 4725 4600 4726 4788 4726 4792 4726 4600 4727 4792 4727 4604 4727 4604 4728 4792 4728 4798 4728 4604 4729 4798 4729 4800 4729 4778 4730 4592 4730 4588 4730 4764 4731 4769 4731 4588 4731 4588 4732 4769 4732 4772 4732 4588 4733 4772 4733 4778 4733 4584 4734 4580 4734 4759 4734 4583 4735 4763 4735 4580 4735 4580 4736 4763 4736 4758 4736 4580 4737 4758 4737 4759 4737 4783 4738 4777 4738 4591 4738 4591 4739 4777 4739 4776 4739 4591 4740 4776 4740 4587 4740 4587 4741 4776 4741 4771 4741 4587 4742 4771 4742 4583 4742 4583 4743 4771 4743 4766 4743 4583 4744 4766 4744 4763 4744 4803 4745 4797 4745 4603 4745 4603 4746 4797 4746 4795 4746 4603 4747 4795 4747 4599 4747 4599 4748 4795 4748 4791 4748 4599 4749 4791 4749 4595 4749 4595 4750 4791 4750 4785 4750 4595 4751 4785 4751 4783 4751 4811 4752 4611 4752 4814 4752 4814 4753 4611 4753 4615 4753 4814 4754 4615 4754 4818 4754 4818 4755 4615 4755 4824 4755 4623 4756 4831 4756 4619 4756 4619 4757 4831 4757 4825 4757 4851 4758 4845 4758 4631 4758 4631 4759 4845 4759 4844 4759 4631 4760 4844 4760 4627 4760 4627 4761 4844 4761 4839 4761 4627 4762 4839 4762 4623 4762 4623 4763 4839 4763 4834 4763 4623 4764 4834 4764 4831 4764 4868 4765 4865 4765 4643 4765 4643 4766 4865 4766 4863 4766 4643 4767 4863 4767 4639 4767 4639 4768 4863 4768 4859 4768 4639 4769 4859 4769 4635 4769 4635 4770 4859 4770 4853 4770 4635 4771 4853 4771 4851 4771 4643 4772 4511 4772 4644 4772 4644 4773 4511 4773 4512 4773 4644 4774 4512 4774 4640 4774 4640 4775 4512 4775 4505 4775 4505 4776 4504 4776 4640 4776 4640 4777 4504 4777 4636 4777 4640 4778 4636 4778 4856 4778 4856 4779 4636 4779 4854 4779 4491 4780 4632 4780 4497 4780 4497 4781 4632 4781 4636 4781 4497 4782 4636 4782 4498 4782 4498 4783 4636 4783 4504 4783 4491 4784 4488 4784 4632 4784 4632 4785 4488 4785 4628 4785 4632 4786 4628 4786 4846 4786 4846 4787 4628 4787 4840 4787 4488 4788 4485 4788 4628 4788 4628 4789 4485 4789 4479 4789 4628 4790 4479 4790 4624 4790 4624 4791 4479 4791 4478 4791 4624 4792 4478 4792 4620 4792 4478 4793 4472 4793 4620 4793 4620 4794 4472 4794 4471 4794 4620 4795 4471 4795 4616 4795 4616 4796 4471 4796 4466 4796 4616 4797 4466 4797 4612 4797 4466 4798 4461 4798 4612 4798 4612 4799 4461 4799 4459 4799 4612 4800 4459 4800 4608 4800 4608 4801 4459 4801 4452 4801 4608 4802 4452 4802 4604 4802 4452 4803 4446 4803 4604 4803 4604 4804 4446 4804 4443 4804 4604 4805 4443 4805 4600 4805 4600 4806 4443 4806 4439 4806 4600 4807 4439 4807 4596 4807 4596 4808 4439 4808 4433 4808 4433 4809 4432 4809 4596 4809 4596 4810 4432 4810 4592 4810 4596 4811 4592 4811 4779 4811 4779 4812 4592 4812 4778 4812 4419 4813 4588 4813 4425 4813 4425 4814 4588 4814 4592 4814 4425 4815 4592 4815 4426 4815 4426 4816 4592 4816 4432 4816 4419 4817 4416 4817 4588 4817 4588 4818 4416 4818 4584 4818 4588 4819 4584 4819 4764 4819 4764 4820 4584 4820 4759 4820 4416 4821 4412 4821 4584 4821 4584 4822 4412 4822 4407 4822 4584 4823 4407 4823 4580 4823 4580 4824 4407 4824 4406 4824 4580 4825 4406 4825 4583 4825 4406 4826 4410 4826 4583 4826 4583 4827 4410 4827 4413 4827 4583 4828 4413 4828 4587 4828 4587 4829 4413 4829 4417 4829 4587 4830 4417 4830 4591 4830 4417 4831 4422 4831 4591 4831 4591 4832 4422 4832 4424 4832 4591 4833 4424 4833 4595 4833 4595 4834 4424 4834 4431 4834 4595 4835 4431 4835 4599 4835 4431 4836 4437 4836 4599 4836 4599 4837 4437 4837 4440 4837 4599 4838 4440 4838 4603 4838 4603 4839 4440 4839 4444 4839 4603 4840 4444 4840 4607 4840 4607 4841 4444 4841 4450 4841 4450 4842 4451 4842 4607 4842 4607 4843 4451 4843 4611 4843 4607 4844 4611 4844 4805 4844 4805 4845 4611 4845 4811 4845 4464 4846 4615 4846 4458 4846 4458 4847 4615 4847 4611 4847 4458 4848 4611 4848 4457 4848 4457 4849 4611 4849 4451 4849 4464 4850 4467 4850 4615 4850 4615 4851 4467 4851 4619 4851 4615 4852 4619 4852 4824 4852 4824 4853 4619 4853 4825 4853 4467 4854 4470 4854 4619 4854 4619 4855 4470 4855 4476 4855 4619 4856 4476 4856 4623 4856 4623 4857 4476 4857 4477 4857 4623 4858 4477 4858 4627 4858 4477 4859 4483 4859 4627 4859 4627 4860 4483 4860 4484 4860 4627 4861 4484 4861 4631 4861 4631 4862 4484 4862 4489 4862 4631 4863 4489 4863 4635 4863 4489 4864 4493 4864 4635 4864 4635 4865 4493 4865 4496 4865 4635 4866 4496 4866 4639 4866 4639 4867 4496 4867 4503 4867 4639 4868 4503 4868 4643 4868 4643 4869 4503 4869 4510 4869 4643 4870 4510 4870 4511 4870 5987 4871 6020 4871 6475 4871 5987 4872 6475 4872 5952 4872 6024 4873 5953 4873 6491 4873 6491 4874 5953 4874 5923 4874 6491 4875 5923 4875 5873 4875 5873 4876 5827 4876 6491 4876 6491 4877 5827 4877 5851 4877 6491 4878 5851 4878 6475 4878 6475 4879 5851 4879 5872 4879 6475 4880 5872 4880 5952 4880 4764 4881 5264 4881 4769 4881 4769 4882 5264 4882 5269 4882 4769 4883 5269 4883 4772 4883 4772 4884 5269 4884 5272 4884 4772 4885 5272 4885 4778 4885 4778 4886 5272 4886 5278 4886 4778 4887 5278 4887 4779 4887 4779 4888 5278 4888 5279 4888 4779 4889 5279 4889 4786 4889 4786 4890 5279 4890 5286 4890 4786 4891 5286 4891 4788 4891 4788 4892 5286 4892 5288 4892 4788 4893 5288 4893 4792 4893 4792 4894 5288 4894 5292 4894 4792 4895 5292 4895 4798 4895 4798 4896 5292 4896 5298 4896 4798 4897 5298 4897 4800 4897 4800 4897 5298 4897 5300 4897 4800 4898 5300 4898 4806 4898 4806 4898 5300 4898 5306 4898 4806 4899 5306 4899 4807 4899 4807 4900 5306 4900 5307 4900 4807 4901 5307 4901 4812 4901 4812 4902 5307 4902 5312 4902 4812 4903 5312 4903 4817 4903 4817 4904 5312 4904 5317 4904 4817 4905 5317 4905 4820 4905 4820 4906 5317 4906 5320 4906 4820 4907 5320 4907 4826 4907 4826 4908 5320 4908 5326 4908 4826 4909 5326 4909 4827 4909 4827 4910 5326 4910 5327 4910 4827 4911 5327 4911 4833 4911 4833 4911 5327 4911 5333 4911 4833 4912 5333 4912 4837 4912 4837 4913 5333 4913 5337 4913 4837 4914 5337 4914 4840 4914 4840 4915 5337 4915 5340 4915 4840 4916 5340 4916 4846 4916 4846 4917 5340 4917 5346 4917 4846 4918 5346 4918 4847 4918 4847 4918 5346 4918 5347 4918 4847 4919 5347 4919 4854 4919 4854 4919 5347 4919 5354 4919 4854 4920 5354 4920 4856 4920 4856 4921 5354 4921 5356 4921 4856 4922 5356 4922 4860 4922 4860 4923 5356 4923 5360 4923 4860 4924 5360 4924 4867 4924 4867 4924 5360 4924 5367 4924 4867 4925 5367 4925 4868 4925 4868 4925 5367 4925 5368 4925 4868 4926 5368 4926 4865 4926 4865 4927 5368 4927 5365 4927 4865 4928 5365 4928 4863 4928 4863 4929 5365 4929 5363 4929 4863 4930 5363 4930 4859 4930 4859 4931 5363 4931 5359 4931 4859 4932 5359 4932 4853 4932 4853 4933 5359 4933 5353 4933 4853 4934 5353 4934 4851 4934 4851 4935 5353 4935 5351 4935 4851 4936 5351 4936 4845 4936 4845 4937 5351 4937 5345 4937 4845 4938 5345 4938 4844 4938 4844 4939 5345 4939 5344 4939 4844 4940 5344 4940 4839 4940 4839 4940 5344 4940 5339 4940 4839 4941 5339 4941 4834 4941 4834 4942 5339 4942 5334 4942 4834 4943 5334 4943 4831 4943 4831 4944 5334 4944 5331 4944 4831 4945 5331 4945 4825 4945 4825 4946 5331 4946 5325 4946 4825 4947 5325 4947 4824 4947 4824 4948 5325 4948 5324 4948 4824 4949 5324 4949 4818 4949 4818 4949 5324 4949 5318 4949 4818 4950 5318 4950 4814 4950 4814 4951 5318 4951 5314 4951 4814 4952 5314 4952 4811 4952 4811 4953 5314 4953 5311 4953 4811 4954 5311 4954 4805 4954 4805 4955 5311 4955 5305 4955 4805 4956 5305 4956 4803 4956 4803 4957 5305 4957 5303 4957 4803 4958 5303 4958 4797 4958 4797 4959 5303 4959 5297 4959 4797 4960 5297 4960 4795 4960 4795 4961 5297 4961 5295 4961 4795 4962 5295 4962 4791 4962 4791 4963 5295 4963 5291 4963 4791 4964 5291 4964 4785 4964 4785 4965 5291 4965 5285 4965 4785 4966 5285 4966 4783 4966 4783 4967 5285 4967 5283 4967 4783 4968 5283 4968 4777 4968 4777 4968 5283 4968 5277 4968 4777 4969 5277 4969 4776 4969 4776 4970 5277 4970 5276 4970 4776 4971 5276 4971 4771 4971 4771 4972 5276 4972 5271 4972 4771 4973 5271 4973 4766 4973 4766 4974 5271 4974 5266 4974 4766 4975 5266 4975 4763 4975 4763 4975 5266 4975 5263 4975 4763 4976 5263 4976 4758 4976 4758 4977 5263 4977 5258 4977 4758 4978 5258 4978 4759 4978 4759 4978 5258 4978 5259 4978 4759 4979 5259 4979 4764 4979 4764 4979 5259 4979 5264 4979 6020 4980 5995 4980 6475 4980 6475 4981 5995 4981 5939 4981 5939 4982 5838 4982 6475 4982 6475 4983 5838 4983 5858 4983 6475 4984 5858 4984 5894 4984 6019 4985 6472 4985 5970 4985 5970 4986 6472 4986 6475 4986 5970 4987 6475 4987 5906 4987 5906 4988 6475 4988 5894 4988 6003 4989 6024 4989 6491 4989 6003 4990 6491 4990 5931 4990 6028 4991 5980 4991 6503 4991 6503 4992 5980 4992 5964 4992 6503 4993 5964 4993 5900 4993 5900 4994 5883 4994 6503 4994 6503 4995 5883 4995 5843 4995 6503 4996 5843 4996 6491 4996 6491 4997 5843 4997 5915 4997 6491 4998 5915 4998 5931 4998 5499 4999 5765 4999 5764 4999 5499 5000 5764 5000 5495 5000 5496 5001 5759 5001 5500 5001 5500 5002 5759 5002 5768 5002 5500 5003 5768 5003 5767 5003 5743 5004 5750 5004 5492 5004 5492 5005 5750 5005 5751 5005 5492 5006 5751 5006 5496 5006 5496 5007 5751 5007 5758 5007 5496 5008 5758 5008 5759 5008 5742 5009 5488 5009 5735 5009 5735 5010 5488 5010 5484 5010 5735 5011 5484 5011 5734 5011 5734 5012 5484 5012 5727 5012 5726 5013 5480 5013 5720 5013 5720 5014 5480 5014 5476 5014 5472 5015 5712 5015 5476 5015 5476 5016 5712 5016 5719 5016 5476 5017 5719 5017 5720 5017 5468 5018 5705 5018 5472 5018 5472 5019 5705 5019 5711 5019 5472 5020 5711 5020 5712 5020 5688 5021 5695 5021 5464 5021 5464 5022 5695 5022 5697 5022 5464 5023 5697 5023 5468 5023 5468 5024 5697 5024 5703 5024 5468 5025 5703 5025 5705 5025 5686 5026 5460 5026 5680 5026 5680 5027 5460 5027 5456 5027 5665 5028 5669 5028 5452 5028 5452 5029 5669 5029 5673 5029 5452 5030 5673 5030 5456 5030 5456 5031 5673 5031 5678 5031 5456 5032 5678 5032 5680 5032 5660 5033 5448 5033 5657 5033 5657 5034 5448 5034 5444 5034 5644 5035 5649 5035 5444 5035 5444 5036 5649 5036 5652 5036 5444 5037 5652 5037 5657 5037 5436 5038 5636 5038 5440 5038 5440 5039 5636 5039 5642 5039 5439 5040 5443 5040 5651 5040 5651 5041 5646 5041 5439 5041 5439 5042 5646 5042 5641 5042 5439 5043 5641 5043 5436 5043 5436 5044 5641 5044 5640 5044 5436 5045 5640 5045 5636 5045 5667 5046 5662 5046 5447 5046 5447 5047 5662 5047 5659 5047 5447 5048 5659 5048 5443 5048 5443 5049 5659 5049 5654 5049 5443 5050 5654 5050 5651 5050 5455 5051 5675 5051 5451 5051 5451 5052 5675 5052 5670 5052 5691 5053 5685 5053 5459 5053 5459 5054 5685 5054 5683 5054 5459 5055 5683 5055 5455 5055 5455 5056 5683 5056 5677 5056 5455 5057 5677 5057 5675 5057 5471 5058 5702 5058 5467 5058 5467 5059 5702 5059 5700 5059 5467 5060 5700 5060 5463 5060 5463 5061 5700 5061 5694 5061 5463 5062 5694 5062 5692 5062 5475 5063 5710 5063 5471 5063 5471 5064 5710 5064 5708 5064 5471 5065 5708 5065 5702 5065 5725 5066 5723 5066 5479 5066 5479 5067 5723 5067 5718 5067 5479 5068 5718 5068 5475 5068 5475 5069 5718 5069 5716 5069 5475 5070 5716 5070 5710 5070 5731 5071 5483 5071 5733 5071 5733 5072 5483 5072 5487 5072 5491 5073 5741 5073 5487 5073 5487 5074 5741 5074 5740 5074 5487 5075 5740 5075 5733 5075 5764 5076 5757 5076 5495 5076 5495 5077 5757 5077 5749 5077 5495 5078 5749 5078 5491 5078 5491 5079 5749 5079 5748 5079 5491 5080 5748 5080 5741 5080 5365 5081 5500 5081 5499 5081 5499 5082 5500 5082 5767 5082 5499 5083 5767 5083 5765 5083 5365 5084 5368 5084 5500 5084 5500 5085 5368 5085 5367 5085 5500 5086 5367 5086 5496 5086 5496 5087 5367 5087 5360 5087 5496 5088 5360 5088 5492 5088 5492 5089 5360 5089 5356 5089 5356 5090 5354 5090 5492 5090 5492 5091 5354 5091 5488 5091 5492 5092 5488 5092 5743 5092 5743 5093 5488 5093 5742 5093 5340 5094 5484 5094 5346 5094 5346 5095 5484 5095 5488 5095 5346 5096 5488 5096 5347 5096 5347 5097 5488 5097 5354 5097 5340 5098 5337 5098 5484 5098 5484 5099 5337 5099 5480 5099 5484 5100 5480 5100 5727 5100 5727 5101 5480 5101 5726 5101 5337 5102 5333 5102 5480 5102 5480 5103 5333 5103 5327 5103 5480 5104 5327 5104 5476 5104 5476 5105 5327 5105 5326 5105 5476 5106 5326 5106 5472 5106 5326 5107 5320 5107 5472 5107 5472 5108 5320 5108 5317 5108 5472 5109 5317 5109 5468 5109 5468 5110 5317 5110 5312 5110 5468 5111 5312 5111 5464 5111 5464 5112 5312 5112 5307 5112 5307 5113 5306 5113 5464 5113 5464 5114 5306 5114 5460 5114 5464 5115 5460 5115 5688 5115 5688 5116 5460 5116 5686 5116 5306 5117 5300 5117 5460 5117 5460 5118 5300 5118 5298 5118 5460 5119 5298 5119 5456 5119 5456 5120 5298 5120 5292 5120 5456 5121 5292 5121 5452 5121 5452 5122 5292 5122 5288 5122 5288 5123 5286 5123 5452 5123 5452 5124 5286 5124 5448 5124 5452 5125 5448 5125 5665 5125 5665 5126 5448 5126 5660 5126 5272 5127 5444 5127 5278 5127 5278 5128 5444 5128 5448 5128 5278 5129 5448 5129 5279 5129 5279 5130 5448 5130 5286 5130 5272 5131 5269 5131 5444 5131 5444 5132 5269 5132 5440 5132 5444 5133 5440 5133 5644 5133 5644 5134 5440 5134 5642 5134 5269 5135 5264 5135 5440 5135 5440 5136 5264 5136 5259 5136 5440 5137 5259 5137 5436 5137 5436 5138 5259 5138 5258 5138 5436 5139 5258 5139 5439 5139 5258 5140 5263 5140 5439 5140 5439 5141 5263 5141 5266 5141 5439 5142 5266 5142 5443 5142 5443 5143 5266 5143 5271 5143 5443 5144 5271 5144 5447 5144 5447 5145 5271 5145 5276 5145 5276 5146 5277 5146 5447 5146 5447 5147 5277 5147 5451 5147 5447 5148 5451 5148 5667 5148 5667 5149 5451 5149 5670 5149 5277 5150 5283 5150 5451 5150 5451 5151 5283 5151 5285 5151 5451 5152 5285 5152 5455 5152 5455 5153 5285 5153 5291 5153 5455 5154 5291 5154 5459 5154 5459 5155 5291 5155 5295 5155 5295 5156 5297 5156 5459 5156 5459 5157 5297 5157 5463 5157 5459 5158 5463 5158 5691 5158 5691 5159 5463 5159 5692 5159 5297 5160 5303 5160 5463 5160 5463 5161 5303 5161 5305 5161 5463 5162 5305 5162 5467 5162 5467 5163 5305 5163 5311 5163 5467 5164 5311 5164 5471 5164 5471 5165 5311 5165 5314 5165 5331 5166 5479 5166 5325 5166 5325 5167 5479 5167 5475 5167 5325 5168 5475 5168 5324 5168 5324 5169 5475 5169 5471 5169 5324 5170 5471 5170 5318 5170 5318 5171 5471 5171 5314 5171 5331 5172 5334 5172 5479 5172 5479 5173 5334 5173 5483 5173 5479 5174 5483 5174 5725 5174 5725 5175 5483 5175 5731 5175 5334 5176 5339 5176 5483 5176 5483 5177 5339 5177 5344 5177 5483 5178 5344 5178 5487 5178 5487 5179 5344 5179 5345 5179 5487 5180 5345 5180 5491 5180 5345 5181 5351 5181 5491 5181 5491 5182 5351 5182 5353 5182 5491 5183 5353 5183 5495 5183 5495 5184 5353 5184 5359 5184 5495 5185 5359 5185 5499 5185 5499 5186 5359 5186 5363 5186 5499 5187 5363 5187 5365 5187 5996 5188 6023 5188 6482 5188 5860 5189 6482 5189 5895 5189 5895 5190 6482 5190 5907 5190 5860 5191 5840 5191 6482 5191 6482 5192 5840 5192 5940 5192 6482 5193 5940 5193 5996 5193 5907 5194 6482 5194 5971 5194 5971 5195 6482 5195 6472 5195 5971 5196 6472 5196 6019 5196 5901 5197 5965 5197 6503 5197 6503 5198 5965 5198 5981 5198 6503 5199 5981 5199 6028 5199 6027 5200 6004 5200 6500 5200 6500 5201 6004 5201 5932 5201 5932 5202 5916 5202 6500 5202 6500 5203 5916 5203 5845 5203 6500 5204 5845 5204 6503 5204 6503 5205 5845 5205 5885 5205 6503 5206 5885 5206 5901 5206 5901 5207 5885 5207 5773 5207 6004 5208 6027 5208 5773 5208 5955 5209 5924 5209 5773 5209 5828 5210 5852 5210 5773 5210 5954 5211 5988 5211 5773 5211 5840 5212 5860 5212 5773 5212 5895 5213 5907 5213 5773 5213 5971 5214 6019 5214 5773 5214 5970 5215 5906 5215 5773 5215 5894 5216 5858 5216 5773 5216 5873 5217 5923 5217 5773 5217 5953 5218 6024 5218 5773 5218 5931 5219 5915 5219 5773 5219 5981 5220 5965 5220 5773 5220 5980 5221 6028 5221 5981 5221 5980 5222 5981 5222 5964 5222 5773 5223 5883 5223 5900 5223 5964 5224 5773 5224 5900 5224 5843 5225 5883 5225 5773 5225 5915 5226 5843 5226 5773 5226 6003 5227 5931 5227 5773 5227 6024 5228 6003 5228 5773 5228 5923 5229 5953 5229 5773 5229 5773 5230 5851 5230 5827 5230 5872 5231 5851 5231 5773 5231 5827 5232 5873 5232 5773 5232 5773 5233 5987 5233 5952 5233 5952 5234 5872 5234 5773 5234 5773 5235 5838 5235 5939 5235 5995 5236 5773 5236 5939 5236 5858 5237 5838 5237 5773 5237 6020 5238 5987 5238 5995 5238 5995 5239 5987 5239 5773 5239 5906 5240 5894 5240 5773 5240 6019 5241 5970 5241 5773 5241 5907 5242 5971 5242 5773 5242 5860 5243 5895 5243 5773 5243 5940 5244 5840 5244 5773 5244 5996 5245 5940 5245 5773 5245 5954 5246 5773 5246 5874 5246 6023 5247 5996 5247 5988 5247 5988 5248 5996 5248 5773 5248 5852 5249 5874 5249 5773 5249 5875 5250 5828 5250 5773 5250 5924 5251 5875 5251 5773 5251 6027 5252 5955 5252 5773 5252 5773 5253 5916 5253 5932 5253 5845 5254 5916 5254 5773 5254 5932 5255 6004 5255 5773 5255 5885 5256 5845 5256 5773 5256 5965 5257 5901 5257 5773 5257 5964 5258 5981 5258 5773 5258 5692 5259 5694 5259 6213 5259 6194 5260 6198 5260 5660 5260 6202 5261 5669 5261 6198 5261 6198 5262 5669 5262 5665 5262 6198 5263 5665 5263 5660 5263 6206 5264 5678 5264 6202 5264 6202 5265 5678 5265 5673 5265 6202 5266 5673 5266 5669 5266 6210 5267 5686 5267 6206 5267 6206 5268 5686 5268 5680 5268 6206 5269 5680 5269 5678 5269 6214 5270 5695 5270 6210 5270 6210 5271 5695 5271 5688 5271 6210 5272 5688 5272 5686 5272 6218 5273 5703 5273 6214 5273 6214 5274 5703 5274 5697 5274 6214 5275 5697 5275 5695 5275 6222 5276 5711 5276 6218 5276 6218 5277 5711 5277 5705 5277 6218 5278 5705 5278 5703 5278 6226 5279 5719 5279 6222 5279 6222 5280 5719 5280 5712 5280 6222 5281 5712 5281 5711 5281 6230 5282 5726 5282 6226 5282 6226 5283 5726 5283 5720 5283 6226 5284 5720 5284 5719 5284 6234 5285 5734 5285 6230 5285 6230 5286 5734 5286 5727 5286 6230 5287 5727 5287 5726 5287 6238 5288 5742 5288 6234 5288 6234 5289 5742 5289 5735 5289 6234 5290 5735 5290 5734 5290 6242 5291 5750 5291 6238 5291 6238 5292 5750 5292 5743 5292 6238 5293 5743 5293 5742 5293 6246 5294 5758 5294 6242 5294 6242 5295 5758 5295 5751 5295 6242 5296 5751 5296 5750 5296 6250 5297 5768 5297 6246 5297 6246 5298 5768 5298 5759 5298 6246 5299 5759 5299 5758 5299 5764 5300 5765 5300 6250 5300 6250 5301 5765 5301 5767 5301 6250 5302 5767 5302 5768 5302 6250 5303 6249 5303 5764 5303 5764 5304 6249 5304 6245 5304 5764 5305 6245 5305 5757 5305 5757 5306 6245 5306 6241 5306 5757 5307 6241 5307 5749 5307 6237 5308 5741 5308 6241 5308 6241 5309 5741 5309 5748 5309 6241 5310 5748 5310 5749 5310 6233 5311 6229 5311 5725 5311 5725 5312 5731 5312 6233 5312 6233 5313 5731 5313 5733 5313 6233 5314 5733 5314 6237 5314 6237 5315 5733 5315 5740 5315 6237 5316 5740 5316 5741 5316 6225 5317 6221 5317 5710 5317 5710 5318 5716 5318 6225 5318 6225 5319 5716 5319 5718 5319 6225 5320 5718 5320 6229 5320 6229 5321 5718 5321 5723 5321 6229 5322 5723 5322 5725 5322 6213 5323 5694 5323 6217 5323 5694 5324 5700 5324 6217 5324 6217 5325 5700 5325 5702 5325 6217 5326 5702 5326 6221 5326 6221 5327 5702 5327 5708 5327 6221 5328 5708 5328 5710 5328 5692 5329 6213 5329 5691 5329 5691 5330 6213 5330 6209 5330 5691 5331 6209 5331 5685 5331 6205 5332 5677 5332 6209 5332 6209 5333 5677 5333 5683 5333 6209 5334 5683 5334 5685 5334 6201 5335 6197 5335 5662 5335 5662 5336 5667 5336 6201 5336 6201 5337 5667 5337 5670 5337 6201 5338 5670 5338 6205 5338 6205 5339 5670 5339 5675 5339 6205 5340 5675 5340 5677 5340 6193 5341 6189 5341 5646 5341 5646 5342 5651 5342 6193 5342 6193 5343 5651 5343 5654 5343 6193 5344 5654 5344 6197 5344 6197 5345 5654 5345 5659 5345 6197 5346 5659 5346 5662 5346 6185 5347 6186 5347 5642 5347 5642 5348 5636 5348 6185 5348 6185 5349 5636 5349 5640 5349 6185 5350 5640 5350 6189 5350 6189 5351 5640 5351 5641 5351 6189 5352 5641 5352 5646 5352 5660 5353 5657 5353 6194 5353 6194 5354 5657 5354 5652 5354 6194 5355 5652 5355 6190 5355 6190 5356 5652 5356 5649 5356 6190 5357 5649 5357 6186 5357 6186 5358 5649 5358 5644 5358 6186 5359 5644 5359 5642 5359 6482 5360 6023 5360 5988 5360 5828 5361 5875 5361 6500 5361 5875 5362 5924 5362 6500 5362 6500 5363 5924 5363 5955 5363 6500 5364 5955 5364 6027 5364 5988 5365 5954 5365 6482 5365 6482 5366 5954 5366 5874 5366 6482 5367 5874 5367 6500 5367 6500 5368 5874 5368 5852 5368 6500 5369 5852 5369 5828 5369 6443 5370 6186 5370 6439 5370 6439 5371 6186 5371 6185 5371 6439 5372 6185 5372 6438 5372 6438 5373 6185 5373 6189 5373 6438 5374 6189 5374 6442 5374 6442 5375 6189 5375 6193 5375 6442 5376 6193 5376 6450 5376 6450 5377 6193 5377 6197 5377 6450 5378 6197 5378 6454 5378 6454 5379 6197 5379 6201 5379 6454 5379 6201 5379 6458 5379 6458 5380 6201 5380 6205 5380 6458 5381 6205 5381 6462 5381 6462 5382 6205 5382 6209 5382 6462 5383 6209 5383 6470 5383 6470 5384 6209 5384 6213 5384 6470 5385 6213 5385 6477 5385 6477 5386 6213 5386 6217 5386 6477 5386 6217 5386 6484 5386 6484 5387 6217 5387 6221 5387 6484 5388 6221 5388 6494 5388 6494 5389 6221 5389 6225 5389 6494 5390 6225 5390 6502 5390 6502 5391 6225 5391 6229 5391 6502 5391 6229 5391 6508 5391 6508 5392 6229 5392 6233 5392 6508 5393 6233 5393 6516 5393 6516 5394 6233 5394 6237 5394 6516 5395 6237 5395 6520 5395 6520 5396 6237 5396 6241 5396 6520 5396 6241 5396 6524 5396 6524 5397 6241 5397 6245 5397 6524 5398 6245 5398 6532 5398 6532 5399 6245 5399 6249 5399 6532 5399 6249 5399 6536 5399 6536 5400 6249 5400 6250 5400 6536 5401 6250 5401 6537 5401 6537 5402 6250 5402 6246 5402 6537 5403 6246 5403 6533 5403 6533 5404 6246 5404 6242 5404 6533 5405 6242 5405 6525 5405 6525 5406 6242 5406 6238 5406 6525 5407 6238 5407 6521 5407 6521 5408 6238 5408 6234 5408 6521 5409 6234 5409 6517 5409 6517 5410 6234 5410 6230 5410 6517 5411 6230 5411 6513 5411 6513 5412 6230 5412 6226 5412 6513 5413 6226 5413 6505 5413 6505 5414 6226 5414 6222 5414 6505 5415 6222 5415 6498 5415 6498 5416 6222 5416 6218 5416 6498 5416 6218 5416 6489 5416 6489 5417 6218 5417 6214 5417 6489 5418 6214 5418 6479 5418 6479 5419 6214 5419 6210 5419 6479 5420 6210 5420 6473 5420 6473 5421 6210 5421 6206 5421 6473 5422 6206 5422 6467 5422 6467 5423 6206 5423 6202 5423 6467 5424 6202 5424 6459 5424 6459 5425 6202 5425 6198 5425 6459 5426 6198 5426 6455 5426 6455 5427 6198 5427 6194 5427 6455 5428 6194 5428 6451 5428 6451 5429 6194 5429 6190 5429 6451 5430 6190 5430 6443 5430 6443 5370 6190 5370 6186 5370 6454 309 6458 309 6475 309 6521 309 6517 309 6500 309 6489 309 6479 309 6482 309 6482 5431 6479 5431 6473 5431 6473 5432 6467 5432 6482 5432 6482 309 6467 309 6459 309 6482 5433 6459 5433 6472 5433 6472 309 6459 309 6455 309 6503 309 6532 309 6536 309 6532 309 6503 309 6524 309 6536 309 6537 309 6503 309 6503 309 6537 309 6533 309 6503 5434 6533 5434 6500 5434 6500 309 6533 309 6525 309 6500 5435 6525 5435 6521 5435 6484 309 6494 309 6491 309 6491 5436 6494 5436 6502 5436 6455 5437 6451 5437 6472 5437 6472 5438 6451 5438 6443 5438 6472 309 6443 309 6439 309 6517 309 6513 309 6500 309 6500 5439 6513 5439 6505 5439 6500 309 6505 309 6482 309 6482 5440 6505 5440 6498 5440 6482 5441 6498 5441 6489 5441 6439 309 6438 309 6472 309 6472 309 6438 309 6442 309 6472 5442 6442 5442 6475 5442 6475 309 6442 309 6450 309 6475 309 6450 309 6454 309 6502 309 6508 309 6491 309 6491 309 6508 309 6516 309 6491 5443 6516 5443 6503 5443 6503 5444 6516 5444 6520 5444 6503 5445 6520 5445 6524 5445 6458 309 6462 309 6475 309 6475 5446 6462 5446 6470 5446 6475 5447 6470 5447 6491 5447 6491 5448 6470 5448 6477 5448 6491 5449 6477 5449 6484 5449 3064 172 3054 172 3085 172 3085 5450 3054 5450 3050 5450 3085 172 3050 172 3047 172 3080 172 3076 172 3085 172 3085 5451 3076 5451 3068 5451 3085 5452 3068 5452 3064 5452 3102 172 3098 172 3085 172 3085 5453 3098 5453 3090 5453 3085 5454 3090 5454 3080 5454 3120 172 3116 172 3085 172 3085 172 3116 172 3112 172 3085 5452 3112 5452 3102 5452 3103 172 3113 172 3085 172 3085 172 3113 172 3117 172 3085 172 3117 172 3120 172 3087 172 3091 172 3085 172 3085 5455 3091 5455 3099 5455 3085 5456 3099 5456 3103 5456 3065 172 3069 172 3085 172 3085 5457 3069 5457 3077 5457 3085 5458 3077 5458 3087 5458 3047 172 3051 172 3085 172 3085 5459 3051 5459 3055 5459 3085 172 3055 172 3065 172 4300 5460 3047 5460 4303 5460 4303 5461 3047 5461 3050 5461 4300 5462 4298 5462 3047 5462 3047 5463 4298 5463 4305 5463 3047 5464 4305 5464 3051 5464 4305 5465 4308 5465 3051 5465 3051 5466 4308 5466 4312 5466 3051 5467 4312 5467 3055 5467 4312 5468 4316 5468 3055 5468 3055 5469 4316 5469 4318 5469 3055 5470 4318 5470 3065 5470 4318 5471 4325 5471 3065 5471 3065 5472 4325 5472 4331 5472 3065 5473 4331 5473 3069 5473 4343 5474 3077 5474 4338 5474 4338 5475 3077 5475 3069 5475 4338 5476 3069 5476 4334 5476 4334 5477 3069 5477 4331 5477 4343 5478 4344 5478 3077 5478 3077 5479 4344 5479 4350 5479 3077 5480 4350 5480 3087 5480 4350 5481 4352 5481 3087 5481 3087 5482 4352 5482 4356 5482 3087 5483 4356 5483 3091 5483 4370 5484 3099 5484 4364 5484 4364 5485 3099 5485 3091 5485 4364 5486 3091 5486 4360 5486 4360 5487 3091 5487 4356 5487 4370 5488 4371 5488 3099 5488 3099 5489 4371 5489 4377 5489 3099 5490 4377 5490 3103 5490 4377 5491 4380 5491 3103 5491 3103 5492 4380 5492 4384 5492 3103 5493 4384 5493 3113 5493 4384 5494 4388 5494 3113 5494 3113 5495 4388 5495 4391 5495 3113 5496 4391 5496 3117 5496 4391 5497 4397 5497 3117 5497 3117 5498 4397 5498 4404 5498 3117 5499 4404 5499 3120 5499 4396 5500 3116 5500 4401 5500 4401 5501 3116 5501 3120 5501 4401 5502 3120 5502 4403 5502 4403 5503 3120 5503 4404 5503 4396 5504 4395 5504 3116 5504 3116 5505 4395 5505 4389 5505 3116 5506 4389 5506 3112 5506 4389 5507 4387 5507 3112 5507 3112 5508 4387 5508 4383 5508 3112 5509 4383 5509 3102 5509 4369 5510 3098 5510 4375 5510 4375 5511 3098 5511 3102 5511 4375 5512 3102 5512 4379 5512 4379 5513 3102 5513 4383 5513 4369 5514 4368 5514 3098 5514 3098 5515 4368 5515 4362 5515 3098 5516 4362 5516 3090 5516 4362 5517 4359 5517 3090 5517 3090 5518 4359 5518 4355 5518 3090 5519 4355 5519 3080 5519 4355 5520 4351 5520 3080 5520 3080 5521 4351 5521 4349 5521 3080 5522 4349 5522 3076 5522 4349 5523 4342 5523 3076 5523 3076 5524 4342 5524 4336 5524 3076 5525 4336 5525 3068 5525 4324 5526 3064 5526 4329 5526 4329 5527 3064 5527 3068 5527 4329 5528 3068 5528 4333 5528 4333 5529 3068 5529 4336 5529 4324 5530 4323 5530 3064 5530 3064 5531 4323 5531 4317 5531 3064 5532 4317 5532 3054 5532 4317 5533 4315 5533 3054 5533 3054 5534 4315 5534 4311 5534 3054 5535 4311 5535 3050 5535 3050 5536 4311 5536 4307 5536 3050 5537 4307 5537 4303 5537 4577 5538 4578 5538 4755 5538 4713 5539 4712 5539 4553 5539 4553 5540 4712 5540 4549 5540 4537 5541 4541 5541 4692 5541 4530 5542 4526 5542 4667 5542 4542 5543 4538 5543 4687 5543 4724 5544 4728 5544 4562 5544 4562 5545 4728 5545 4734 5545 4562 5546 4734 5546 4566 5546 4566 5547 4734 5547 4735 5547 4566 5548 4735 5548 4570 5548 4721 5549 4558 5549 4715 5549 4715 5550 4558 5550 4554 5550 4715 5551 4554 5551 4714 5551 4687 5552 4694 5552 4542 5552 4542 5553 4694 5553 4695 5553 4542 5554 4695 5554 4546 5554 4546 5555 4695 5555 4701 5555 4546 5556 4701 5556 4550 5556 4550 5557 4701 5557 4704 5557 4550 5558 4704 5558 4707 5558 4667 5559 4673 5559 4530 5559 4530 5560 4673 5560 4676 5560 4530 5561 4676 5561 4534 5561 4534 5562 4676 5562 4681 5562 4534 5563 4681 5563 4538 5563 4538 5564 4681 5564 4685 5564 4538 5565 4685 5565 4687 5565 4646 5566 4653 5566 4518 5566 4518 5567 4653 5567 4656 5567 4518 5568 4656 5568 4522 5568 4522 5569 4656 5569 4660 5569 4522 5570 4660 5570 4526 5570 4526 5571 4660 5571 4666 5571 4526 5572 4666 5572 4667 5572 4647 5573 4514 5573 4517 5573 4658 5574 4655 5574 4517 5574 4517 5575 4655 5575 4651 5575 4517 5576 4651 5576 4647 5576 4521 5577 4525 5577 4664 5577 4529 5578 4672 5578 4525 5578 4525 5579 4672 5579 4665 5579 4525 5580 4665 5580 4664 5580 4692 5581 4686 5581 4537 5581 4537 5582 4686 5582 4683 5582 4537 5583 4683 5583 4533 5583 4533 5584 4683 5584 4678 5584 4533 5585 4678 5585 4529 5585 4529 5586 4678 5586 4674 5586 4529 5587 4674 5587 4672 5587 4712 5588 4706 5588 4549 5588 4549 5589 4706 5589 4703 5589 4549 5590 4703 5590 4545 5590 4545 5591 4703 5591 4699 5591 4545 5592 4699 5592 4541 5592 4541 5593 4699 5593 4693 5593 4541 5594 4693 5594 4692 5594 4720 5595 4557 5595 4723 5595 4723 5596 4557 5596 4561 5596 4723 5597 4561 5597 4726 5597 4726 5598 4561 5598 4732 5598 4569 5599 4740 5599 4565 5599 4565 5600 4740 5600 4733 5600 4755 5601 4754 5601 4577 5601 4577 5602 4754 5602 4751 5602 4577 5603 4751 5603 4573 5603 4573 5604 4751 5604 4746 5604 4573 5605 4746 5605 4569 5605 4569 5606 4746 5606 4742 5606 4569 5607 4742 5607 4740 5607 4735 5608 4741 5608 4570 5608 4570 5609 4741 5609 4744 5609 4570 5610 4744 5610 4574 5610 4574 5611 4744 5611 4749 5611 4574 5612 4749 5612 4578 5612 4578 5613 4749 5613 4753 5613 4578 5614 4753 5614 4755 5614 4570 5615 4388 5615 4566 5615 4566 5616 4388 5616 4384 5616 4566 5617 4384 5617 4562 5617 4562 5618 4384 5618 4380 5618 4380 5619 4377 5619 4562 5619 4562 5620 4377 5620 4558 5620 4562 5621 4558 5621 4724 5621 4724 5622 4558 5622 4721 5622 4364 5623 4554 5623 4370 5623 4370 5624 4554 5624 4558 5624 4370 5625 4558 5625 4371 5625 4371 5626 4558 5626 4377 5626 4364 5627 4360 5627 4554 5627 4554 5628 4360 5628 4550 5628 4554 5629 4550 5629 4714 5629 4714 5630 4550 5630 4707 5630 4360 5631 4356 5631 4550 5631 4550 5632 4356 5632 4352 5632 4550 5633 4352 5633 4546 5633 4546 5634 4352 5634 4350 5634 4546 5635 4350 5635 4542 5635 4350 5636 4344 5636 4542 5636 4542 5637 4344 5637 4343 5637 4542 5638 4343 5638 4538 5638 4538 5639 4343 5639 4338 5639 4538 5640 4338 5640 4534 5640 4338 5641 4334 5641 4534 5641 4534 5642 4334 5642 4331 5642 4534 5643 4331 5643 4530 5643 4530 5644 4331 5644 4325 5644 4530 5645 4325 5645 4526 5645 4325 5646 4318 5646 4526 5646 4526 5647 4318 5647 4316 5647 4526 5648 4316 5648 4522 5648 4522 5649 4316 5649 4312 5649 4522 5650 4312 5650 4518 5650 4518 5651 4312 5651 4308 5651 4308 5652 4305 5652 4518 5652 4518 5653 4305 5653 4514 5653 4518 5654 4514 5654 4646 5654 4646 5655 4514 5655 4647 5655 4303 5656 4517 5656 4300 5656 4300 5657 4517 5657 4514 5657 4300 5658 4514 5658 4298 5658 4298 5659 4514 5659 4305 5659 4303 5660 4307 5660 4517 5660 4517 5661 4307 5661 4521 5661 4517 5662 4521 5662 4658 5662 4658 5663 4521 5663 4664 5663 4307 5664 4311 5664 4521 5664 4521 5665 4311 5665 4315 5665 4521 5666 4315 5666 4525 5666 4525 5667 4315 5667 4317 5667 4525 5668 4317 5668 4529 5668 4317 5669 4323 5669 4529 5669 4529 5670 4323 5670 4324 5670 4529 5671 4324 5671 4533 5671 4533 5672 4324 5672 4329 5672 4533 5673 4329 5673 4537 5673 4329 5674 4333 5674 4537 5674 4537 5675 4333 5675 4336 5675 4537 5676 4336 5676 4541 5676 4541 5677 4336 5677 4342 5677 4541 5678 4342 5678 4545 5678 4342 5679 4349 5679 4545 5679 4545 5680 4349 5680 4351 5680 4545 5681 4351 5681 4549 5681 4549 5682 4351 5682 4355 5682 4549 5683 4355 5683 4553 5683 4553 5684 4355 5684 4359 5684 4359 5685 4362 5685 4553 5685 4553 5686 4362 5686 4557 5686 4553 5687 4557 5687 4713 5687 4713 5688 4557 5688 4720 5688 4375 5689 4561 5689 4369 5689 4369 5690 4561 5690 4557 5690 4369 5691 4557 5691 4368 5691 4368 5692 4557 5692 4362 5692 4375 5693 4379 5693 4561 5693 4561 5694 4379 5694 4565 5694 4561 5695 4565 5695 4732 5695 4732 5696 4565 5696 4733 5696 4379 5697 4383 5697 4565 5697 4565 5698 4383 5698 4387 5698 4565 5699 4387 5699 4569 5699 4569 5700 4387 5700 4389 5700 4569 5701 4389 5701 4573 5701 4389 5702 4395 5702 4573 5702 4573 5703 4395 5703 4396 5703 4573 5704 4396 5704 4577 5704 4577 5705 4396 5705 4401 5705 4577 5706 4401 5706 4578 5706 4401 5707 4403 5707 4578 5707 4578 5708 4403 5708 4404 5708 4578 5709 4404 5709 4574 5709 4574 5710 4404 5710 4397 5710 4574 5711 4397 5711 4570 5711 4570 5712 4397 5712 4391 5712 4570 5713 4391 5713 4388 5713 5984 5714 6010 5714 6336 5714 5984 5715 6336 5715 5945 5715 6014 5716 5947 5716 6351 5716 6351 5717 5947 5717 5920 5717 6351 5718 5920 5718 5867 5718 5867 5719 5824 5719 6351 5719 6351 5720 5824 5720 5848 5720 6351 5721 5848 5721 6336 5721 6336 5722 5848 5722 5866 5722 6336 5723 5866 5723 5945 5723 4658 5724 5158 5724 4655 5724 4655 5725 5158 5725 5155 5725 4655 5726 5155 5726 4651 5726 4651 5727 5155 5727 5151 5727 4651 5728 5151 5728 4647 5728 4647 5728 5151 5728 5147 5728 4647 5729 5147 5729 4646 5729 4646 5730 5147 5730 5146 5730 4646 5731 5146 5731 4653 5731 4653 5731 5146 5731 5153 5731 4653 5732 5153 5732 4656 5732 4656 5733 5153 5733 5156 5733 4656 5734 5156 5734 4660 5734 4660 5735 5156 5735 5160 5735 4660 5736 5160 5736 4666 5736 4666 5737 5160 5737 5166 5737 4666 5738 5166 5738 4667 5738 4667 5739 5166 5739 5167 5739 4667 5740 5167 5740 4673 5740 4673 5741 5167 5741 5173 5741 4673 5742 5173 5742 4676 5742 4676 5742 5173 5742 5176 5742 4676 5743 5176 5743 4681 5743 4681 5744 5176 5744 5181 5744 4681 5745 5181 5745 4685 5745 4685 5746 5181 5746 5185 5746 4685 5747 5185 5747 4687 5747 4687 5748 5185 5748 5187 5748 4687 5749 5187 5749 4694 5749 4694 5750 5187 5750 5194 5750 4694 5751 5194 5751 4695 5751 4695 5752 5194 5752 5195 5752 4695 5753 5195 5753 4701 5753 4701 5754 5195 5754 5201 5754 4701 5755 5201 5755 4704 5755 4704 5756 5201 5756 5204 5756 4704 5757 5204 5757 4707 5757 4707 5758 5204 5758 5207 5758 4707 5759 5207 5759 4714 5759 4714 5760 5207 5760 5214 5760 4714 5761 5214 5761 4715 5761 4715 5762 5214 5762 5215 5762 4715 5763 5215 5763 4721 5763 4721 5764 5215 5764 5221 5764 4721 5765 5221 5765 4724 5765 4724 5766 5221 5766 5224 5766 4724 5767 5224 5767 4728 5767 4728 5767 5224 5767 5228 5767 4728 5768 5228 5768 4734 5768 4734 5769 5228 5769 5234 5769 4734 5770 5234 5770 4735 5770 4735 5771 5234 5771 5235 5771 4735 5772 5235 5772 4741 5772 4741 5773 5235 5773 5241 5773 4741 5774 5241 5774 4744 5774 4744 5775 5241 5775 5244 5775 4744 5776 5244 5776 4749 5776 4749 5777 5244 5777 5249 5777 4749 5778 5249 5778 4753 5778 4753 5778 5249 5778 5253 5778 4753 5779 5253 5779 4755 5779 4755 5780 5253 5780 5255 5780 4755 5781 5255 5781 4754 5781 4754 5782 5255 5782 5254 5782 4754 5783 5254 5783 4751 5783 4751 5784 5254 5784 5251 5784 4751 5785 5251 5785 4746 5785 4746 5786 5251 5786 5246 5786 4746 5787 5246 5787 4742 5787 4742 5787 5246 5787 5242 5787 4742 5788 5242 5788 4740 5788 4740 5788 5242 5788 5240 5788 4740 5789 5240 5789 4733 5789 4733 5789 5240 5789 5233 5789 4733 5790 5233 5790 4732 5790 4732 5791 5233 5791 5232 5791 4732 5792 5232 5792 4726 5792 4726 5793 5232 5793 5226 5793 4726 5794 5226 5794 4723 5794 4723 5795 5226 5795 5223 5795 4723 5796 5223 5796 4720 5796 4720 5797 5223 5797 5220 5797 4720 5798 5220 5798 4713 5798 4713 5798 5220 5798 5213 5798 4713 5799 5213 5799 4712 5799 4712 5800 5213 5800 5212 5800 4712 5801 5212 5801 4706 5801 4706 5802 5212 5802 5206 5802 4706 5803 5206 5803 4703 5803 4703 5803 5206 5803 5203 5803 4703 5804 5203 5804 4699 5804 4699 5805 5203 5805 5199 5805 4699 5806 5199 5806 4693 5806 4693 5806 5199 5806 5193 5806 4693 5807 5193 5807 4692 5807 4692 5808 5193 5808 5192 5808 4692 5809 5192 5809 4686 5809 4686 5810 5192 5810 5186 5810 4686 5811 5186 5811 4683 5811 4683 5811 5186 5811 5183 5811 4683 5812 5183 5812 4678 5812 4678 5813 5183 5813 5178 5813 4678 5814 5178 5814 4674 5814 4674 5815 5178 5815 5174 5815 4674 5816 5174 5816 4672 5816 4672 5817 5174 5817 5172 5817 4672 5818 5172 5818 4665 5818 4665 5819 5172 5819 5165 5819 4665 5820 5165 5820 4664 5820 4664 5820 5165 5820 5164 5820 4664 5821 5164 5821 4658 5821 4658 5821 5164 5821 5158 5821 6010 5822 5992 5822 6336 5822 6336 5823 5992 5823 5936 5823 5936 5824 5832 5824 6336 5824 6336 5825 5832 5825 5855 5825 6336 5826 5855 5826 5887 5826 6006 5827 6327 5827 5967 5827 5967 5828 6327 5828 6336 5828 5967 5829 6336 5829 5903 5829 5903 5830 6336 5830 5887 5830 6000 5831 6014 5831 6351 5831 6000 5832 6351 5832 5929 5832 6017 5833 5977 5833 6356 5833 6356 5834 5977 5834 5961 5834 6356 5835 5961 5835 5893 5835 5893 5836 5881 5836 6356 5836 6356 5837 5881 5837 5837 5837 6356 5838 5837 5838 6351 5838 6351 5839 5837 5839 5913 5839 6351 5840 5913 5840 5929 5840 5426 5841 5616 5841 5617 5841 5426 5842 5617 5842 5430 5842 5418 5843 5601 5843 5422 5843 5422 5844 5601 5844 5608 5844 5422 5845 5608 5845 5609 5845 5585 5846 5592 5846 5414 5846 5414 5847 5592 5847 5593 5847 5414 5848 5593 5848 5418 5848 5418 5849 5593 5849 5600 5849 5418 5850 5600 5850 5601 5850 5584 5851 5410 5851 5577 5851 5577 5852 5410 5852 5406 5852 5577 5853 5406 5853 5575 5853 5575 5854 5406 5854 5570 5854 5567 5855 5402 5855 5562 5855 5562 5856 5402 5856 5398 5856 5394 5857 5554 5857 5398 5857 5398 5858 5554 5858 5559 5858 5398 5859 5559 5859 5562 5859 5390 5860 5546 5860 5394 5860 5394 5861 5546 5861 5551 5861 5394 5862 5551 5862 5554 5862 5530 5863 5535 5863 5386 5863 5386 5864 5535 5864 5538 5864 5386 5865 5538 5865 5390 5865 5390 5866 5538 5866 5543 5866 5390 5867 5543 5867 5546 5867 5527 5868 5382 5868 5522 5868 5522 5869 5382 5869 5378 5869 5507 5870 5511 5870 5374 5870 5374 5871 5511 5871 5514 5871 5374 5872 5514 5872 5378 5872 5378 5873 5514 5873 5519 5873 5378 5874 5519 5874 5522 5874 5502 5875 5370 5875 5505 5875 5505 5876 5370 5876 5373 5876 5516 5877 5513 5877 5373 5877 5373 5878 5513 5878 5508 5878 5373 5879 5508 5879 5505 5879 5381 5880 5524 5880 5377 5880 5377 5881 5524 5881 5521 5881 5385 5882 5389 5882 5541 5882 5541 5883 5536 5883 5385 5883 5385 5884 5536 5884 5532 5884 5385 5885 5532 5885 5381 5885 5381 5886 5532 5886 5529 5886 5381 5887 5529 5887 5524 5887 5558 5888 5552 5888 5393 5888 5393 5889 5552 5889 5549 5889 5393 5890 5549 5890 5389 5890 5389 5891 5549 5891 5544 5891 5389 5892 5544 5892 5541 5892 5401 5893 5566 5893 5397 5893 5397 5894 5566 5894 5560 5894 5578 5895 5574 5895 5405 5895 5405 5896 5574 5896 5573 5896 5405 5897 5573 5897 5401 5897 5401 5898 5573 5898 5568 5898 5401 5899 5568 5899 5566 5899 5417 5900 5591 5900 5413 5900 5413 5901 5591 5901 5590 5901 5413 5902 5590 5902 5409 5902 5409 5903 5590 5903 5583 5903 5409 5904 5583 5904 5582 5904 5421 5905 5599 5905 5417 5905 5417 5906 5599 5906 5598 5906 5417 5907 5598 5907 5591 5907 5615 5908 5614 5908 5425 5908 5425 5909 5614 5909 5607 5909 5425 5910 5607 5910 5421 5910 5421 5911 5607 5911 5606 5911 5421 5912 5606 5912 5599 5912 5622 5913 5429 5913 5623 5913 5623 5914 5429 5914 5433 5914 5434 5915 5630 5915 5433 5915 5433 5916 5630 5916 5629 5916 5433 5917 5629 5917 5623 5917 5617 5918 5624 5918 5430 5918 5430 5919 5624 5919 5633 5919 5430 5920 5633 5920 5434 5920 5434 5921 5633 5921 5634 5921 5434 5922 5634 5922 5630 5922 5241 5923 5422 5923 5426 5923 5426 5924 5422 5924 5609 5924 5426 5925 5609 5925 5616 5925 5241 5926 5235 5926 5422 5926 5422 5927 5235 5927 5234 5927 5422 5928 5234 5928 5418 5928 5418 5929 5234 5929 5228 5929 5418 5930 5228 5930 5414 5930 5414 5931 5228 5931 5224 5931 5224 5932 5221 5932 5414 5932 5414 5933 5221 5933 5410 5933 5414 5934 5410 5934 5585 5934 5585 5935 5410 5935 5584 5935 5207 5936 5406 5936 5214 5936 5214 5937 5406 5937 5410 5937 5214 5938 5410 5938 5215 5938 5215 5939 5410 5939 5221 5939 5207 5940 5204 5940 5406 5940 5406 5941 5204 5941 5402 5941 5406 5942 5402 5942 5570 5942 5570 5943 5402 5943 5567 5943 5204 5944 5201 5944 5402 5944 5402 5945 5201 5945 5195 5945 5402 5946 5195 5946 5398 5946 5398 5947 5195 5947 5194 5947 5398 5948 5194 5948 5394 5948 5194 5949 5187 5949 5394 5949 5394 5950 5187 5950 5185 5950 5394 5951 5185 5951 5390 5951 5390 5952 5185 5952 5181 5952 5390 5953 5181 5953 5386 5953 5386 5954 5181 5954 5176 5954 5176 5955 5173 5955 5386 5955 5386 5956 5173 5956 5382 5956 5386 5957 5382 5957 5530 5957 5530 5958 5382 5958 5527 5958 5173 5959 5167 5959 5382 5959 5382 5960 5167 5960 5166 5960 5382 5961 5166 5961 5378 5961 5378 5962 5166 5962 5160 5962 5378 5963 5160 5963 5374 5963 5374 5964 5160 5964 5156 5964 5156 5965 5153 5965 5374 5965 5374 5966 5153 5966 5370 5966 5374 5967 5370 5967 5507 5967 5507 5968 5370 5968 5502 5968 5151 5969 5373 5969 5147 5969 5147 5970 5373 5970 5370 5970 5147 5971 5370 5971 5146 5971 5146 5972 5370 5972 5153 5972 5151 5973 5155 5973 5373 5973 5373 5974 5155 5974 5377 5974 5373 5975 5377 5975 5516 5975 5516 5976 5377 5976 5521 5976 5155 5977 5158 5977 5377 5977 5377 5978 5158 5978 5164 5978 5377 5979 5164 5979 5381 5979 5381 5980 5164 5980 5165 5980 5381 5981 5165 5981 5385 5981 5165 5982 5172 5982 5385 5982 5385 5983 5172 5983 5174 5983 5385 5984 5174 5984 5389 5984 5389 5985 5174 5985 5178 5985 5389 5986 5178 5986 5393 5986 5393 5987 5178 5987 5183 5987 5183 5988 5186 5988 5393 5988 5393 5989 5186 5989 5397 5989 5393 5990 5397 5990 5558 5990 5558 5991 5397 5991 5560 5991 5186 5992 5192 5992 5397 5992 5397 5993 5192 5993 5193 5993 5397 5994 5193 5994 5401 5994 5401 5995 5193 5995 5199 5995 5401 5996 5199 5996 5405 5996 5405 5997 5199 5997 5203 5997 5203 5998 5206 5998 5405 5998 5405 5999 5206 5999 5409 5999 5405 6000 5409 6000 5578 6000 5578 6001 5409 6001 5582 6001 5206 6002 5212 6002 5409 6002 5409 6003 5212 6003 5213 6003 5409 6004 5213 6004 5413 6004 5413 6005 5213 6005 5220 6005 5413 6006 5220 6006 5417 6006 5417 6007 5220 6007 5223 6007 5240 6008 5425 6008 5233 6008 5233 6009 5425 6009 5421 6009 5233 6010 5421 6010 5232 6010 5232 6011 5421 6011 5417 6011 5232 6012 5417 6012 5226 6012 5226 6013 5417 6013 5223 6013 5240 6014 5242 6014 5425 6014 5425 6015 5242 6015 5429 6015 5425 6016 5429 6016 5615 6016 5615 6017 5429 6017 5622 6017 5242 6018 5246 6018 5429 6018 5429 6019 5246 6019 5251 6019 5429 6020 5251 6020 5433 6020 5433 6021 5251 6021 5254 6021 5433 6022 5254 6022 5434 6022 5254 6023 5255 6023 5434 6023 5434 6024 5255 6024 5253 6024 5434 6025 5253 6025 5430 6025 5430 6026 5253 6026 5249 6026 5430 6027 5249 6027 5426 6027 5426 6028 5249 6028 5244 6028 5426 6029 5244 6029 5241 6029 5991 6030 6009 6030 6332 6030 5854 6031 6332 6031 5886 6031 5886 6032 6332 6032 5902 6032 5854 6033 5830 6033 6332 6033 6332 6034 5830 6034 5934 6034 6332 6035 5934 6035 5991 6035 5902 6036 6332 6036 5966 6036 5966 6037 6332 6037 6327 6037 5966 6038 6327 6038 6006 6038 5892 6039 5960 6039 6356 6039 6356 6040 5960 6040 5976 6040 6356 6041 5976 6041 6017 6041 6013 6042 5999 6042 6347 6042 6347 6043 5999 6043 5927 6043 5927 6044 5911 6044 6347 6044 6347 6045 5911 6045 5835 6045 6347 6046 5835 6046 6356 6046 6356 6047 5835 6047 5880 6047 6356 6048 5880 6048 5892 6048 5892 6049 5880 6049 5771 6049 5999 6050 6013 6050 5771 6050 5946 6051 5919 6051 5771 6051 5823 6052 5847 6052 5771 6052 5944 6053 5983 6053 5771 6053 5830 6054 5854 6054 5771 6054 5886 6055 5902 6055 5771 6055 5966 6056 6006 6056 5771 6056 5967 6057 5903 6057 5771 6057 5887 6058 5855 6058 5771 6058 5867 6059 5920 6059 5771 6059 5947 6060 6014 6060 5771 6060 5929 6061 5913 6061 5771 6061 5976 6062 5960 6062 5771 6062 5977 6063 6017 6063 5976 6063 5977 6064 5976 6064 5961 6064 5771 6065 5881 6065 5893 6065 5961 6066 5771 6066 5893 6066 5837 6067 5881 6067 5771 6067 5913 6068 5837 6068 5771 6068 6000 6069 5929 6069 5771 6069 6014 6070 6000 6070 5771 6070 5920 6071 5947 6071 5771 6071 5771 6072 5848 6072 5824 6072 5866 6073 5848 6073 5771 6073 5824 6074 5867 6074 5771 6074 5771 6075 5984 6075 5945 6075 5945 6076 5866 6076 5771 6076 5771 6077 5832 6077 5936 6077 5992 6078 5771 6078 5936 6078 5855 6079 5832 6079 5771 6079 6010 6080 5984 6080 5992 6080 5992 6081 5984 6081 5771 6081 5903 6082 5887 6082 5771 6082 6006 6083 5967 6083 5771 6083 5902 6084 5966 6084 5771 6084 5854 6085 5886 6085 5771 6085 5934 6086 5830 6086 5771 6086 5991 6087 5934 6087 5771 6087 5944 6088 5771 6088 5864 6088 6009 6089 5991 6089 5983 6089 5983 6090 5991 6090 5771 6090 5847 6091 5864 6091 5771 6091 5865 6092 5823 6092 5771 6092 5919 6093 5865 6093 5771 6093 6013 6094 5946 6094 5771 6094 5771 6095 5911 6095 5927 6095 5835 6096 5911 6096 5771 6096 5927 6097 5999 6097 5771 6097 5880 6098 5835 6098 5771 6098 5960 6099 5892 6099 5771 6099 5961 6100 5976 6100 5771 6100 5582 6101 5583 6101 6157 6101 6117 6102 6118 6102 5502 6102 6122 6103 5511 6103 6118 6103 6118 6104 5511 6104 5507 6104 6118 6105 5507 6105 5502 6105 6126 6106 5519 6106 6122 6106 6122 6107 5519 6107 5514 6107 6122 6108 5514 6108 5511 6108 6130 6109 5527 6109 6126 6109 6126 6110 5527 6110 5522 6110 6126 6111 5522 6111 5519 6111 6134 6112 5535 6112 6130 6112 6130 6113 5535 6113 5530 6113 6130 6114 5530 6114 5527 6114 6138 6115 5543 6115 6134 6115 6134 6116 5543 6116 5538 6116 6134 6117 5538 6117 5535 6117 6142 6118 5551 6118 6138 6118 6138 6119 5551 6119 5546 6119 6138 6120 5546 6120 5543 6120 6146 6121 5559 6121 6142 6121 6142 6122 5559 6122 5554 6122 6142 6123 5554 6123 5551 6123 6150 6124 5567 6124 6146 6124 6146 6125 5567 6125 5562 6125 6146 6126 5562 6126 5559 6126 6154 6127 5575 6127 6150 6127 6150 6128 5575 6128 5570 6128 6150 6129 5570 6129 5567 6129 6158 6130 5584 6130 6154 6130 6154 6131 5584 6131 5577 6131 6154 6132 5577 6132 5575 6132 6162 6133 5592 6133 6158 6133 6158 6134 5592 6134 5585 6134 6158 6135 5585 6135 5584 6135 6166 6136 5600 6136 6162 6136 6162 6137 5600 6137 5593 6137 6162 6138 5593 6138 5592 6138 6170 6139 5608 6139 6166 6139 6166 6140 5608 6140 5601 6140 6166 6141 5601 6141 5600 6141 5617 6142 5616 6142 6170 6142 6170 6143 5616 6143 5609 6143 6170 6144 5609 6144 5608 6144 6170 6145 6174 6145 5617 6145 5617 6146 6174 6146 6178 6146 5617 6147 6178 6147 5624 6147 5624 6148 6178 6148 6182 6148 5624 6149 6182 6149 5633 6149 6181 6150 5630 6150 6182 6150 6182 6151 5630 6151 5634 6151 6182 6152 5634 6152 5633 6152 6177 6153 6173 6153 5615 6153 5615 6154 5622 6154 6177 6154 6177 6155 5622 6155 5623 6155 6177 6156 5623 6156 6181 6156 6181 6157 5623 6157 5629 6157 6181 6158 5629 6158 5630 6158 6169 6159 6165 6159 5599 6159 5599 6160 5606 6160 6169 6160 6169 6161 5606 6161 5607 6161 6169 6162 5607 6162 6173 6162 6173 6163 5607 6163 5614 6163 6173 6164 5614 6164 5615 6164 6157 6165 5583 6165 6161 6165 5583 6166 5590 6166 6161 6166 6161 6167 5590 6167 5591 6167 6161 6168 5591 6168 6165 6168 6165 6169 5591 6169 5598 6169 6165 6170 5598 6170 5599 6170 5582 6171 6157 6171 5578 6171 5578 6172 6157 6172 6153 6172 5578 6173 6153 6173 5574 6173 6149 6174 5568 6174 6153 6174 6153 6175 5568 6175 5573 6175 6153 6176 5573 6176 5574 6176 6145 6177 6141 6177 5552 6177 5552 6178 5558 6178 6145 6178 6145 6179 5558 6179 5560 6179 6145 6180 5560 6180 6149 6180 6149 6181 5560 6181 5566 6181 6149 6182 5566 6182 5568 6182 6137 6183 6133 6183 5536 6183 5536 6184 5541 6184 6137 6184 6137 6185 5541 6185 5544 6185 6137 6186 5544 6186 6141 6186 6141 6187 5544 6187 5549 6187 6141 6188 5549 6188 5552 6188 6129 6189 6125 6189 5521 6189 5521 6190 5524 6190 6129 6190 6129 6191 5524 6191 5529 6191 6129 6192 5529 6192 6133 6192 6133 6193 5529 6193 5532 6193 6133 6194 5532 6194 5536 6194 5502 6195 5505 6195 6117 6195 6117 6196 5505 6196 5508 6196 6117 6197 5508 6197 6121 6197 6121 6198 5508 6198 5513 6198 6121 6199 5513 6199 6125 6199 6125 6200 5513 6200 5516 6200 6125 6201 5516 6201 5521 6201 6332 6202 6009 6202 5983 6202 5823 6203 5865 6203 6347 6203 5865 6204 5919 6204 6347 6204 6347 6205 5919 6205 5946 6205 6347 6206 5946 6206 6013 6206 5983 6207 5944 6207 6332 6207 6332 6208 5944 6208 5864 6208 6332 6209 5864 6209 6347 6209 6347 6210 5864 6210 5847 6210 6347 6211 5847 6211 5823 6211 6297 6212 6125 6212 6305 6212 6305 6213 6125 6213 6129 6213 6305 6214 6129 6214 6309 6214 6309 6215 6129 6215 6133 6215 6309 6216 6133 6216 6313 6216 6313 6217 6133 6217 6137 6217 6313 6218 6137 6218 6317 6218 6317 6219 6137 6219 6141 6219 6317 6220 6141 6220 6325 6220 6325 6221 6141 6221 6145 6221 6325 6222 6145 6222 6333 6222 6333 6223 6145 6223 6149 6223 6333 6224 6149 6224 6339 6224 6339 6225 6149 6225 6153 6225 6339 6226 6153 6226 6349 6226 6349 6227 6153 6227 6157 6227 6349 6228 6157 6228 6357 6228 6357 6229 6157 6229 6161 6229 6357 6230 6161 6230 6361 6230 6361 6231 6161 6231 6165 6231 6361 6231 6165 6231 6369 6231 6369 6232 6165 6232 6169 6232 6369 6233 6169 6233 6373 6233 6373 6234 6169 6234 6173 6234 6373 6235 6173 6235 6379 6235 6379 6236 6173 6236 6177 6236 6379 6237 6177 6237 6387 6237 6387 6238 6177 6238 6181 6238 6387 6238 6181 6238 6391 6238 6391 6239 6181 6239 6182 6239 6391 6240 6182 6240 6392 6240 6392 6241 6182 6241 6178 6241 6392 6242 6178 6242 6388 6242 6388 6243 6178 6243 6174 6243 6388 6243 6174 6243 6380 6243 6380 6244 6174 6244 6170 6244 6380 6244 6170 6244 6376 6244 6376 6245 6170 6245 6166 6245 6376 6246 6166 6246 6370 6246 6370 6247 6166 6247 6162 6247 6370 6248 6162 6248 6366 6248 6366 6249 6162 6249 6158 6249 6366 6250 6158 6250 6358 6250 6358 6251 6158 6251 6154 6251 6358 6252 6154 6252 6350 6252 6350 6253 6154 6253 6150 6253 6350 6254 6150 6254 6344 6254 6344 6255 6150 6255 6146 6255 6344 6256 6146 6256 6334 6256 6334 6257 6146 6257 6142 6257 6334 6258 6142 6258 6326 6258 6326 6259 6142 6259 6138 6259 6326 6260 6138 6260 6322 6260 6322 6261 6138 6261 6134 6261 6322 6262 6134 6262 6314 6262 6314 6263 6134 6263 6130 6263 6314 6264 6130 6264 6310 6264 6310 6265 6130 6265 6126 6265 6310 6266 6126 6266 6306 6266 6306 6267 6126 6267 6122 6267 6306 6268 6122 6268 6298 6268 6298 6269 6122 6269 6118 6269 6298 6270 6118 6270 6294 6270 6294 6271 6118 6271 6117 6271 6294 6272 6117 6272 6293 6272 6293 6273 6117 6273 6121 6273 6293 6274 6121 6274 6297 6274 6297 6275 6121 6275 6125 6275 6325 309 6333 309 6336 309 6358 309 6350 309 6347 309 6322 309 6314 309 6332 309 6332 6276 6314 6276 6310 6276 6310 6277 6306 6277 6332 6277 6332 309 6306 309 6298 309 6332 6278 6298 6278 6327 6278 6327 6279 6298 6279 6294 6279 6356 309 6388 309 6380 309 6388 6280 6356 6280 6392 6280 6380 309 6376 309 6356 309 6356 6281 6376 6281 6370 6281 6356 6282 6370 6282 6347 6282 6347 6283 6370 6283 6366 6283 6347 6284 6366 6284 6358 6284 6361 309 6369 309 6351 309 6351 6285 6369 6285 6373 6285 6294 6286 6293 6286 6327 6286 6327 309 6293 309 6297 309 6327 6287 6297 6287 6305 6287 6350 309 6344 309 6347 309 6347 6288 6344 6288 6334 6288 6347 309 6334 309 6332 309 6332 6289 6334 6289 6326 6289 6332 6290 6326 6290 6322 6290 6305 6291 6309 6291 6327 6291 6327 6292 6309 6292 6313 6292 6327 309 6313 309 6336 309 6336 6293 6313 6293 6317 6293 6336 6294 6317 6294 6325 6294 6373 309 6379 309 6351 309 6351 6295 6379 6295 6387 6295 6351 309 6387 309 6356 309 6356 6296 6387 6296 6391 6296 6356 309 6391 309 6392 309 6333 309 6339 309 6336 309 6336 6297 6339 6297 6349 6297 6336 309 6349 309 6351 309 6351 6298 6349 6298 6357 6298 6351 6299 6357 6299 6361 6299 3943 6300 3967 6300 4101 6300 3950 6301 4101 6301 3979 6301 3959 6302 3974 6302 4101 6302 4101 6303 3974 6303 3966 6303 3938 6304 3924 6304 4101 6304 3942 6305 3964 6305 4101 6305 3949 6306 4101 6306 3978 6306 3958 6307 3973 6307 4101 6307 4101 6308 3965 6308 3939 6308 3925 6309 4101 6309 3939 6309 3973 6310 3965 6310 4101 6310 3923 6311 3934 6311 3949 6311 3949 6312 3934 6312 4101 6312 3958 6313 4101 6313 3934 6313 3948 6314 3978 6314 4101 6314 4101 6315 3972 6315 3954 6315 3930 6316 4101 6316 3954 6316 3964 6317 3972 6317 4101 6317 3922 6318 3948 6318 3930 6318 3930 6319 3948 6319 4101 6319 3924 6320 3942 6320 4101 6320 3966 6321 3938 6321 4101 6321 3926 6322 3935 6322 3950 6322 3950 6323 3935 6323 4101 6323 3959 6324 4101 6324 3935 6324 3951 6325 3979 6325 4101 6325 4101 6326 3975 6326 3955 6326 3931 6327 4101 6327 3955 6327 3967 6328 3975 6328 4101 6328 3927 6329 3951 6329 3931 6329 3931 6330 3951 6330 4101 6330 3925 6331 3943 6331 4101 6331 3943 6332 3925 6332 3711 6332 3716 6333 3927 6333 3931 6333 3931 6334 3955 6334 3716 6334 3716 6335 3955 6335 3975 6335 3716 6336 3975 6336 3711 6336 3711 6337 3975 6337 3967 6337 3711 6338 3967 6338 3943 6338 3934 6339 3923 6339 3701 6339 3711 6340 3925 6340 3939 6340 3939 6341 3965 6341 3711 6341 3711 6342 3965 6342 3973 6342 3711 6343 3973 6343 3701 6343 3701 6344 3973 6344 3958 6344 3701 6345 3958 6345 3934 6345 3923 6346 3949 6346 3701 6346 3701 6347 3949 6347 3978 6347 3701 6348 3978 6348 3699 6348 3699 6349 3978 6349 3948 6349 3699 6350 3948 6350 3922 6350 3942 6351 3924 6351 3706 6351 3699 6352 3922 6352 3930 6352 3930 6353 3954 6353 3699 6353 3699 6354 3954 6354 3972 6354 3699 6355 3972 6355 3706 6355 3706 6356 3972 6356 3964 6356 3706 6357 3964 6357 3942 6357 3935 6358 3926 6358 3714 6358 3706 6359 3924 6359 3938 6359 3938 6360 3966 6360 3706 6360 3706 6361 3966 6361 3974 6361 3706 6362 3974 6362 3714 6362 3714 6363 3974 6363 3959 6363 3714 6364 3959 6364 3935 6364 3926 6365 3950 6365 3714 6365 3714 6366 3950 6366 3979 6366 3714 6367 3979 6367 3716 6367 3716 6368 3979 6368 3951 6368 3716 6369 3951 6369 3927 6369 3725 172 3729 172 3716 172 3710 6370 3713 6370 3711 6370 3724 6371 3722 6371 3714 6371 3699 172 3686 172 3684 172 3693 172 3695 172 3701 172 3701 6372 3695 6372 3700 6372 3701 6373 3700 6373 3711 6373 3711 6374 3700 6374 3703 6374 3711 6375 3703 6375 3710 6375 3707 6376 3702 6376 3706 6376 3706 172 3702 172 3698 172 3722 172 3720 172 3714 172 3714 6377 3720 6377 3715 6377 3714 6378 3715 6378 3706 6378 3706 6379 3715 6379 3712 6379 3706 6380 3712 6380 3707 6380 3729 6381 3731 6381 3716 6381 3716 172 3731 172 3730 172 3716 6382 3730 6382 3714 6382 3714 172 3730 172 3726 172 3714 172 3726 172 3724 172 3684 172 3685 172 3699 172 3699 6383 3685 6383 3689 6383 3699 6384 3689 6384 3701 6384 3701 172 3689 172 3691 172 3701 6385 3691 6385 3693 6385 3698 6386 3694 6386 3706 6386 3706 6387 3694 6387 3692 6387 3706 172 3692 172 3699 172 3699 6388 3692 6388 3690 6388 3699 172 3690 172 3686 172 3713 172 3717 172 3711 172 3711 6389 3717 6389 3721 6389 3711 172 3721 172 3716 172 3716 6390 3721 6390 3723 6390 3716 6391 3723 6391 3725 6391 3832 6392 3833 6392 3689 6392 3833 6393 3835 6393 3689 6393 3689 6394 3835 6394 3837 6394 3689 6395 3837 6395 3691 6395 3691 6396 3837 6396 3839 6396 3691 6397 3839 6397 3693 6397 3693 6398 3839 6398 3841 6398 3693 6399 3841 6399 3695 6399 3695 6400 3841 6400 3843 6400 3695 6401 3843 6401 3700 6401 3700 6402 3843 6402 3845 6402 3700 6403 3845 6403 3703 6403 3703 6404 3845 6404 3847 6404 3703 6405 3847 6405 3710 6405 3710 6406 3847 6406 3849 6406 3710 6406 3849 6406 3713 6406 3713 6407 3849 6407 3851 6407 3713 6408 3851 6408 3717 6408 3717 6409 3851 6409 3853 6409 3717 6410 3853 6410 3721 6410 3721 6411 3853 6411 3855 6411 3721 6412 3855 6412 3723 6412 3723 6413 3855 6413 3857 6413 3723 6414 3857 6414 3725 6414 3725 6415 3857 6415 3859 6415 3725 6416 3859 6416 3729 6416 3729 6417 3859 6417 3861 6417 3729 6417 3861 6417 3731 6417 3731 6418 3861 6418 3860 6418 3731 6419 3860 6419 3730 6419 3730 6420 3860 6420 3858 6420 3730 6421 3858 6421 3726 6421 3726 6422 3858 6422 3856 6422 3726 6423 3856 6423 3724 6423 3724 6424 3856 6424 3854 6424 3724 6424 3854 6424 3722 6424 3722 6425 3854 6425 3852 6425 3722 6426 3852 6426 3720 6426 3720 6427 3852 6427 3850 6427 3720 6428 3850 6428 3715 6428 3715 6429 3850 6429 3848 6429 3715 6429 3848 6429 3712 6429 3712 6430 3848 6430 3846 6430 3712 6431 3846 6431 3707 6431 3707 6432 3846 6432 3844 6432 3707 6432 3844 6432 3702 6432 3702 6433 3844 6433 3842 6433 3702 6434 3842 6434 3698 6434 3698 6435 3842 6435 3840 6435 3698 6436 3840 6436 3694 6436 3694 6437 3840 6437 3838 6437 3694 6438 3838 6438 3692 6438 3692 6439 3838 6439 3836 6439 3692 6440 3836 6440 3690 6440 3690 6441 3836 6441 3834 6441 3690 6441 3834 6441 3686 6441 3686 6442 3834 6442 3831 6442 3686 6442 3831 6442 3684 6442 3684 6443 3831 6443 3832 6443 3684 6444 3832 6444 3685 6444 3685 6445 3832 6445 3689 6445 3848 6446 4073 6446 4072 6446 3848 6447 4072 6447 3846 6447 4073 6448 3848 6448 4075 6448 4075 6449 3848 6449 3850 6449 4075 6450 3850 6450 4076 6450 4076 6451 3850 6451 4079 6451 4079 6452 3850 6452 3852 6452 4079 6453 3852 6453 4080 6453 4080 6454 3852 6454 4083 6454 4083 6455 3852 6455 3854 6455 4083 6456 3854 6456 4084 6456 4084 6457 3854 6457 4087 6457 4087 6458 3854 6458 3856 6458 4087 6459 3856 6459 4089 6459 4089 6460 3856 6460 4091 6460 4091 6461 3856 6461 3858 6461 4091 6462 3858 6462 4093 6462 4093 6463 3858 6463 4095 6463 4095 6464 3858 6464 3860 6464 4095 6465 3860 6465 4097 6465 3861 6466 3859 6466 4094 6466 4094 6467 4096 6467 3861 6467 3861 6468 4096 6468 4098 6468 3861 6469 4098 6469 3860 6469 3860 6470 4098 6470 4099 6470 3860 6471 4099 6471 4097 6471 3857 6472 3855 6472 4086 6472 4086 6473 4088 6473 3857 6473 3857 6474 4088 6474 4090 6474 3857 6475 4090 6475 3859 6475 3859 6476 4090 6476 4092 6476 3859 6477 4092 6477 4094 6477 3853 6478 3851 6478 4078 6478 4078 6479 4081 6479 3853 6479 3853 6480 4081 6480 4082 6480 3853 6481 4082 6481 3855 6481 3855 6482 4082 6482 4085 6482 3855 6483 4085 6483 4086 6483 3847 6484 4071 6484 3849 6484 3849 6485 4071 6485 4074 6485 3849 6486 4074 6486 3851 6486 3851 6487 4074 6487 4077 6487 3851 6488 4077 6488 4078 6488 3845 6489 4067 6489 3847 6489 3847 6490 4067 6490 4070 6490 3847 6491 4070 6491 4071 6491 3843 6492 4064 6492 3845 6492 3845 6493 4064 6493 4066 6493 3845 6494 4066 6494 4067 6494 3841 6495 4060 6495 3843 6495 3843 6496 4060 6496 4063 6496 3843 6497 4063 6497 4064 6497 3839 6498 4056 6498 3841 6498 3841 6499 4056 6499 4059 6499 3841 6500 4059 6500 4060 6500 3837 6501 4052 6501 3839 6501 3839 6502 4052 6502 4055 6502 3839 6503 4055 6503 4056 6503 3835 6504 4048 6504 3837 6504 3837 6505 4048 6505 4050 6505 3837 6506 4050 6506 4052 6506 3832 6507 4042 6507 3833 6507 3833 6508 4042 6508 4044 6508 3833 6509 4044 6509 3835 6509 3835 6510 4044 6510 4046 6510 3835 6511 4046 6511 4048 6511 3831 6512 3834 6512 4045 6512 4045 6513 4043 6513 3831 6513 3831 6514 4043 6514 4041 6514 3831 6515 4041 6515 3832 6515 3832 6516 4041 6516 4040 6516 3832 6517 4040 6517 4042 6517 3836 6518 3838 6518 4053 6518 4053 6519 4051 6519 3836 6519 3836 6520 4051 6520 4049 6520 3836 6521 4049 6521 3834 6521 3834 6522 4049 6522 4047 6522 3834 6523 4047 6523 4045 6523 3840 6524 3842 6524 4061 6524 4061 6525 4058 6525 3840 6525 3840 6526 4058 6526 4057 6526 3840 6527 4057 6527 3838 6527 3838 6528 4057 6528 4054 6528 3838 6529 4054 6529 4053 6529 4072 6530 4069 6530 3846 6530 3846 6531 4069 6531 4068 6531 3846 6532 4068 6532 3844 6532 3844 6533 4068 6533 4065 6533 3844 6534 4065 6534 3842 6534 3842 6535 4065 6535 4062 6535 3842 6536 4062 6536 4061 6536 4078 6537 4077 6537 4154 6537 4158 6538 4085 6538 4156 6538 4156 6539 4085 6539 4082 6539 4156 6540 4082 6540 4081 6540 4092 6541 4090 6541 4160 6541 4160 6542 4090 6542 4088 6542 4160 6543 4088 6543 4158 6543 4158 6544 4088 6544 4086 6544 4158 6545 4086 6545 4085 6545 4164 6546 4165 6546 4099 6546 4094 6547 4162 6547 4096 6547 4096 6548 4162 6548 4164 6548 4096 6549 4164 6549 4098 6549 4098 6550 4164 6550 4099 6550 4089 6551 4091 6551 4161 6551 4161 6552 4091 6552 4093 6552 4161 6553 4093 6553 4163 6553 4163 6554 4093 6554 4095 6554 4163 6555 4095 6555 4165 6555 4165 6556 4095 6556 4097 6556 4165 6557 4097 6557 4099 6557 4087 6558 4159 6558 4084 6558 4084 6559 4159 6559 4157 6559 4076 6560 4079 6560 4155 6560 4155 6561 4079 6561 4080 6561 4155 6562 4080 6562 4157 6562 4157 6563 4080 6563 4083 6563 4157 6564 4083 6564 4084 6564 4075 6565 4153 6565 4073 6565 4073 6566 4153 6566 4151 6566 4149 6567 4069 6567 4151 6567 4151 6568 4069 6568 4072 6568 4151 6569 4072 6569 4073 6569 4058 6570 4061 6570 4145 6570 4145 6571 4061 6571 4062 6571 4145 6572 4062 6572 4147 6572 4147 6573 4062 6573 4065 6573 4147 6574 4065 6574 4149 6574 4149 6575 4065 6575 4068 6575 4149 6576 4068 6576 4069 6576 4141 6577 4054 6577 4143 6577 4143 6578 4054 6578 4057 6578 4047 6579 4049 6579 4139 6579 4139 6580 4049 6580 4051 6580 4139 6581 4051 6581 4141 6581 4141 6582 4051 6582 4053 6582 4141 6583 4053 6583 4054 6583 4135 6584 4134 6584 4040 6584 4045 6585 4137 6585 4043 6585 4043 6586 4137 6586 4135 6586 4043 6587 4135 6587 4041 6587 4041 6588 4135 6588 4040 6588 4050 6589 4048 6589 4138 6589 4138 6590 4048 6590 4046 6590 4138 6591 4046 6591 4136 6591 4136 6592 4046 6592 4044 6592 4136 6593 4044 6593 4134 6593 4134 6594 4044 6594 4042 6594 4134 6595 4042 6595 4040 6595 4052 6596 4140 6596 4055 6596 4055 6597 4140 6597 4142 6597 4063 6598 4060 6598 4144 6598 4144 6599 4060 6599 4059 6599 4144 6600 4059 6600 4142 6600 4142 6601 4059 6601 4056 6601 4142 6602 4056 6602 4055 6602 4064 6603 4146 6603 4066 6603 4066 6604 4146 6604 4148 6604 4150 6605 4070 6605 4148 6605 4148 6606 4070 6606 4067 6606 4148 6607 4067 6607 4066 6607 4154 6608 4077 6608 4152 6608 4152 6609 4077 6609 4074 6609 4152 6610 4074 6610 4150 6610 4150 6611 4074 6611 4071 6611 4150 6612 4071 6612 4070 6612 4279 6613 4156 6613 4154 6613 4154 6614 4156 6614 4081 6614 4154 6615 4081 6615 4078 6615 4288 6616 4160 6616 4285 6616 4285 6617 4160 6617 4158 6617 4285 6618 4158 6618 4284 6618 4284 6619 4158 6619 4156 6619 4284 6620 4156 6620 4281 6620 4281 6621 4156 6621 4279 6621 4288 6622 4289 6622 4160 6622 4160 6623 4289 6623 4162 6623 4160 6624 4162 6624 4092 6624 4092 6625 4162 6625 4094 6625 4289 6626 4292 6626 4162 6626 4162 6627 4292 6627 4294 6627 4162 6628 4294 6628 4164 6628 4164 6629 4294 6629 4295 6629 4164 6630 4295 6630 4165 6630 4295 6631 4297 6631 4165 6631 4165 6632 4297 6632 4296 6632 4165 6633 4296 6633 4163 6633 4163 6634 4296 6634 4293 6634 4163 6635 4293 6635 4161 6635 4161 6636 4293 6636 4291 6636 4291 6637 4290 6637 4161 6637 4161 6638 4290 6638 4159 6638 4161 6639 4159 6639 4089 6639 4089 6640 4159 6640 4087 6640 4290 6641 4287 6641 4159 6641 4159 6642 4287 6642 4286 6642 4159 6643 4286 6643 4157 6643 4157 6644 4286 6644 4283 6644 4157 6645 4283 6645 4155 6645 4155 6646 4283 6646 4282 6646 4282 6647 4280 6647 4155 6647 4155 6648 4280 6648 4153 6648 4155 6649 4153 6649 4076 6649 4076 6650 4153 6650 4075 6650 4280 6651 4277 6651 4153 6651 4153 6652 4277 6652 4276 6652 4153 6653 4276 6653 4151 6653 4151 6654 4276 6654 4274 6654 4151 6655 4274 6655 4149 6655 4265 6656 4145 6656 4268 6656 4268 6657 4145 6657 4147 6657 4268 6658 4147 6658 4271 6658 4271 6659 4147 6659 4149 6659 4271 6660 4149 6660 4273 6660 4273 6661 4149 6661 4274 6661 4265 6662 4264 6662 4145 6662 4145 6663 4264 6663 4143 6663 4145 6664 4143 6664 4058 6664 4058 6665 4143 6665 4057 6665 4255 6666 4139 6666 4258 6666 4258 6667 4139 6667 4141 6667 4258 6668 4141 6668 4259 6668 4259 6669 4141 6669 4143 6669 4259 6670 4143 6670 4262 6670 4262 6671 4143 6671 4264 6671 4255 6672 4254 6672 4139 6672 4139 6673 4254 6673 4137 6673 4139 6674 4137 6674 4047 6674 4047 6675 4137 6675 4045 6675 4254 6676 4251 6676 4137 6676 4137 6677 4251 6677 4249 6677 4137 6678 4249 6678 4135 6678 4135 6679 4249 6679 4248 6679 4135 6680 4248 6680 4134 6680 4248 6681 4246 6681 4134 6681 4134 6682 4246 6682 4247 6682 4134 6683 4247 6683 4136 6683 4136 6684 4247 6684 4250 6684 4136 6685 4250 6685 4138 6685 4138 6686 4250 6686 4252 6686 4252 6687 4253 6687 4138 6687 4138 6688 4253 6688 4140 6688 4138 6689 4140 6689 4050 6689 4050 6690 4140 6690 4052 6690 4253 6691 4256 6691 4140 6691 4140 6692 4256 6692 4257 6692 4140 6693 4257 6693 4142 6693 4142 6694 4257 6694 4260 6694 4142 6695 4260 6695 4144 6695 4144 6696 4260 6696 4261 6696 4261 6697 4263 6697 4144 6697 4144 6698 4263 6698 4146 6698 4144 6699 4146 6699 4063 6699 4063 6700 4146 6700 4064 6700 4263 6701 4266 6701 4146 6701 4146 6702 4266 6702 4267 6702 4146 6703 4267 6703 4148 6703 4148 6704 4267 6704 4269 6704 4148 6705 4269 6705 4150 6705 4269 6706 4270 6706 4150 6706 4150 6707 4270 6707 4272 6707 4150 6708 4272 6708 4152 6708 4152 6709 4272 6709 4275 6709 4152 6710 4275 6710 4154 6710 4154 6711 4275 6711 4278 6711 4154 6712 4278 6712 4279 6712 4265 6713 4941 6713 4264 6713 4264 6714 4941 6714 4940 6714 4264 6715 4940 6715 4262 6715 4262 6716 4940 6716 4938 6716 4262 6717 4938 6717 4259 6717 4259 6717 4938 6717 4935 6717 4259 6718 4935 6718 4258 6718 4258 6719 4935 6719 4934 6719 4258 6720 4934 6720 4255 6720 4255 6721 4934 6721 4931 6721 4255 6722 4931 6722 4254 6722 4254 6723 4931 6723 4930 6723 4254 6724 4930 6724 4251 6724 4251 6725 4930 6725 4927 6725 4251 6726 4927 6726 4249 6726 4249 6727 4927 6727 4925 6727 4249 6728 4925 6728 4248 6728 4248 6729 4925 6729 4924 6729 4248 6730 4924 6730 4246 6730 4246 6731 4924 6731 4922 6731 4246 6732 4922 6732 4247 6732 4247 6733 4922 6733 4923 6733 4247 6734 4923 6734 4250 6734 4250 6735 4923 6735 4926 6735 4250 6736 4926 6736 4252 6736 4252 6737 4926 6737 4928 6737 4252 6738 4928 6738 4253 6738 4253 6739 4928 6739 4929 6739 4253 6740 4929 6740 4256 6740 4256 6741 4929 6741 4932 6741 4256 6742 4932 6742 4257 6742 4257 6742 4932 6742 4933 6742 4257 6743 4933 6743 4260 6743 4260 6743 4933 6743 4936 6743 4260 6744 4936 6744 4261 6744 4261 6745 4936 6745 4937 6745 4261 6746 4937 6746 4263 6746 4263 6747 4937 6747 4939 6747 4263 6748 4939 6748 4266 6748 4266 6748 4939 6748 4942 6748 4266 6749 4942 6749 4267 6749 4267 6750 4942 6750 4943 6750 4267 6751 4943 6751 4269 6751 4269 6752 4943 6752 4945 6752 4269 6753 4945 6753 4270 6753 4270 6754 4945 6754 4946 6754 4270 6755 4946 6755 4272 6755 4272 6755 4946 6755 4948 6755 4272 6756 4948 6756 4275 6756 4275 6757 4948 6757 4951 6757 4275 6758 4951 6758 4278 6758 4278 6759 4951 6759 4954 6759 4278 6760 4954 6760 4279 6760 4279 6761 4954 6761 4955 6761 4279 6762 4955 6762 4281 6762 4281 6763 4955 6763 4957 6763 4281 6764 4957 6764 4284 6764 4284 6765 4957 6765 4960 6765 4284 6766 4960 6766 4285 6766 4285 6766 4960 6766 4961 6766 4285 6767 4961 6767 4288 6767 4288 6768 4961 6768 4964 6768 4288 6769 4964 6769 4289 6769 4289 6770 4964 6770 4965 6770 4289 6771 4965 6771 4292 6771 4292 6772 4965 6772 4968 6772 4292 6773 4968 6773 4294 6773 4294 6774 4968 6774 4970 6774 4294 6775 4970 6775 4295 6775 4295 6776 4970 6776 4971 6776 4295 6777 4971 6777 4297 6777 4297 6778 4971 6778 4973 6778 4297 6779 4973 6779 4296 6779 4296 6780 4973 6780 4972 6780 4296 6781 4972 6781 4293 6781 4293 6782 4972 6782 4969 6782 4293 6783 4969 6783 4291 6783 4291 6784 4969 6784 4967 6784 4291 6785 4967 6785 4290 6785 4290 6786 4967 6786 4966 6786 4290 6787 4966 6787 4287 6787 4287 6788 4966 6788 4963 6788 4287 6789 4963 6789 4286 6789 4286 6789 4963 6789 4962 6789 4286 6790 4962 6790 4283 6790 4283 6790 4962 6790 4959 6790 4283 6791 4959 6791 4282 6791 4282 6792 4959 6792 4958 6792 4282 6793 4958 6793 4280 6793 4280 6794 4958 6794 4956 6794 4280 6795 4956 6795 4277 6795 4277 6795 4956 6795 4953 6795 4277 6796 4953 6796 4276 6796 4276 6796 4953 6796 4952 6796 4276 6797 4952 6797 4274 6797 4274 6798 4952 6798 4950 6798 4274 6799 4950 6799 4273 6799 4273 6800 4950 6800 4949 6800 4273 6801 4949 6801 4271 6801 4271 6801 4949 6801 4947 6801 4271 6802 4947 6802 4268 6802 4268 6803 4947 6803 4944 6803 4268 6804 4944 6804 4265 6804 4265 6804 4944 6804 4941 6804 6618 309 6621 309 6620 309 6618 309 6620 309 6616 309 6610 309 6612 309 6620 309 6620 6805 6612 6805 6614 6805 6620 6806 6614 6806 6616 6806 6613 309 6611 309 6620 309 6620 6807 6611 6807 6609 6807 6620 309 6609 309 6610 309 6619 309 6617 309 6620 309 6620 6808 6617 6808 6615 6808 6620 6809 6615 6809 6613 6809 6626 6810 6624 6810 6620 6810 6620 6811 6624 6811 6622 6811 6620 309 6622 309 6619 309 6632 309 6630 309 6620 309 6620 6812 6630 6812 6628 6812 6620 6813 6628 6813 6626 6813 6627 309 6629 309 6620 309 6620 309 6629 309 6631 309 6620 309 6631 309 6632 309 6621 6814 6623 6814 6620 6814 6620 6815 6623 6815 6625 6815 6620 309 6625 309 6627 309 4933 6816 4932 6816 5012 6816 5012 6817 4932 6817 5010 6817 5007 6818 5006 6818 4922 6818 4967 6819 4969 6819 5035 6819 4955 6820 4954 6820 5026 6820 4957 6821 5028 6821 4960 6821 4960 6822 5028 6822 5030 6822 4960 6823 5030 6823 4961 6823 4961 6824 5030 6824 4964 6824 4965 6825 5032 6825 4968 6825 4968 6826 5032 6826 5034 6826 4968 6827 5034 6827 4970 6827 4970 6828 5034 6828 5036 6828 5035 6829 4969 6829 5037 6829 4969 6830 4972 6830 5037 6830 5037 6831 4972 6831 4973 6831 5037 6832 4973 6832 5036 6832 5036 6833 4973 6833 4971 6833 5036 6834 4971 6834 4970 6834 4966 6835 5033 6835 4963 6835 4963 6836 5033 6836 5031 6836 4963 6837 5031 6837 4962 6837 4959 6838 5029 6838 4958 6838 4958 6839 5029 6839 5027 6839 5023 6840 4952 6840 5025 6840 5025 6841 4952 6841 4953 6841 5025 6842 4953 6842 5027 6842 5027 6843 4953 6843 4956 6843 5027 6844 4956 6844 4958 6844 5021 6845 4949 6845 5023 6845 5023 6846 4949 6846 4950 6846 5023 6847 4950 6847 4952 6847 5017 6848 4941 6848 5019 6848 5019 6849 4941 6849 4944 6849 5019 6850 4944 6850 5021 6850 5021 6851 4944 6851 4947 6851 5021 6852 4947 6852 4949 6852 4931 6853 4934 6853 5013 6853 5013 6854 4934 6854 4935 6854 5013 6855 4935 6855 5015 6855 5015 6856 4935 6856 4938 6856 5015 6857 4938 6857 5017 6857 5017 6858 4938 6858 4940 6858 5017 6859 4940 6859 4941 6859 4930 6860 5011 6860 4927 6860 4927 6861 5011 6861 5009 6861 4927 6862 5009 6862 4925 6862 4925 6863 5009 6863 5007 6863 4925 6864 5007 6864 4924 6864 4924 6865 5007 6865 4922 6865 4932 6866 4929 6866 5010 6866 5010 6867 4929 6867 4928 6867 5010 6868 4928 6868 5008 6868 5008 6869 4928 6869 4926 6869 5008 6870 4926 6870 5006 6870 5006 6871 4926 6871 4923 6871 5006 6872 4923 6872 4922 6872 4936 6873 5014 6873 4937 6873 4937 6874 5014 6874 5016 6874 5020 6875 4943 6875 5018 6875 5018 6876 4943 6876 4942 6876 5018 6877 4942 6877 5016 6877 5016 6878 4942 6878 4939 6878 5016 6879 4939 6879 4937 6879 5022 6880 4946 6880 5020 6880 5020 6881 4946 6881 4945 6881 5020 6882 4945 6882 4943 6882 5026 6883 4954 6883 5024 6883 5024 6884 4954 6884 4951 6884 5024 6885 4951 6885 5022 6885 5022 6886 4951 6886 4948 6886 5022 6887 4948 6887 4946 6887 5126 6888 5028 6888 5026 6888 5026 6889 5028 6889 4957 6889 5026 6890 4957 6890 4955 6890 5132 6891 5030 6891 5130 6891 5130 6892 5030 6892 5028 6892 5130 6893 5028 6893 5129 6893 5129 6894 5028 6894 5126 6894 5132 6895 5134 6895 5030 6895 5030 6896 5134 6896 5032 6896 5030 6897 5032 6897 4964 6897 4964 6898 5032 6898 4965 6898 5134 6899 5136 6899 5032 6899 5032 6900 5136 6900 5139 6900 5032 6901 5139 6901 5034 6901 5034 6902 5139 6902 5140 6902 5034 6903 5140 6903 5036 6903 5140 6904 5143 6904 5036 6904 5036 6905 5143 6905 5144 6905 5036 6906 5144 6906 5037 6906 5037 6907 5144 6907 5145 6907 5037 6908 5145 6908 5035 6908 5035 6909 5145 6909 5142 6909 5142 6910 5141 6910 5035 6910 5035 6911 5141 6911 5033 6911 5035 6912 5033 6912 4967 6912 4967 6913 5033 6913 4966 6913 5135 6914 5031 6914 5137 6914 5137 6915 5031 6915 5033 6915 5137 6916 5033 6916 5138 6916 5138 6917 5033 6917 5141 6917 5135 6918 5133 6918 5031 6918 5031 6919 5133 6919 5029 6919 5031 6920 5029 6920 4962 6920 4962 6921 5029 6921 4959 6921 5133 6922 5131 6922 5029 6922 5029 6923 5131 6923 5128 6923 5029 6924 5128 6924 5027 6924 5027 6925 5128 6925 5127 6925 5027 6926 5127 6926 5025 6926 5127 6927 5124 6927 5025 6927 5025 6928 5124 6928 5123 6928 5025 6929 5123 6929 5023 6929 5023 6930 5123 6930 5121 6930 5023 6931 5121 6931 5021 6931 5121 6932 5119 6932 5021 6932 5021 6933 5119 6933 5117 6933 5021 6934 5117 6934 5019 6934 5019 6935 5117 6935 5114 6935 5019 6936 5114 6936 5017 6936 5114 6937 5112 6937 5017 6937 5017 6938 5112 6938 5110 6938 5017 6939 5110 6939 5015 6939 5015 6940 5110 6940 5108 6940 5015 6941 5108 6941 5013 6941 5013 6942 5108 6942 5105 6942 5105 6943 5104 6943 5013 6943 5013 6944 5104 6944 5011 6944 5013 6945 5011 6945 4931 6945 4931 6946 5011 6946 4930 6946 5104 6947 5101 6947 5011 6947 5011 6948 5101 6948 5100 6948 5011 6949 5100 6949 5009 6949 5009 6950 5100 6950 5098 6950 5009 6951 5098 6951 5007 6951 5007 6952 5098 6952 5096 6952 5096 6953 5094 6953 5007 6953 5007 6954 5094 6954 5093 6954 5007 6955 5093 6955 5006 6955 5006 6956 5093 6956 5092 6956 5006 6957 5092 6957 5008 6957 5092 6958 5095 6958 5008 6958 5008 6959 5095 6959 5097 6959 5008 6960 5097 6960 5010 6960 5010 6961 5097 6961 5099 6961 5010 6962 5099 6962 5012 6962 5012 6963 5099 6963 5102 6963 5102 6964 5103 6964 5012 6964 5012 6965 5103 6965 5014 6965 5012 6966 5014 6966 4933 6966 4933 6967 5014 6967 4936 6967 5103 6968 5106 6968 5014 6968 5014 6969 5106 6969 5107 6969 5014 6970 5107 6970 5016 6970 5016 6971 5107 6971 5109 6971 5016 6972 5109 6972 5018 6972 5018 6973 5109 6973 5111 6973 5111 6974 5113 6974 5018 6974 5018 6975 5113 6975 5115 6975 5018 6976 5115 6976 5020 6976 5020 6977 5115 6977 5116 6977 5020 6978 5116 6978 5022 6978 5116 6979 5118 6979 5022 6979 5022 6980 5118 6980 5120 6980 5022 6981 5120 6981 5024 6981 5024 6982 5120 6982 5122 6982 5024 6983 5122 6983 5026 6983 5026 6984 5122 6984 5125 6984 5026 6985 5125 6985 5126 6985 5117 6986 6621 6986 6618 6986 5123 6987 6623 6987 5121 6987 5121 6988 6623 6988 6621 6988 5121 6989 6621 6989 5119 6989 5119 6990 6621 6990 5117 6990 5123 6991 5124 6991 6623 6991 6623 6992 5124 6992 5127 6992 6623 6993 5127 6993 6625 6993 5127 6994 5128 6994 6625 6994 6625 6995 5128 6995 5131 6995 6625 6996 5131 6996 6627 6996 5131 6997 5133 6997 6627 6997 6627 6998 5133 6998 5135 6998 6627 6999 5135 6999 6629 6999 6629 7000 5135 7000 5137 7000 6629 7001 5137 7001 6631 7001 6631 7002 5137 7002 5138 7002 6631 7003 5138 7003 5141 7003 5144 7004 6632 7004 5145 7004 5145 7005 6632 7005 6631 7005 5145 7006 6631 7006 5142 7006 5142 7007 6631 7007 5141 7007 5144 7008 5143 7008 6632 7008 6632 7009 5143 7009 5140 7009 6632 7010 5140 7010 6630 7010 5140 7011 5139 7011 6630 7011 6630 7012 5139 7012 5136 7012 6630 7013 5136 7013 6628 7013 5136 7014 5134 7014 6628 7014 6628 7015 5134 7015 5132 7015 6628 7016 5132 7016 6626 7016 6626 7017 5132 7017 5130 7017 6626 7018 5130 7018 6624 7018 6624 7019 5130 7019 5129 7019 6624 7020 5129 7020 5126 7020 5120 7021 6622 7021 5122 7021 5122 7022 6622 7022 6624 7022 5122 7023 6624 7023 5125 7023 5125 7024 6624 7024 5126 7024 5120 7025 5118 7025 6622 7025 6622 7026 5118 7026 5116 7026 6622 7027 5116 7027 6619 7027 5116 7028 5115 7028 6619 7028 6619 7029 5115 7029 5113 7029 6619 7030 5113 7030 6617 7030 5107 7031 6615 7031 5109 7031 5109 7032 6615 7032 6617 7032 5109 7033 6617 7033 5111 7033 5111 7034 6617 7034 5113 7034 5107 7035 5106 7035 6615 7035 6615 7036 5106 7036 5103 7036 6615 7037 5103 7037 6613 7037 5097 7038 6611 7038 5099 7038 5099 7039 6611 7039 6613 7039 5099 7040 6613 7040 5102 7040 5102 7041 6613 7041 5103 7041 5097 7042 5095 7042 6611 7042 6611 7043 5095 7043 5092 7043 6611 7044 5092 7044 6609 7044 5092 7045 5093 7045 6609 7045 6609 7046 5093 7046 5094 7046 6609 7047 5094 7047 6610 7047 5100 7048 6612 7048 5098 7048 5098 7049 6612 7049 6610 7049 5098 7050 6610 7050 5096 7050 5096 7051 6610 7051 5094 7051 5100 7052 5101 7052 6612 7052 6612 7053 5101 7053 5104 7053 6612 7054 5104 7054 6614 7054 5104 7055 5105 7055 6614 7055 6614 7056 5105 7056 5108 7056 6614 7057 5108 7057 6616 7057 5108 7058 5110 7058 6616 7058 6616 7059 5110 7059 5112 7059 6616 7060 5112 7060 6618 7060 6618 7061 5112 7061 5114 7061 6618 7062 5114 7062 5117 7062 2570 309 2576 309 2573 309 2603 309 2601 309 2574 309 2574 309 2601 309 2596 309 2574 309 2596 309 2593 309 2593 309 2591 309 2574 309 2574 7063 2591 7063 2589 7063 2574 309 2589 309 2587 309 2587 7064 2585 7064 2574 7064 2574 7065 2585 7065 2583 7065 2574 309 2583 309 2580 309 2576 309 2570 309 2577 309 2577 309 2570 309 2572 309 2577 309 2572 309 2579 309 2579 309 2572 309 2578 309 2579 7066 2578 7066 2581 7066 2610 309 2612 309 2602 309 2602 7067 2612 7067 2613 7067 2602 7068 2613 7068 2611 7068 2567 309 2565 309 2573 309 2573 7069 2565 7069 2563 7069 2573 7070 2563 7070 2564 7070 2564 309 2566 309 2573 309 2573 309 2566 309 2568 309 2573 7071 2568 7071 2570 7071 2611 7072 2609 7072 2602 7072 2602 7073 2609 7073 2607 7073 2602 7074 2607 7074 2603 7074 2603 7075 2607 7075 2605 7075 2603 309 2605 309 2601 309 2595 7076 2594 7076 2597 7076 2597 7077 2594 7077 2598 7077 2597 309 2598 309 2599 309 2599 309 2598 309 2604 309 2599 309 2604 309 2600 309 2600 309 2604 309 2606 309 2600 309 2606 309 2602 309 2602 7078 2606 7078 2608 7078 2602 309 2608 309 2610 309 2580 309 2575 309 2574 309 2574 309 2575 309 2571 309 2574 7079 2571 7079 2573 7079 2573 7080 2571 7080 2569 7080 2573 7081 2569 7081 2567 7081 2578 309 2582 309 2581 309 2581 7082 2582 7082 2584 7082 2581 7083 2584 7083 2586 7083 2586 309 2588 309 2581 309 2581 7084 2588 7084 2590 7084 2581 309 2590 309 2595 309 2595 7085 2590 7085 2592 7085 2595 7086 2592 7086 2594 7086 2481 401 2456 401 2595 401 2595 401 2456 401 2581 401 2581 7087 2456 7087 2579 7087 2579 7087 2456 7087 2454 7087 2579 7088 2454 7088 2577 7088 2577 7089 2454 7089 2451 7089 2577 7090 2451 7090 2576 7090 2576 7091 2451 7091 2445 7091 2576 7092 2445 7092 2573 7092 2573 7093 2445 7093 2442 7093 2442 430 2443 430 2573 430 2573 430 2443 430 2574 430 2443 30 2496 30 2574 30 2574 30 2496 30 2603 30 2496 212 2495 212 2603 212 2603 212 2495 212 2602 212 2602 7094 2495 7094 2600 7094 2600 7095 2495 7095 2493 7095 2600 7096 2493 7096 2599 7096 2599 7097 2493 7097 2489 7097 2599 7098 2489 7098 2597 7098 2597 7099 2489 7099 2486 7099 2597 7100 2486 7100 2595 7100 2595 7100 2486 7100 2481 7100 2470 7101 2586 7101 2466 7101 2466 7102 2586 7102 2584 7102 2466 7103 2584 7103 2462 7103 2462 7104 2584 7104 2582 7104 2462 7105 2582 7105 2458 7105 2458 7106 2582 7106 2578 7106 2458 7107 2578 7107 2452 7107 2452 7108 2578 7108 2572 7108 2452 7109 2572 7109 2441 7109 2441 7110 2572 7110 2570 7110 2441 7111 2570 7111 2437 7111 2437 7112 2570 7112 2568 7112 2437 7113 2568 7113 2433 7113 2433 7114 2568 7114 2566 7114 2433 7115 2566 7115 2431 7115 2431 7116 2566 7116 2564 7116 2431 7117 2564 7117 2427 7117 2427 7118 2564 7118 2563 7118 2427 7118 2563 7118 2426 7118 2426 7119 2563 7119 2565 7119 2426 7120 2565 7120 2428 7120 2428 7121 2565 7121 2567 7121 2428 7122 2567 7122 2432 7122 2432 7123 2567 7123 2569 7123 2432 7124 2569 7124 2436 7124 2436 7125 2569 7125 2571 7125 2436 7126 2571 7126 2438 7126 2438 7127 2571 7127 2575 7127 2438 7128 2575 7128 2444 7128 2444 7129 2575 7129 2580 7129 2444 7130 2580 7130 2455 7130 2455 7131 2580 7131 2583 7131 2455 7132 2583 7132 2461 7132 2461 7133 2583 7133 2585 7133 2461 7134 2585 7134 2465 7134 2465 7135 2585 7135 2587 7135 2465 7136 2587 7136 2467 7136 2467 401 2587 401 2589 401 2467 401 2589 401 2471 401 2471 7137 2589 7137 2591 7137 2471 7138 2591 7138 2475 7138 2475 7139 2591 7139 2593 7139 2475 7140 2593 7140 2479 7140 2479 7141 2593 7141 2596 7141 2479 7142 2596 7142 2483 7142 2483 7143 2596 7143 2601 7143 2483 7144 2601 7144 2494 7144 2494 7145 2601 7145 2605 7145 2494 7146 2605 7146 2500 7146 2500 7147 2605 7147 2607 7147 2500 7148 2607 7148 2504 7148 2504 7149 2607 7149 2609 7149 2504 7150 2609 7150 2506 7150 2506 7151 2609 7151 2611 7151 2506 7152 2611 7152 2510 7152 2510 7153 2611 7153 2613 7153 2510 7154 2613 7154 2514 7154 2514 7155 2613 7155 2612 7155 2514 7155 2612 7155 2511 7155 2511 7156 2612 7156 2610 7156 2511 7157 2610 7157 2509 7157 2509 7158 2610 7158 2608 7158 2509 7159 2608 7159 2505 7159 2505 7160 2608 7160 2606 7160 2505 7161 2606 7161 2501 7161 2501 7162 2606 7162 2604 7162 2501 7163 2604 7163 2499 7163 2499 7164 2604 7164 2598 7164 2499 7165 2598 7165 2488 7165 2488 7166 2598 7166 2594 7166 2488 7167 2594 7167 2480 7167 2480 7168 2594 7168 2592 7168 2480 7169 2592 7169 2476 7169 2476 7170 2592 7170 2590 7170 2476 7171 2590 7171 2474 7171 2474 7172 2590 7172 2588 7172 2474 7173 2588 7173 2470 7173 2470 7174 2588 7174 2586 7174 2501 7175 2499 7175 2489 7175 2489 172 2499 172 2486 172 2486 172 2499 172 2488 172 2486 172 2488 172 2481 172 2443 172 2444 172 2496 172 2496 172 2444 172 2455 172 2496 7176 2455 7176 2461 7176 2461 172 2465 172 2496 172 2496 7177 2465 7177 2467 7177 2496 172 2467 172 2471 172 2470 172 2466 172 2456 172 2471 172 2475 172 2496 172 2496 7178 2475 7178 2479 7178 2496 7179 2479 7179 2483 7179 2488 172 2480 172 2481 172 2481 7180 2480 7180 2476 7180 2481 172 2476 172 2456 172 2456 7181 2476 7181 2474 7181 2456 7182 2474 7182 2470 7182 2506 7183 2510 7183 2495 7183 2489 7184 2493 7184 2501 7184 2501 7185 2493 7185 2495 7185 2501 172 2495 172 2505 172 2505 172 2495 172 2509 172 2466 7186 2462 7186 2456 7186 2456 7187 2462 7187 2458 7187 2456 7188 2458 7188 2454 7188 2454 7189 2458 7189 2452 7189 2454 172 2452 172 2451 172 2451 172 2452 172 2441 172 2451 172 2441 172 2445 172 2445 172 2441 172 2437 172 2445 7190 2437 7190 2442 7190 2442 7191 2437 7191 2433 7191 2442 172 2433 172 2431 172 2431 172 2427 172 2442 172 2442 7192 2427 7192 2426 7192 2442 7193 2426 7193 2428 7193 2483 172 2494 172 2496 172 2496 7194 2494 7194 2500 7194 2496 7195 2500 7195 2495 7195 2495 172 2500 172 2504 172 2495 7196 2504 7196 2506 7196 2510 7197 2514 7197 2495 7197 2495 7198 2514 7198 2511 7198 2495 172 2511 172 2509 172 2428 7199 2432 7199 2442 7199 2442 7200 2432 7200 2436 7200 2442 7201 2436 7201 2443 7201 2443 172 2436 172 2438 172 2443 7202 2438 7202 2444 7202 396 7203 392 7203 388 7203 388 7204 392 7204 384 7204 388 309 384 309 380 309 380 7205 384 7205 378 7205 380 309 378 309 372 309 372 7206 378 7206 370 7206 372 309 370 309 368 309 368 7207 370 7207 362 7207 368 309 362 309 360 309 360 309 362 309 352 309 360 309 352 309 354 309 354 7208 352 7208 339 7208 354 309 339 309 348 309 348 7209 339 7209 333 7209 348 309 333 309 341 309 341 7210 333 7210 331 7210 341 7211 331 7211 336 7211 336 309 331 309 327 309 336 309 327 309 340 309 340 7212 327 7212 330 7212 340 309 330 309 347 309 347 7213 330 7213 332 7213 347 309 332 309 353 309 353 7214 332 7214 338 7214 353 7215 338 7215 359 7215 359 309 338 309 351 309 359 7216 351 7216 367 7216 367 309 351 309 361 309 367 309 361 309 371 309 371 7217 361 7217 369 7217 371 7218 369 7218 379 7218 379 309 369 309 377 309 379 7219 377 7219 387 7219 387 309 377 309 383 309 387 7220 383 7220 395 7220 383 309 391 309 395 309 395 7221 391 7221 397 7221 395 309 397 309 403 309 403 7222 397 7222 405 7222 403 309 405 309 409 309 409 309 405 309 413 309 409 7223 413 7223 417 7223 417 309 413 309 421 309 417 309 421 309 423 309 423 309 421 309 429 309 423 7224 429 7224 431 7224 431 309 429 309 437 309 431 309 437 309 435 309 435 309 437 309 447 309 435 309 447 309 443 309 443 309 447 309 457 309 443 309 457 309 449 309 449 309 457 309 461 309 449 309 461 309 455 309 455 7225 461 7225 463 7225 455 7226 463 7226 456 7226 456 309 463 309 464 309 456 309 464 309 450 309 450 7227 464 7227 462 7227 450 309 462 309 444 309 444 309 462 309 458 309 444 309 458 309 436 309 436 309 458 309 448 309 436 7228 448 7228 432 7228 432 7229 448 7229 438 7229 432 7230 438 7230 424 7230 424 309 438 309 430 309 424 309 430 309 418 309 418 309 430 309 422 309 418 309 422 309 410 309 410 7231 422 7231 414 7231 410 309 414 309 404 309 404 309 414 309 406 309 404 309 406 309 396 309 396 7232 406 7232 398 7232 396 7221 398 7221 392 7221 326 7233 244 7233 330 7233 330 7234 244 7234 246 7234 330 7235 246 7235 332 7235 332 7236 246 7236 249 7236 332 7237 249 7237 338 7237 338 7238 249 7238 255 7238 338 7239 255 7239 351 7239 351 7240 255 7240 261 7240 351 7241 261 7241 361 7241 361 7242 261 7242 265 7242 361 7243 265 7243 369 7243 369 7244 265 7244 269 7244 369 7245 269 7245 377 7245 377 7246 269 7246 273 7246 377 7247 273 7247 383 7247 383 7248 273 7248 277 7248 383 7249 277 7249 391 7249 391 7250 277 7250 281 7250 391 7250 281 7250 397 7250 397 7251 281 7251 285 7251 397 7252 285 7252 405 7252 405 7253 285 7253 289 7253 405 7254 289 7254 413 7254 413 7255 289 7255 293 7255 413 7256 293 7256 421 7256 421 7257 293 7257 297 7257 421 7258 297 7258 429 7258 429 7259 297 7259 303 7259 429 7260 303 7260 437 7260 437 7261 303 7261 307 7261 437 7262 307 7262 447 7262 447 7263 307 7263 313 7263 447 7264 313 7264 457 7264 457 7265 313 7265 315 7265 457 7266 315 7266 461 7266 461 7267 315 7267 317 7267 461 7267 317 7267 463 7267 463 430 317 430 318 430 463 430 318 430 464 430 464 7268 318 7268 316 7268 464 7268 316 7268 462 7268 462 7269 316 7269 314 7269 462 7270 314 7270 458 7270 458 7271 314 7271 308 7271 458 7272 308 7272 448 7272 448 7273 308 7273 304 7273 448 7274 304 7274 438 7274 438 7275 304 7275 298 7275 438 7276 298 7276 430 7276 430 7277 298 7277 294 7277 430 7278 294 7278 422 7278 422 7279 294 7279 290 7279 422 7280 290 7280 414 7280 414 7281 290 7281 286 7281 414 7282 286 7282 406 7282 406 7283 286 7283 282 7283 406 7284 282 7284 398 7284 398 7285 282 7285 278 7285 398 7286 278 7286 392 7286 392 7287 278 7287 274 7287 392 7288 274 7288 384 7288 384 7289 274 7289 270 7289 384 7290 270 7290 378 7290 378 7291 270 7291 266 7291 378 7292 266 7292 370 7292 370 7293 266 7293 262 7293 370 7294 262 7294 362 7294 362 7295 262 7295 256 7295 362 7296 256 7296 352 7296 352 7297 256 7297 250 7297 352 7298 250 7298 339 7298 339 7299 250 7299 247 7299 339 7300 247 7300 333 7300 333 7301 247 7301 245 7301 333 7302 245 7302 331 7302 331 7303 245 7303 243 7303 331 7304 243 7304 326 7304 326 7305 243 7305 244 7305 248 7306 337 7306 251 7306 251 7307 337 7307 340 7307 251 7308 340 7308 253 7308 253 7308 340 7308 347 7308 253 7309 347 7309 257 7309 257 7310 347 7310 353 7310 257 7311 353 7311 259 7311 259 7312 353 7312 359 7312 259 7313 359 7313 263 7313 263 7314 359 7314 367 7314 263 7315 367 7315 267 7315 267 7316 367 7316 371 7316 267 7317 371 7317 271 7317 271 7318 371 7318 379 7318 271 7319 379 7319 275 7319 275 7320 379 7320 387 7320 275 7321 387 7321 279 7321 279 7322 387 7322 395 7322 279 7323 395 7323 283 7323 283 7324 395 7324 403 7324 283 7325 403 7325 287 7325 287 7326 403 7326 409 7326 287 7327 409 7327 291 7327 291 7328 409 7328 417 7328 291 7329 417 7329 295 7329 295 7330 417 7330 423 7330 295 7331 423 7331 299 7331 299 7332 423 7332 431 7332 299 7333 431 7333 301 7333 301 7334 431 7334 435 7334 301 7335 435 7335 305 7335 305 7336 435 7336 443 7336 305 7337 443 7337 309 7337 309 7338 443 7338 449 7338 309 7339 449 7339 311 7339 311 7340 449 7340 455 7340 311 212 455 212 312 212 312 212 455 212 456 212 312 7341 456 7341 310 7341 310 7342 456 7342 450 7342 310 7343 450 7343 306 7343 306 7344 450 7344 444 7344 306 7345 444 7345 302 7345 302 7346 444 7346 436 7346 302 7347 436 7347 300 7347 300 7348 436 7348 432 7348 300 7349 432 7349 296 7349 296 7350 432 7350 424 7350 296 7351 424 7351 292 7351 292 7352 424 7352 418 7352 292 7353 418 7353 288 7353 288 7354 418 7354 410 7354 288 7355 410 7355 284 7355 284 7356 410 7356 404 7356 284 7357 404 7357 280 7357 280 7358 404 7358 396 7358 280 7359 396 7359 276 7359 276 7360 396 7360 388 7360 276 7361 388 7361 272 7361 272 7362 388 7362 380 7362 272 7363 380 7363 268 7363 268 7364 380 7364 372 7364 268 7365 372 7365 264 7365 264 7366 372 7366 368 7366 264 7367 368 7367 260 7367 260 7368 368 7368 360 7368 260 7369 360 7369 258 7369 258 7370 360 7370 354 7370 258 7371 354 7371 254 7371 254 7372 354 7372 348 7372 254 7373 348 7373 252 7373 252 7373 348 7373 341 7373 252 7374 341 7374 248 7374 248 7375 341 7375 337 7375 279 172 277 172 275 172 275 7376 277 7376 273 7376 275 172 273 172 271 172 271 172 273 172 269 172 271 172 269 172 267 172 267 172 269 172 265 172 267 172 265 172 263 172 263 7377 265 7377 261 7377 263 172 261 172 259 172 259 172 261 172 255 172 259 172 255 172 257 172 257 7378 255 7378 249 7378 257 172 249 172 253 172 253 172 249 172 246 172 253 172 246 172 251 172 251 7379 246 7379 244 7379 251 172 244 172 248 172 248 172 244 172 243 172 248 172 243 172 252 172 252 172 243 172 245 172 252 172 245 172 254 172 254 172 245 172 247 172 254 172 247 172 258 172 258 172 247 172 250 172 258 172 250 172 260 172 260 172 250 172 256 172 260 172 256 172 264 172 264 172 256 172 262 172 264 7380 262 7380 268 7380 268 172 262 172 266 172 268 7381 266 7381 272 7381 272 172 266 172 270 172 272 7382 270 7382 276 7382 276 172 270 172 274 172 276 7383 274 7383 280 7383 274 172 278 172 280 172 280 7384 278 7384 282 7384 280 172 282 172 284 172 284 7385 282 7385 286 7385 284 172 286 172 288 172 288 7386 286 7386 290 7386 288 7387 290 7387 292 7387 292 7388 290 7388 294 7388 292 7389 294 7389 296 7389 296 7390 294 7390 298 7390 296 172 298 172 300 172 300 172 298 172 304 172 300 172 304 172 302 172 302 7391 304 7391 308 7391 302 7392 308 7392 306 7392 306 172 308 172 314 172 306 172 314 172 310 172 310 7393 314 7393 316 7393 310 172 316 172 312 172 312 172 316 172 318 172 312 172 318 172 311 172 311 172 318 172 317 172 311 172 317 172 309 172 309 172 317 172 315 172 309 172 315 172 305 172 305 172 315 172 313 172 305 172 313 172 301 172 301 172 313 172 307 172 301 7394 307 7394 299 7394 299 172 307 172 303 172 299 7395 303 7395 295 7395 295 172 303 172 297 172 295 7396 297 7396 291 7396 291 172 297 172 293 172 291 7397 293 7397 287 7397 287 7398 293 7398 289 7398 287 7399 289 7399 283 7399 283 172 289 172 285 172 283 172 285 172 279 172 279 7400 285 7400 281 7400 279 7384 281 7384 277 7384 3940 7401 3961 7401 4100 7401 3947 7402 4100 7402 3977 7402 3957 7403 3971 7403 4100 7403 4100 7404 3971 7404 3963 7404 3937 7405 3920 7405 4100 7405 3941 7406 3962 7406 4100 7406 3944 7407 4100 7407 3976 7407 3956 7408 3968 7408 4100 7408 4100 7409 3960 7409 3936 7409 3917 7410 4100 7410 3936 7410 3968 7411 3960 7411 4100 7411 3916 7412 3932 7412 3944 7412 3944 7413 3932 7413 4100 7413 3956 7414 4100 7414 3932 7414 3945 7415 3976 7415 4100 7415 4100 7416 3969 7416 3952 7416 3928 7417 4100 7417 3952 7417 3962 7418 3969 7418 4100 7418 3918 7419 3945 7419 3928 7419 3928 7420 3945 7420 4100 7420 3920 7421 3941 7421 4100 7421 3963 7422 3937 7422 4100 7422 3921 7423 3933 7423 3947 7423 3947 7424 3933 7424 4100 7424 3957 7425 4100 7425 3933 7425 3946 7426 3977 7426 4100 7426 4100 7427 3970 7427 3953 7427 3929 7428 4100 7428 3953 7428 3961 7429 3970 7429 4100 7429 3919 7430 3946 7430 3929 7430 3929 7431 3946 7431 4100 7431 3917 7432 3940 7432 4100 7432 3940 7433 3917 7433 3464 7433 3472 7434 3919 7434 3929 7434 3929 7435 3953 7435 3472 7435 3472 7436 3953 7436 3970 7436 3472 7437 3970 7437 3464 7437 3464 7438 3970 7438 3961 7438 3464 7439 3961 7439 3940 7439 3932 7440 3916 7440 3461 7440 3464 7441 3917 7441 3936 7441 3936 7442 3960 7442 3464 7442 3464 7443 3960 7443 3968 7443 3464 7444 3968 7444 3461 7444 3461 7445 3968 7445 3956 7445 3461 7446 3956 7446 3932 7446 3916 7447 3944 7447 3461 7447 3461 7448 3944 7448 3976 7448 3461 7449 3976 7449 3465 7449 3465 7450 3976 7450 3945 7450 3465 7451 3945 7451 3918 7451 3941 7452 3920 7452 3473 7452 3465 7453 3918 7453 3928 7453 3928 7454 3952 7454 3465 7454 3465 7455 3952 7455 3969 7455 3465 7456 3969 7456 3473 7456 3473 7457 3969 7457 3962 7457 3473 7458 3962 7458 3941 7458 3933 7459 3921 7459 3476 7459 3473 7460 3920 7460 3937 7460 3937 7461 3963 7461 3473 7461 3473 7462 3963 7462 3971 7462 3473 7463 3971 7463 3476 7463 3476 7464 3971 7464 3957 7464 3476 7465 3957 7465 3933 7465 3921 7466 3947 7466 3476 7466 3476 7467 3947 7467 3977 7467 3476 7468 3977 7468 3472 7468 3472 7469 3977 7469 3946 7469 3472 7470 3946 7470 3919 7470 3474 7471 3477 7471 3472 7471 3453 7472 3459 7472 3464 7472 3491 7473 3493 7473 3476 7473 3465 7474 3460 7474 3454 7474 3444 172 3445 172 3461 172 3461 172 3445 172 3449 172 3461 7475 3449 7475 3464 7475 3464 172 3449 172 3451 172 3464 7476 3451 7476 3453 7476 3482 7477 3478 7477 3473 7477 3473 7478 3478 7478 3475 7478 3493 172 3492 172 3476 172 3476 172 3492 172 3486 172 3476 7479 3486 7479 3473 7479 3473 172 3486 172 3484 172 3473 7480 3484 7480 3482 7480 3477 172 3481 172 3472 172 3472 172 3481 172 3483 172 3472 7481 3483 7481 3476 7481 3476 7482 3483 7482 3485 7482 3476 7483 3485 7483 3491 7483 3454 172 3452 172 3465 172 3465 172 3452 172 3450 172 3465 7484 3450 7484 3461 7484 3461 7485 3450 7485 3446 7485 3461 172 3446 172 3444 172 3475 172 3471 172 3473 172 3473 7486 3471 7486 3467 7486 3473 172 3467 172 3465 172 3465 7487 3467 7487 3463 7487 3465 7488 3463 7488 3460 7488 3459 172 3462 172 3464 172 3464 7489 3462 7489 3466 7489 3464 7490 3466 7490 3472 7490 3472 7491 3466 7491 3470 7491 3472 7492 3470 7492 3474 7492 3807 7493 3805 7493 3450 7493 3805 7494 3804 7494 3450 7494 3450 7495 3804 7495 3802 7495 3450 7496 3802 7496 3446 7496 3446 7497 3802 7497 3800 7497 3446 7498 3800 7498 3444 7498 3444 7499 3800 7499 3801 7499 3444 7500 3801 7500 3445 7500 3445 7501 3801 7501 3803 7501 3445 7502 3803 7502 3449 7502 3449 7503 3803 7503 3806 7503 3449 7504 3806 7504 3451 7504 3451 7505 3806 7505 3808 7505 3451 7506 3808 7506 3453 7506 3453 7507 3808 7507 3810 7507 3453 7508 3810 7508 3459 7508 3459 7509 3810 7509 3812 7509 3459 7509 3812 7509 3462 7509 3462 7510 3812 7510 3814 7510 3462 7511 3814 7511 3466 7511 3466 7512 3814 7512 3816 7512 3466 7513 3816 7513 3470 7513 3470 7514 3816 7514 3818 7514 3470 7515 3818 7515 3474 7515 3474 7516 3818 7516 3820 7516 3474 7517 3820 7517 3477 7517 3477 7518 3820 7518 3822 7518 3477 7518 3822 7518 3481 7518 3481 7519 3822 7519 3824 7519 3481 7519 3824 7519 3483 7519 3483 7520 3824 7520 3826 7520 3483 7521 3826 7521 3485 7521 3485 7522 3826 7522 3828 7522 3485 7523 3828 7523 3491 7523 3491 7524 3828 7524 3830 7524 3491 7525 3830 7525 3493 7525 3493 7526 3830 7526 3829 7526 3493 7527 3829 7527 3492 7527 3492 7528 3829 7528 3827 7528 3492 7529 3827 7529 3486 7529 3486 7530 3827 7530 3825 7530 3486 7531 3825 7531 3484 7531 3484 7532 3825 7532 3823 7532 3484 7533 3823 7533 3482 7533 3482 7534 3823 7534 3821 7534 3482 7535 3821 7535 3478 7535 3478 7536 3821 7536 3819 7536 3478 7536 3819 7536 3475 7536 3475 7537 3819 7537 3817 7537 3475 7538 3817 7538 3471 7538 3471 7539 3817 7539 3815 7539 3471 7540 3815 7540 3467 7540 3467 7541 3815 7541 3813 7541 3467 7541 3813 7541 3463 7541 3463 7542 3813 7542 3811 7542 3463 7543 3811 7543 3460 7543 3460 7544 3811 7544 3809 7544 3460 7545 3809 7545 3454 7545 3454 7546 3809 7546 3807 7546 3454 7547 3807 7547 3452 7547 3452 7548 3807 7548 3450 7548 3825 7549 4028 7549 4026 7549 3825 7550 4026 7550 3823 7550 4028 7551 3825 7551 4030 7551 4030 7552 3825 7552 3827 7552 4030 7553 3827 7553 4032 7553 4032 7554 3827 7554 4034 7554 4034 7555 3827 7555 3829 7555 4034 7556 3829 7556 4036 7556 4036 7557 3829 7557 4039 7557 4039 7558 3829 7558 3830 7558 4039 7559 3830 7559 4038 7559 4038 7560 3830 7560 4037 7560 4037 7561 3830 7561 3828 7561 4037 7562 3828 7562 4035 7562 4035 7563 3828 7563 4033 7563 4033 7564 3828 7564 3826 7564 4033 7565 3826 7565 4031 7565 4031 7566 3826 7566 4029 7566 4029 7567 3826 7567 3824 7567 4029 7568 3824 7568 4027 7568 3822 7569 3820 7569 4019 7569 4019 7570 4021 7570 3822 7570 3822 7571 4021 7571 4022 7571 3822 7572 4022 7572 3824 7572 3824 7573 4022 7573 4025 7573 3824 7574 4025 7574 4027 7574 3818 7575 3816 7575 4011 7575 4011 7576 4014 7576 3818 7576 3818 7577 4014 7577 4015 7577 3818 7578 4015 7578 3820 7578 3820 7579 4015 7579 4018 7579 3820 7580 4018 7580 4019 7580 3814 7581 3812 7581 4003 7581 4003 7582 4006 7582 3814 7582 3814 7583 4006 7583 4007 7583 3814 7584 4007 7584 3816 7584 3816 7585 4007 7585 4010 7585 3816 7586 4010 7586 4011 7586 3808 7587 3996 7587 3810 7587 3810 7588 3996 7588 3999 7588 3810 7589 3999 7589 3812 7589 3812 7590 3999 7590 4002 7590 3812 7591 4002 7591 4003 7591 3806 7592 3993 7592 3808 7592 3808 7593 3993 7593 3995 7593 3808 7594 3995 7594 3996 7594 3803 7595 3989 7595 3806 7595 3806 7596 3989 7596 3991 7596 3806 7597 3991 7597 3993 7597 3801 7598 3985 7598 3803 7598 3803 7599 3985 7599 3987 7599 3803 7600 3987 7600 3989 7600 3800 7601 3980 7601 3801 7601 3801 7602 3980 7602 3983 7602 3801 7603 3983 7603 3985 7603 3802 7604 3982 7604 3800 7604 3800 7605 3982 7605 3981 7605 3800 7606 3981 7606 3980 7606 3804 7607 3986 7607 3802 7607 3802 7608 3986 7608 3984 7608 3802 7609 3984 7609 3982 7609 3807 7610 3992 7610 3805 7610 3805 7611 3992 7611 3990 7611 3805 7612 3990 7612 3804 7612 3804 7613 3990 7613 3988 7613 3804 7614 3988 7614 3986 7614 3809 7615 3811 7615 4000 7615 4000 7616 3998 7616 3809 7616 3809 7617 3998 7617 3997 7617 3809 7618 3997 7618 3807 7618 3807 7619 3997 7619 3994 7619 3807 7620 3994 7620 3992 7620 3813 7621 3815 7621 4008 7621 4008 7622 4005 7622 3813 7622 3813 7623 4005 7623 4004 7623 3813 7624 4004 7624 3811 7624 3811 7625 4004 7625 4001 7625 3811 7626 4001 7626 4000 7626 3817 7627 3819 7627 4016 7627 4016 7628 4013 7628 3817 7628 3817 7629 4013 7629 4012 7629 3817 7630 4012 7630 3815 7630 3815 7631 4012 7631 4009 7631 3815 7632 4009 7632 4008 7632 4026 7633 4024 7633 3823 7633 3823 7634 4024 7634 4023 7634 3823 7635 4023 7635 3821 7635 3821 7636 4023 7636 4020 7636 3821 7637 4020 7637 3819 7637 3819 7638 4020 7638 4017 7638 3819 7639 4017 7639 4016 7639 4003 7640 4002 7640 4114 7640 4118 7641 4010 7641 4116 7641 4116 7642 4010 7642 4007 7642 4116 7643 4007 7643 4006 7643 4018 7644 4015 7644 4120 7644 4120 7645 4015 7645 4014 7645 4120 7646 4014 7646 4118 7646 4118 7647 4014 7647 4011 7647 4118 7648 4011 7648 4010 7648 4124 7649 4126 7649 4025 7649 4019 7650 4122 7650 4021 7650 4021 7651 4122 7651 4124 7651 4021 7652 4124 7652 4022 7652 4022 7653 4124 7653 4025 7653 4035 7654 4033 7654 4130 7654 4130 7655 4033 7655 4031 7655 4130 7656 4031 7656 4128 7656 4128 7657 4031 7657 4029 7657 4128 7658 4029 7658 4126 7658 4126 7659 4029 7659 4027 7659 4126 7660 4027 7660 4025 7660 4037 7661 4132 7661 4038 7661 4038 7662 4132 7662 4133 7662 4032 7663 4034 7663 4131 7663 4131 7664 4034 7664 4036 7664 4131 7665 4036 7665 4133 7665 4133 7666 4036 7666 4039 7666 4133 7667 4039 7667 4038 7667 4030 7668 4129 7668 4028 7668 4028 7669 4129 7669 4127 7669 4125 7670 4024 7670 4127 7670 4127 7671 4024 7671 4026 7671 4127 7672 4026 7672 4028 7672 4013 7673 4016 7673 4121 7673 4121 7674 4016 7674 4017 7674 4121 7675 4017 7675 4123 7675 4123 7676 4017 7676 4020 7676 4123 7677 4020 7677 4125 7677 4125 7678 4020 7678 4023 7678 4125 7679 4023 7679 4024 7679 4117 7680 4009 7680 4119 7680 4119 7681 4009 7681 4012 7681 4001 7682 4004 7682 4115 7682 4115 7683 4004 7683 4005 7683 4115 7684 4005 7684 4117 7684 4117 7685 4005 7685 4008 7685 4117 7686 4008 7686 4009 7686 4111 7687 4109 7687 3994 7687 4000 7688 4113 7688 3998 7688 3998 7689 4113 7689 4111 7689 3998 7690 4111 7690 3997 7690 3997 7691 4111 7691 3994 7691 3984 7692 3986 7692 4105 7692 4105 7693 3986 7693 3988 7693 4105 7694 3988 7694 4107 7694 4107 7695 3988 7695 3990 7695 4107 7696 3990 7696 4109 7696 4109 7697 3990 7697 3992 7697 4109 7698 3992 7698 3994 7698 3982 7699 4103 7699 3981 7699 3981 7700 4103 7700 4102 7700 3987 7701 3985 7701 4104 7701 4104 7702 3985 7702 3983 7702 4104 7703 3983 7703 4102 7703 4102 7704 3983 7704 3980 7704 4102 7705 3980 7705 3981 7705 3989 7706 4106 7706 3991 7706 3991 7707 4106 7707 4108 7707 4110 7708 3995 7708 4108 7708 4108 7709 3995 7709 3993 7709 4108 7710 3993 7710 3991 7710 4114 7711 4002 7711 4112 7711 4112 7712 4002 7712 3999 7712 4112 7713 3999 7713 4110 7713 4110 7714 3999 7714 3996 7714 4110 7715 3996 7715 3995 7715 4216 7716 4116 7716 4114 7716 4114 7717 4116 7717 4006 7717 4114 7718 4006 7718 4003 7718 4224 7719 4120 7719 4221 7719 4221 7720 4120 7720 4118 7720 4221 7721 4118 7721 4220 7721 4220 7722 4118 7722 4116 7722 4220 7723 4116 7723 4217 7723 4217 7724 4116 7724 4216 7724 4224 7725 4225 7725 4120 7725 4120 7726 4225 7726 4122 7726 4120 7727 4122 7727 4018 7727 4018 7728 4122 7728 4019 7728 4225 7729 4227 7729 4122 7729 4122 7730 4227 7730 4229 7730 4122 7731 4229 7731 4124 7731 4124 7732 4229 7732 4230 7732 4124 7733 4230 7733 4126 7733 4230 7734 4233 7734 4126 7734 4126 7735 4233 7735 4234 7735 4126 7736 4234 7736 4128 7736 4128 7737 4234 7737 4236 7737 4128 7738 4236 7738 4130 7738 4130 7739 4236 7739 4239 7739 4239 7740 4240 7740 4130 7740 4130 7741 4240 7741 4132 7741 4130 7742 4132 7742 4035 7742 4035 7743 4132 7743 4037 7743 4240 7744 4243 7744 4132 7744 4132 7745 4243 7745 4244 7745 4132 7746 4244 7746 4133 7746 4133 7747 4244 7747 4245 7747 4133 7748 4245 7748 4131 7748 4131 7749 4245 7749 4242 7749 4242 7750 4241 7750 4131 7750 4131 7751 4241 7751 4129 7751 4131 7752 4129 7752 4032 7752 4032 7753 4129 7753 4030 7753 4241 7754 4238 7754 4129 7754 4129 7755 4238 7755 4237 7755 4129 7756 4237 7756 4127 7756 4127 7757 4237 7757 4235 7757 4127 7758 4235 7758 4125 7758 4226 7759 4121 7759 4228 7759 4228 7760 4121 7760 4123 7760 4228 7761 4123 7761 4231 7761 4231 7762 4123 7762 4125 7762 4231 7763 4125 7763 4232 7763 4232 7764 4125 7764 4235 7764 4226 7765 4223 7765 4121 7765 4121 7766 4223 7766 4119 7766 4121 7767 4119 7767 4013 7767 4013 7768 4119 7768 4012 7768 4215 7769 4115 7769 4218 7769 4218 7770 4115 7770 4117 7770 4218 7771 4117 7771 4219 7771 4219 7772 4117 7772 4119 7772 4219 7773 4119 7773 4222 7773 4222 7774 4119 7774 4223 7774 4215 7775 4214 7775 4115 7775 4115 7776 4214 7776 4113 7776 4115 7777 4113 7777 4001 7777 4001 7778 4113 7778 4000 7778 4214 7779 4212 7779 4113 7779 4113 7780 4212 7780 4210 7780 4113 7781 4210 7781 4111 7781 4111 7782 4210 7782 4209 7782 4111 7783 4209 7783 4109 7783 4209 7784 4206 7784 4109 7784 4109 7785 4206 7785 4205 7785 4109 7786 4205 7786 4107 7786 4107 7787 4205 7787 4203 7787 4107 7788 4203 7788 4105 7788 4105 7789 4203 7789 4200 7789 4200 7790 4199 7790 4105 7790 4105 7791 4199 7791 4103 7791 4105 7792 4103 7792 3984 7792 3984 7793 4103 7793 3982 7793 4199 7794 4196 7794 4103 7794 4103 7795 4196 7795 4195 7795 4103 7796 4195 7796 4102 7796 4102 7797 4195 7797 4194 7797 4102 7798 4194 7798 4104 7798 4104 7799 4194 7799 4197 7799 4197 7800 4198 7800 4104 7800 4104 7801 4198 7801 4106 7801 4104 7802 4106 7802 3987 7802 3987 7803 4106 7803 3989 7803 4198 7804 4201 7804 4106 7804 4106 7805 4201 7805 4202 7805 4106 7806 4202 7806 4108 7806 4108 7807 4202 7807 4204 7807 4108 7808 4204 7808 4110 7808 4204 7809 4207 7809 4110 7809 4110 7810 4207 7810 4208 7810 4110 7811 4208 7811 4112 7811 4112 7812 4208 7812 4211 7812 4112 7813 4211 7813 4114 7813 4114 7814 4211 7814 4213 7814 4114 7815 4213 7815 4216 7815 4226 7816 4902 7816 4223 7816 4223 7817 4902 7817 4899 7817 4223 7818 4899 7818 4222 7818 4222 7818 4899 7818 4898 7818 4222 7819 4898 7819 4219 7819 4219 7820 4898 7820 4895 7820 4219 7821 4895 7821 4218 7821 4218 7822 4895 7822 4894 7822 4218 7823 4894 7823 4215 7823 4215 7824 4894 7824 4891 7824 4215 7825 4891 7825 4214 7825 4214 7826 4891 7826 4890 7826 4214 7827 4890 7827 4212 7827 4212 7828 4890 7828 4888 7828 4212 7829 4888 7829 4210 7829 4210 7830 4888 7830 4886 7830 4210 7831 4886 7831 4209 7831 4209 7831 4886 7831 4885 7831 4209 7832 4885 7832 4206 7832 4206 7833 4885 7833 4882 7833 4206 7834 4882 7834 4205 7834 4205 7835 4882 7835 4881 7835 4205 7836 4881 7836 4203 7836 4203 7836 4881 7836 4879 7836 4203 7837 4879 7837 4200 7837 4200 7838 4879 7838 4876 7838 4200 7839 4876 7839 4199 7839 4199 7840 4876 7840 4875 7840 4199 7841 4875 7841 4196 7841 4196 7841 4875 7841 4872 7841 4196 7842 4872 7842 4195 7842 4195 7843 4872 7843 4871 7843 4195 7844 4871 7844 4194 7844 4194 7844 4871 7844 4870 7844 4194 7845 4870 7845 4197 7845 4197 7846 4870 7846 4873 7846 4197 7847 4873 7847 4198 7847 4198 7848 4873 7848 4874 7848 4198 7849 4874 7849 4201 7849 4201 7850 4874 7850 4877 7850 4201 7851 4877 7851 4202 7851 4202 7852 4877 7852 4878 7852 4202 7853 4878 7853 4204 7853 4204 7854 4878 7854 4880 7854 4204 7855 4880 7855 4207 7855 4207 7856 4880 7856 4883 7856 4207 7857 4883 7857 4208 7857 4208 7858 4883 7858 4884 7858 4208 7859 4884 7859 4211 7859 4211 7860 4884 7860 4887 7860 4211 7861 4887 7861 4213 7861 4213 7862 4887 7862 4889 7862 4213 7863 4889 7863 4216 7863 4216 7864 4889 7864 4892 7864 4216 7865 4892 7865 4217 7865 4217 7866 4892 7866 4893 7866 4217 7867 4893 7867 4220 7867 4220 7868 4893 7868 4896 7868 4220 7869 4896 7869 4221 7869 4221 7870 4896 7870 4897 7870 4221 7871 4897 7871 4224 7871 4224 7872 4897 7872 4900 7872 4224 7873 4900 7873 4225 7873 4225 7874 4900 7874 4901 7874 4225 7875 4901 7875 4227 7875 4227 7876 4901 7876 4903 7876 4227 7877 4903 7877 4229 7877 4229 7878 4903 7878 4905 7878 4229 7879 4905 7879 4230 7879 4230 7879 4905 7879 4906 7879 4230 7880 4906 7880 4233 7880 4233 7881 4906 7881 4909 7881 4233 7882 4909 7882 4234 7882 4234 7883 4909 7883 4910 7883 4234 7884 4910 7884 4236 7884 4236 7885 4910 7885 4912 7885 4236 7886 4912 7886 4239 7886 4239 7887 4912 7887 4915 7887 4239 7888 4915 7888 4240 7888 4240 7889 4915 7889 4916 7889 4240 7890 4916 7890 4243 7890 4243 7891 4916 7891 4919 7891 4243 7892 4919 7892 4244 7892 4244 7893 4919 7893 4920 7893 4244 7894 4920 7894 4245 7894 4245 7894 4920 7894 4921 7894 4245 7895 4921 7895 4242 7895 4242 7896 4921 7896 4918 7896 4242 7897 4918 7897 4241 7897 4241 7898 4918 7898 4917 7898 4241 7899 4917 7899 4238 7899 4238 7900 4917 7900 4914 7900 4238 7901 4914 7901 4237 7901 4237 7902 4914 7902 4913 7902 4237 7903 4913 7903 4235 7903 4235 7903 4913 7903 4911 7903 4235 7904 4911 7904 4232 7904 4232 7905 4911 7905 4908 7905 4232 7906 4908 7906 4231 7906 4231 7906 4908 7906 4907 7906 4231 7907 4907 7907 4228 7907 4228 7908 4907 7908 4904 7908 4228 7909 4904 7909 4226 7909 4226 7910 4904 7910 4902 7910 6601 7911 6603 7911 6597 7911 6601 309 6597 309 6599 309 6592 309 6594 309 6597 309 6597 7912 6594 7912 6596 7912 6597 7913 6596 7913 6599 7913 6586 7914 6588 7914 6597 7914 6597 7915 6588 7915 6590 7915 6597 7916 6590 7916 6592 7916 6589 7917 6587 7917 6597 7917 6597 309 6587 309 6585 309 6597 309 6585 309 6586 309 6595 309 6593 309 6597 309 6597 7918 6593 7918 6591 7918 6597 309 6591 309 6589 309 6602 309 6600 309 6597 309 6597 7919 6600 7919 6598 7919 6597 309 6598 309 6595 309 6608 7920 6606 7920 6597 7920 6597 7921 6606 7921 6604 7921 6597 7922 6604 7922 6602 7922 6603 309 6605 309 6597 309 6597 309 6605 309 6607 309 6597 309 6607 309 6608 309 4871 7923 4872 7923 4975 7923 4975 7924 4872 7924 4977 7924 4983 7925 4981 7925 4882 7925 4915 7926 4912 7926 5000 7926 4892 7927 4889 7927 4986 7927 4893 7928 4988 7928 4896 7928 4896 7929 4988 7929 4990 7929 4896 7930 4990 7930 4897 7930 4897 7931 4990 7931 4900 7931 4901 7932 4992 7932 4903 7932 4903 7933 4992 7933 4994 7933 4903 7934 4994 7934 4905 7934 4905 7935 4994 7935 4996 7935 5000 7936 4912 7936 4998 7936 4912 7937 4910 7937 4998 7937 4998 7938 4910 7938 4909 7938 4998 7939 4909 7939 4996 7939 4996 7940 4909 7940 4906 7940 4996 7941 4906 7941 4905 7941 4916 7942 5002 7942 4919 7942 4919 7943 5002 7943 5004 7943 4919 7944 5004 7944 4920 7944 4921 7945 5005 7945 4918 7945 4918 7946 5005 7946 5003 7946 4999 7947 4913 7947 5001 7947 5001 7948 4913 7948 4914 7948 5001 7949 4914 7949 5003 7949 5003 7950 4914 7950 4917 7950 5003 7951 4917 7951 4918 7951 4997 7952 4908 7952 4999 7952 4999 7953 4908 7953 4911 7953 4999 7954 4911 7954 4913 7954 4993 7955 4902 7955 4995 7955 4995 7956 4902 7956 4904 7956 4995 7957 4904 7957 4997 7957 4997 7958 4904 7958 4907 7958 4997 7959 4907 7959 4908 7959 4891 7960 4894 7960 4989 7960 4989 7961 4894 7961 4895 7961 4989 7962 4895 7962 4991 7962 4991 7963 4895 7963 4898 7963 4991 7964 4898 7964 4993 7964 4993 7965 4898 7965 4899 7965 4993 7966 4899 7966 4902 7966 4890 7967 4987 7967 4888 7967 4888 7968 4987 7968 4985 7968 4888 7969 4985 7969 4886 7969 4886 7970 4985 7970 4983 7970 4886 7971 4983 7971 4885 7971 4885 7972 4983 7972 4882 7972 4872 7973 4875 7973 4977 7973 4977 7974 4875 7974 4876 7974 4977 7975 4876 7975 4979 7975 4979 7976 4876 7976 4879 7976 4979 7977 4879 7977 4981 7977 4981 7978 4879 7978 4881 7978 4981 7979 4881 7979 4882 7979 4870 7980 4974 7980 4873 7980 4873 7981 4974 7981 4976 7981 4980 7982 4878 7982 4978 7982 4978 7983 4878 7983 4877 7983 4978 7984 4877 7984 4976 7984 4976 7985 4877 7985 4874 7985 4976 7986 4874 7986 4873 7986 4982 7987 4883 7987 4980 7987 4980 7988 4883 7988 4880 7988 4980 7989 4880 7989 4878 7989 4986 7990 4889 7990 4984 7990 4984 7991 4889 7991 4887 7991 4984 7992 4887 7992 4982 7992 4982 7993 4887 7993 4884 7993 4982 7994 4884 7994 4883 7994 5059 7995 4988 7995 4986 7995 4986 7996 4988 7996 4893 7996 4986 7997 4893 7997 4892 7997 5066 7998 4990 7998 5063 7998 5063 7999 4990 7999 4988 7999 5063 8000 4988 8000 5062 8000 5062 8001 4988 8001 5059 8001 5066 8002 5068 8002 4990 8002 4990 8003 5068 8003 4992 8003 4990 8004 4992 8004 4900 8004 4900 8005 4992 8005 4901 8005 5068 8006 5069 8006 4992 8006 4992 8007 5069 8007 5072 8007 4992 8008 5072 8008 4994 8008 4994 8009 5072 8009 5073 8009 4994 8010 5073 8010 4996 8010 5073 8011 5075 8011 4996 8011 4996 8012 5075 8012 5076 8012 4996 8013 5076 8013 4998 8013 4998 8014 5076 8014 5079 8014 4998 8015 5079 8015 5000 8015 5000 8016 5079 8016 5081 8016 5081 8017 5082 8017 5000 8017 5000 8018 5082 8018 5002 8018 5000 8019 5002 8019 4915 8019 4915 8020 5002 8020 4916 8020 5089 8021 5004 8021 5086 8021 5086 8022 5004 8022 5002 8022 5086 8023 5002 8023 5085 8023 5085 8024 5002 8024 5082 8024 5089 8025 5090 8025 5004 8025 5004 8026 5090 8026 5005 8026 5004 8027 5005 8027 4920 8027 4920 8028 5005 8028 4921 8028 5090 8029 5091 8029 5005 8029 5005 8030 5091 8030 5088 8030 5005 8031 5088 8031 5003 8031 5003 8032 5088 8032 5087 8032 5003 8033 5087 8033 5001 8033 5087 8034 5084 8034 5001 8034 5001 8035 5084 8035 5083 8035 5001 8036 5083 8036 4999 8036 4999 8037 5083 8037 5080 8037 4999 8038 5080 8038 4997 8038 5080 8039 5078 8039 4997 8039 4997 8040 5078 8040 5077 8040 4997 8041 5077 8041 4995 8041 4995 8042 5077 8042 5074 8042 4995 8043 5074 8043 4993 8043 5074 8044 5071 8044 4993 8044 4993 8045 5071 8045 5070 8045 4993 8046 5070 8046 4991 8046 4991 8047 5070 8047 5067 8047 4991 8048 5067 8048 4989 8048 4989 8049 5067 8049 5065 8049 5065 8050 5064 8050 4989 8050 4989 8051 5064 8051 4987 8051 4989 8052 4987 8052 4891 8052 4891 8053 4987 8053 4890 8053 5064 8054 5061 8054 4987 8054 4987 8055 5061 8055 5060 8055 4987 8056 5060 8056 4985 8056 4985 8057 5060 8057 5057 8057 4985 8058 5057 8058 4983 8058 4983 8059 5057 8059 5055 8059 5055 8060 5054 8060 4983 8060 4983 8061 5054 8061 5051 8061 4983 8062 5051 8062 4981 8062 4981 8063 5051 8063 5050 8063 4981 8064 5050 8064 4979 8064 5050 8065 5047 8065 4979 8065 4979 8066 5047 8066 5046 8066 4979 8067 5046 8067 4977 8067 4977 8068 5046 8068 5043 8068 4977 8069 5043 8069 4975 8069 4975 8070 5043 8070 5041 8070 5041 8071 5040 8071 4975 8071 4975 8072 5040 8072 4974 8072 4975 8073 4974 8073 4871 8073 4871 8074 4974 8074 4870 8074 5040 8075 5038 8075 4974 8075 4974 8076 5038 8076 5039 8076 4974 8077 5039 8077 4976 8077 4976 8078 5039 8078 5042 8078 4976 8079 5042 8079 4978 8079 4978 8080 5042 8080 5044 8080 5044 8081 5045 8081 4978 8081 4978 8082 5045 8082 5048 8082 4978 8083 5048 8083 4980 8083 4980 8084 5048 8084 5049 8084 4980 8085 5049 8085 4982 8085 5049 8086 5052 8086 4982 8086 4982 8087 5052 8087 5053 8087 4982 8088 5053 8088 4984 8088 4984 8089 5053 8089 5056 8089 4984 8090 5056 8090 4986 8090 4986 8091 5056 8091 5058 8091 4986 8092 5058 8092 5059 8092 5077 8093 6603 8093 6601 8093 5083 8094 6605 8094 5080 8094 5080 8095 6605 8095 6603 8095 5080 8096 6603 8096 5078 8096 5078 8097 6603 8097 5077 8097 5083 8098 5084 8098 6605 8098 6605 8099 5084 8099 5087 8099 6605 8100 5087 8100 6607 8100 5087 8101 5088 8101 6607 8101 6607 8102 5088 8102 5091 8102 6607 8103 5091 8103 6608 8103 5091 8104 5090 8104 6608 8104 6608 8105 5090 8105 5089 8105 6608 8106 5089 8106 6606 8106 6606 8107 5089 8107 5086 8107 6606 8108 5086 8108 6604 8108 6604 8109 5086 8109 5085 8109 6604 8110 5085 8110 5082 8110 5076 8111 6602 8111 5079 8111 5079 8112 6602 8112 6604 8112 5079 8113 6604 8113 5081 8113 5081 8114 6604 8114 5082 8114 5076 8115 5075 8115 6602 8115 6602 8116 5075 8116 5073 8116 6602 8117 5073 8117 6600 8117 5073 8118 5072 8118 6600 8118 6600 8119 5072 8119 5069 8119 6600 8120 5069 8120 6598 8120 5069 8121 5068 8121 6598 8121 6598 8122 5068 8122 5066 8122 6598 8123 5066 8123 6595 8123 6595 8124 5066 8124 5063 8124 6595 8125 5063 8125 6593 8125 6593 8126 5063 8126 5062 8126 6593 8127 5062 8127 5059 8127 5053 8128 6591 8128 5056 8128 5056 8129 6591 8129 6593 8129 5056 8130 6593 8130 5058 8130 5058 8131 6593 8131 5059 8131 5053 8132 5052 8132 6591 8132 6591 8133 5052 8133 5049 8133 6591 8134 5049 8134 6589 8134 5049 8135 5048 8135 6589 8135 6589 8136 5048 8136 5045 8136 6589 8137 5045 8137 6587 8137 5039 8138 6585 8138 5042 8138 5042 8139 6585 8139 6587 8139 5042 8140 6587 8140 5044 8140 5044 8141 6587 8141 5045 8141 5039 8142 5038 8142 6585 8142 6585 8143 5038 8143 5040 8143 6585 8144 5040 8144 6586 8144 5046 8145 6588 8145 5043 8145 5043 8146 6588 8146 6586 8146 5043 8147 6586 8147 5041 8147 5041 8148 6586 8148 5040 8148 5046 8149 5047 8149 6588 8149 6588 8150 5047 8150 5050 8150 6588 8151 5050 8151 6590 8151 5050 8152 5051 8152 6590 8152 6590 8153 5051 8153 5054 8153 6590 8154 5054 8154 6592 8154 5060 8155 6594 8155 5057 8155 5057 8156 6594 8156 6592 8156 5057 8157 6592 8157 5055 8157 5055 8158 6592 8158 5054 8158 5060 8159 5061 8159 6594 8159 6594 8160 5061 8160 5064 8160 6594 8161 5064 8161 6596 8161 5064 8162 5065 8162 6596 8162 6596 8163 5065 8163 5067 8163 6596 8164 5067 8164 6599 8164 5067 8165 5070 8165 6599 8165 6599 8166 5070 8166 5071 8166 6599 8167 5071 8167 6601 8167 6601 8168 5071 8168 5074 8168 6601 8169 5074 8169 5077 8169 3756 309 3762 309 3759 309 3789 309 3787 309 3760 309 3760 309 3787 309 3782 309 3760 309 3782 309 3779 309 3779 309 3777 309 3760 309 3760 8170 3777 8170 3775 8170 3760 309 3775 309 3773 309 3773 309 3771 309 3760 309 3760 309 3771 309 3769 309 3760 309 3769 309 3766 309 3762 309 3756 309 3763 309 3763 8171 3756 8171 3758 8171 3763 309 3758 309 3765 309 3765 8172 3758 8172 3764 8172 3765 7066 3764 7066 3767 7066 3796 8173 3798 8173 3788 8173 3788 7067 3798 7067 3799 7067 3788 7069 3799 7069 3797 7069 3753 309 3751 309 3759 309 3759 7068 3751 7068 3749 7068 3759 7070 3749 7070 3750 7070 3750 8174 3752 8174 3759 8174 3759 309 3752 309 3754 309 3759 309 3754 309 3756 309 3797 309 3795 309 3788 309 3788 8175 3795 8175 3793 8175 3788 8176 3793 8176 3789 8176 3789 309 3793 309 3791 309 3789 8177 3791 8177 3787 8177 3781 309 3780 309 3783 309 3783 8178 3780 8178 3784 8178 3783 8179 3784 8179 3785 8179 3785 309 3784 309 3790 309 3785 309 3790 309 3786 309 3786 8180 3790 8180 3792 8180 3786 309 3792 309 3788 309 3788 309 3792 309 3794 309 3788 309 3794 309 3796 309 3766 309 3761 309 3760 309 3760 8181 3761 8181 3757 8181 3760 309 3757 309 3759 309 3759 8182 3757 8182 3755 8182 3759 8183 3755 8183 3753 8183 3764 8184 3768 8184 3767 8184 3767 309 3768 309 3770 309 3767 8185 3770 8185 3772 8185 3772 309 3774 309 3767 309 3767 7084 3774 7084 3776 7084 3767 309 3776 309 3781 309 3781 8186 3776 8186 3778 8186 3781 309 3778 309 3780 309 3396 401 3369 401 3781 401 3781 401 3369 401 3767 401 3767 8187 3369 8187 3765 8187 3765 8188 3369 8188 3366 8188 3765 8189 3366 8189 3763 8189 3763 8190 3366 8190 3361 8190 3763 8191 3361 8191 3762 8191 3762 8192 3361 8192 3357 8192 3762 8193 3357 8193 3759 8193 3759 8194 3357 8194 3354 8194 3354 430 3355 430 3759 430 3759 430 3355 430 3760 430 3355 30 3412 30 3760 30 3760 30 3412 30 3789 30 3412 212 3411 212 3789 212 3789 212 3411 212 3788 212 3788 8195 3411 8195 3786 8195 3786 8196 3411 8196 3409 8196 3786 8197 3409 8197 3785 8197 3785 8198 3409 8198 3405 8198 3785 8199 3405 8199 3783 8199 3783 8200 3405 8200 3400 8200 3783 8201 3400 8201 3781 8201 3781 8202 3400 8202 3396 8202 3383 8203 3772 8203 3379 8203 3379 8204 3772 8204 3770 8204 3379 8205 3770 8205 3375 8205 3375 8206 3770 8206 3768 8206 3375 8207 3768 8207 3371 8207 3371 8208 3768 8208 3764 8208 3371 8209 3764 8209 3365 8209 3365 8210 3764 8210 3758 8210 3365 8211 3758 8211 3353 8211 3353 8212 3758 8212 3756 8212 3353 8213 3756 8213 3349 8213 3349 8214 3756 8214 3754 8214 3349 8215 3754 8215 3345 8215 3345 8216 3754 8216 3752 8216 3345 8216 3752 8216 3341 8216 3341 8217 3752 8217 3750 8217 3341 8218 3750 8218 3339 8218 3339 8219 3750 8219 3749 8219 3339 8220 3749 8220 3338 8220 3338 8221 3749 8221 3751 8221 3338 8222 3751 8222 3340 8222 3340 8223 3751 8223 3753 8223 3340 8224 3753 8224 3344 8224 3344 8225 3753 8225 3755 8225 3344 8225 3755 8225 3346 8225 3346 8226 3755 8226 3757 8226 3346 8227 3757 8227 3350 8227 3350 8228 3757 8228 3761 8228 3350 8229 3761 8229 3356 8229 3356 8230 3761 8230 3766 8230 3356 8231 3766 8231 3368 8231 3368 8232 3766 8232 3769 8232 3368 8233 3769 8233 3374 8233 3374 8234 3769 8234 3771 8234 3374 8235 3771 8235 3378 8235 3378 8236 3771 8236 3773 8236 3378 8237 3773 8237 3382 8237 3382 401 3773 401 3775 401 3382 401 3775 401 3384 401 3384 8238 3775 8238 3777 8238 3384 8239 3777 8239 3388 8239 3388 8240 3777 8240 3779 8240 3388 8241 3779 8241 3392 8241 3392 8242 3779 8242 3782 8242 3392 8243 3782 8243 3398 8243 3398 8244 3782 8244 3787 8244 3398 8245 3787 8245 3410 8245 3410 8246 3787 8246 3791 8246 3410 8247 3791 8247 3416 8247 3416 8248 3791 8248 3793 8248 3416 8249 3793 8249 3420 8249 3420 8250 3793 8250 3795 8250 3420 8250 3795 8250 3422 8250 3422 8251 3795 8251 3797 8251 3422 8252 3797 8252 3426 8252 3426 8253 3797 8253 3799 8253 3426 8254 3799 8254 3428 8254 3428 8255 3799 8255 3798 8255 3428 8256 3798 8256 3427 8256 3427 8257 3798 8257 3796 8257 3427 8257 3796 8257 3425 8257 3425 8258 3796 8258 3794 8258 3425 8258 3794 8258 3421 8258 3421 8259 3794 8259 3792 8259 3421 8260 3792 8260 3417 8260 3417 8261 3792 8261 3790 8261 3417 8262 3790 8262 3413 8262 3413 8263 3790 8263 3784 8263 3413 8263 3784 8263 3401 8263 3401 8264 3784 8264 3780 8264 3401 8265 3780 8265 3395 8265 3395 8266 3780 8266 3778 8266 3395 8267 3778 8267 3391 8267 3391 8268 3778 8268 3776 8268 3391 8269 3776 8269 3387 8269 3387 8270 3776 8270 3774 8270 3387 8270 3774 8270 3383 8270 3383 8203 3774 8203 3772 8203 3417 8271 3413 8271 3405 8271 3405 8272 3413 8272 3400 8272 3400 172 3413 172 3401 172 3400 172 3401 172 3396 172 3355 172 3356 172 3412 172 3412 172 3356 172 3368 172 3412 7176 3368 7176 3374 7176 3374 172 3378 172 3412 172 3412 172 3378 172 3382 172 3412 172 3382 172 3384 172 3383 172 3379 172 3369 172 3384 172 3388 172 3412 172 3412 8273 3388 8273 3392 8273 3412 7179 3392 7179 3398 7179 3401 172 3395 172 3396 172 3396 8274 3395 8274 3391 8274 3396 172 3391 172 3369 172 3369 8275 3391 8275 3387 8275 3369 8276 3387 8276 3383 8276 3422 7183 3426 7183 3411 7183 3405 8277 3409 8277 3417 8277 3417 172 3409 172 3411 172 3417 172 3411 172 3421 172 3421 172 3411 172 3425 172 3379 172 3375 172 3369 172 3369 8278 3375 8278 3371 8278 3369 172 3371 172 3366 172 3366 7189 3371 7189 3365 7189 3366 172 3365 172 3361 172 3361 172 3365 172 3353 172 3361 172 3353 172 3357 172 3357 172 3353 172 3349 172 3357 172 3349 172 3354 172 3354 172 3349 172 3345 172 3354 172 3345 172 3341 172 3341 172 3339 172 3354 172 3354 8279 3339 8279 3338 8279 3354 8280 3338 8280 3340 8280 3398 172 3410 172 3412 172 3412 172 3410 172 3416 172 3412 8281 3416 8281 3411 8281 3411 8282 3416 8282 3420 8282 3411 172 3420 172 3422 172 3426 8283 3428 8283 3411 8283 3411 8284 3428 8284 3427 8284 3411 172 3427 172 3425 172 3340 7199 3344 7199 3354 7199 3354 172 3344 172 3346 172 3354 8285 3346 8285 3355 8285 3355 172 3346 172 3350 172 3355 172 3350 172 3356 172 3097 8286 3089 8286 3082 8286 3082 8287 3089 8287 3079 8287 3082 8288 3079 8288 3075 8288 3115 172 3109 172 3082 172 3082 8289 3109 8289 3101 8289 3082 8290 3101 8290 3097 8290 3114 172 3118 172 3082 172 3082 8291 3118 8291 3119 8291 3082 8292 3119 8292 3115 8292 3092 172 3100 172 3082 172 3082 172 3100 172 3108 172 3082 8293 3108 8293 3114 8293 3070 172 3078 172 3082 172 3082 8294 3078 8294 3088 8294 3082 8295 3088 8295 3092 8295 3052 172 3058 172 3082 172 3082 8296 3058 8296 3066 8296 3082 8297 3066 8297 3070 8297 3053 172 3049 172 3082 172 3082 8298 3049 8298 3048 8298 3082 172 3048 172 3052 172 3075 172 3067 172 3082 172 3082 172 3067 172 3059 172 3082 172 3059 172 3053 172 4340 8299 3075 8299 4345 8299 4345 8300 3075 8300 3079 8300 4340 8301 4339 8301 3075 8301 3075 8302 4339 8302 4332 8302 3075 8303 4332 8303 3067 8303 4332 8304 4330 8304 3067 8304 3067 8305 4330 8305 4326 8305 3067 8306 4326 8306 3059 8306 4326 8307 4322 8307 3059 8307 3059 8308 4322 8308 4320 8308 3059 8309 4320 8309 3053 8309 4320 8310 4313 8310 3053 8310 3053 8311 4313 8311 4306 8311 3053 8312 4306 8312 3049 8312 4301 8313 3048 8313 4299 8313 4299 8314 3048 8314 3049 8314 4299 8315 3049 8315 4304 8315 4304 8316 3049 8316 4306 8316 4301 8317 4302 8317 3048 8317 3048 8318 4302 8318 4309 8318 3048 8319 4309 8319 3052 8319 4309 8320 4310 8320 3052 8320 3052 8321 4310 8321 4314 8321 3052 8322 4314 8322 3058 8322 4327 8323 3066 8323 4321 8323 4321 8324 3066 8324 3058 8324 4321 8325 3058 8325 4319 8325 4319 8326 3058 8326 4314 8326 4327 8327 4328 8327 3066 8327 3066 8328 4328 8328 4335 8328 3066 8329 4335 8329 3070 8329 4335 8330 4337 8330 3070 8330 3070 8331 4337 8331 4341 8331 3070 8332 4341 8332 3078 8332 4341 8333 4346 8333 3078 8333 3078 8334 4346 8334 4347 8334 3078 8335 4347 8335 3088 8335 4347 8336 4354 8336 3088 8336 3088 8337 4354 8337 4361 8337 3088 8338 4361 8338 3092 8338 4373 8339 3100 8339 4367 8339 4367 8340 3100 8340 3092 8340 4367 8341 3092 8341 4363 8341 4363 8342 3092 8342 4361 8342 4373 8343 4374 8343 3100 8343 3100 8344 4374 8344 4381 8344 3100 8345 4381 8345 3108 8345 4381 8346 4382 8346 3108 8346 3108 8347 4382 8347 4386 8347 3108 8348 4386 8348 3114 8348 4399 8349 3118 8349 4394 8349 4394 8350 3118 8350 3114 8350 4394 8351 3114 8351 4390 8351 4390 8352 3114 8352 4386 8352 4399 8353 4400 8353 3118 8353 3118 8354 4400 8354 4405 8354 3118 8355 4405 8355 3119 8355 4405 8356 4402 8356 3119 8356 3119 8357 4402 8357 4398 8357 3119 8358 4398 8358 3115 8358 4398 8359 4393 8359 3115 8359 3115 8360 4393 8360 4392 8360 3115 8361 4392 8361 3109 8361 4392 8362 4385 8362 3109 8362 3109 8363 4385 8363 4378 8363 3109 8364 4378 8364 3101 8364 4366 8365 3097 8365 4372 8365 4372 8366 3097 8366 3101 8366 4372 8367 3101 8367 4376 8367 4376 8368 3101 8368 4378 8368 4366 8369 4365 8369 3097 8369 3097 8370 4365 8370 4358 8370 3097 8371 4358 8371 3089 8371 4358 8372 4357 8372 3089 8372 3089 8373 4357 8373 4353 8373 3089 8374 4353 8374 3079 8374 3079 8375 4353 8375 4348 8375 3079 8376 4348 8376 4345 8376 4556 8377 4552 8377 4711 8377 4756 8378 4757 8378 4579 8378 4579 8379 4757 8379 4575 8379 4563 8380 4567 8380 4736 8380 4523 8381 4527 8381 4668 8381 4516 8382 4515 8382 4648 8382 4680 8383 4684 8383 4536 8383 4536 8384 4684 8384 4690 8384 4536 8385 4690 8385 4540 8385 4540 8386 4690 8386 4691 8386 4540 8387 4691 8387 4544 8387 4677 8388 4532 8388 4671 8388 4671 8389 4532 8389 4528 8389 4671 8390 4528 8390 4670 8390 4648 8391 4649 8391 4516 8391 4516 8392 4649 8392 4652 8392 4516 8393 4652 8393 4520 8393 4520 8394 4652 8394 4657 8394 4520 8395 4657 8395 4524 8395 4524 8396 4657 8396 4661 8396 4524 8397 4661 8397 4663 8397 4668 8398 4662 8398 4523 8398 4523 8399 4662 8399 4659 8399 4523 8400 4659 8400 4519 8400 4519 8401 4659 8401 4654 8401 4519 8402 4654 8402 4515 8402 4515 8403 4654 8403 4650 8403 4515 8404 4650 8404 4648 8404 4688 8405 4682 8405 4535 8405 4535 8406 4682 8406 4679 8406 4535 8407 4679 8407 4531 8407 4531 8408 4679 8408 4675 8408 4531 8409 4675 8409 4527 8409 4527 8410 4675 8410 4669 8410 4527 8411 4669 8411 4668 8411 4689 8412 4539 8412 4543 8412 4702 8413 4698 8413 4543 8413 4543 8414 4698 8414 4696 8414 4543 8415 4696 8415 4689 8415 4547 8416 4551 8416 4708 8416 4555 8417 4716 8417 4551 8417 4551 8418 4716 8418 4709 8418 4551 8419 4709 8419 4708 8419 4736 8420 4730 8420 4563 8420 4563 8421 4730 8421 4727 8421 4563 8422 4727 8422 4559 8422 4559 8423 4727 8423 4722 8423 4559 8424 4722 8424 4555 8424 4555 8425 4722 8425 4717 8425 4555 8426 4717 8426 4716 8426 4757 8427 4750 8427 4575 8427 4575 8428 4750 8428 4747 8428 4575 8429 4747 8429 4571 8429 4571 8430 4747 8430 4743 8430 4571 8431 4743 8431 4567 8431 4567 8432 4743 8432 4737 8432 4567 8433 4737 8433 4736 8433 4752 8434 4576 8434 4748 8434 4748 8435 4576 8435 4572 8435 4748 8436 4572 8436 4745 8436 4745 8437 4572 8437 4739 8437 4564 8438 4731 8438 4568 8438 4568 8439 4731 8439 4738 8439 4711 8440 4718 8440 4556 8440 4556 8441 4718 8441 4719 8441 4556 8442 4719 8442 4560 8442 4560 8443 4719 8443 4725 8443 4560 8444 4725 8444 4564 8444 4564 8445 4725 8445 4729 8445 4564 8446 4729 8446 4731 8446 4691 8447 4697 8447 4544 8447 4544 8448 4697 8448 4700 8448 4544 8449 4700 8449 4548 8449 4548 8450 4700 8450 4705 8450 4548 8451 4705 8451 4552 8451 4552 8452 4705 8452 4710 8452 4552 8453 4710 8453 4711 8453 4544 8454 4346 8454 4540 8454 4540 8455 4346 8455 4341 8455 4540 8456 4341 8456 4536 8456 4536 8457 4341 8457 4337 8457 4337 8458 4335 8458 4536 8458 4536 8459 4335 8459 4532 8459 4536 8460 4532 8460 4680 8460 4680 8461 4532 8461 4677 8461 4321 8462 4528 8462 4327 8462 4327 8463 4528 8463 4532 8463 4327 8464 4532 8464 4328 8464 4328 8465 4532 8465 4335 8465 4321 8466 4319 8466 4528 8466 4528 8467 4319 8467 4524 8467 4528 8468 4524 8468 4670 8468 4670 8469 4524 8469 4663 8469 4319 8470 4314 8470 4524 8470 4524 8471 4314 8471 4310 8471 4524 8472 4310 8472 4520 8472 4520 8473 4310 8473 4309 8473 4520 8474 4309 8474 4516 8474 4309 8475 4302 8475 4516 8475 4516 8476 4302 8476 4301 8476 4516 8477 4301 8477 4515 8477 4515 8478 4301 8478 4299 8478 4515 8479 4299 8479 4519 8479 4299 8480 4304 8480 4519 8480 4519 8481 4304 8481 4306 8481 4519 8482 4306 8482 4523 8482 4523 8483 4306 8483 4313 8483 4523 8484 4313 8484 4527 8484 4313 8485 4320 8485 4527 8485 4527 8486 4320 8486 4322 8486 4527 8487 4322 8487 4531 8487 4531 8488 4322 8488 4326 8488 4531 8489 4326 8489 4535 8489 4535 8490 4326 8490 4330 8490 4330 8491 4332 8491 4535 8491 4535 8492 4332 8492 4539 8492 4535 8493 4539 8493 4688 8493 4688 8494 4539 8494 4689 8494 4345 8495 4543 8495 4340 8495 4340 8496 4543 8496 4539 8496 4340 8497 4539 8497 4339 8497 4339 8498 4539 8498 4332 8498 4345 8499 4348 8499 4543 8499 4543 8500 4348 8500 4547 8500 4543 8501 4547 8501 4702 8501 4702 8502 4547 8502 4708 8502 4348 8503 4353 8503 4547 8503 4547 8504 4353 8504 4357 8504 4547 8505 4357 8505 4551 8505 4551 8506 4357 8506 4358 8506 4551 8507 4358 8507 4555 8507 4358 8508 4365 8508 4555 8508 4555 8509 4365 8509 4366 8509 4555 8510 4366 8510 4559 8510 4559 8511 4366 8511 4372 8511 4559 8512 4372 8512 4563 8512 4372 8513 4376 8513 4563 8513 4563 8514 4376 8514 4378 8514 4563 8515 4378 8515 4567 8515 4567 8516 4378 8516 4385 8516 4567 8517 4385 8517 4571 8517 4385 8518 4392 8518 4571 8518 4571 8519 4392 8519 4393 8519 4571 8520 4393 8520 4575 8520 4575 8521 4393 8521 4398 8521 4575 8522 4398 8522 4579 8522 4579 8523 4398 8523 4402 8523 4402 8524 4405 8524 4579 8524 4579 8525 4405 8525 4576 8525 4579 8526 4576 8526 4756 8526 4756 8527 4576 8527 4752 8527 4394 8528 4572 8528 4399 8528 4399 8529 4572 8529 4576 8529 4399 8530 4576 8530 4400 8530 4400 8531 4576 8531 4405 8531 4394 8532 4390 8532 4572 8532 4572 8533 4390 8533 4568 8533 4572 8534 4568 8534 4739 8534 4739 8535 4568 8535 4738 8535 4390 8536 4386 8536 4568 8536 4568 8537 4386 8537 4382 8537 4568 8538 4382 8538 4564 8538 4564 8539 4382 8539 4381 8539 4564 8540 4381 8540 4560 8540 4381 8541 4374 8541 4560 8541 4560 8542 4374 8542 4373 8542 4560 8543 4373 8543 4556 8543 4556 8544 4373 8544 4367 8544 4556 8545 4367 8545 4552 8545 4367 8546 4363 8546 4552 8546 4552 8547 4363 8547 4361 8547 4552 8548 4361 8548 4548 8548 4548 8549 4361 8549 4354 8549 4548 8550 4354 8550 4544 8550 4544 8551 4354 8551 4347 8551 4544 8552 4347 8552 4346 8552 5985 8553 6015 8553 6354 8553 5985 8554 6354 8554 5948 8554 6016 8555 5949 8555 6355 8555 6355 8556 5949 8556 5921 8556 6355 8557 5921 8557 5869 8557 5869 8558 5825 8558 6355 8558 6355 8559 5825 8559 5849 8559 6355 8560 5849 8560 6354 8560 6354 8561 5849 8561 5868 8561 6354 8562 5868 8562 5948 8562 4702 8563 5202 8563 4698 8563 4698 8564 5202 8564 5198 8564 4698 8565 5198 8565 4696 8565 4696 8566 5198 8566 5196 8566 4696 8567 5196 8567 4689 8567 4689 8568 5196 8568 5189 8568 4689 8569 5189 8569 4688 8569 4688 8570 5189 8570 5188 8570 4688 8571 5188 8571 4682 8571 4682 8572 5188 8572 5182 8572 4682 8573 5182 8573 4679 8573 4679 8574 5182 8574 5179 8574 4679 8575 5179 8575 4675 8575 4675 8575 5179 8575 5175 8575 4675 8576 5175 8576 4669 8576 4669 8577 5175 8577 5169 8577 4669 8578 5169 8578 4668 8578 4668 8578 5169 8578 5168 8578 4668 8579 5168 8579 4662 8579 4662 8580 5168 8580 5162 8580 4662 8581 5162 8581 4659 8581 4659 8582 5162 8582 5159 8582 4659 8583 5159 8583 4654 8583 4654 8583 5159 8583 5154 8583 4654 8584 5154 8584 4650 8584 4650 8585 5154 8585 5150 8585 4650 8586 5150 8586 4648 8586 4648 8587 5150 8587 5148 8587 4648 8588 5148 8588 4649 8588 4649 8589 5148 8589 5149 8589 4649 8590 5149 8590 4652 8590 4652 8590 5149 8590 5152 8590 4652 8591 5152 8591 4657 8591 4657 8591 5152 8591 5157 8591 4657 8592 5157 8592 4661 8592 4661 8593 5157 8593 5161 8593 4661 8594 5161 8594 4663 8594 4663 8595 5161 8595 5163 8595 4663 8596 5163 8596 4670 8596 4670 8596 5163 8596 5170 8596 4670 8597 5170 8597 4671 8597 4671 8598 5170 8598 5171 8598 4671 8599 5171 8599 4677 8599 4677 8600 5171 8600 5177 8600 4677 8601 5177 8601 4680 8601 4680 8601 5177 8601 5180 8601 4680 8602 5180 8602 4684 8602 4684 8603 5180 8603 5184 8603 4684 8604 5184 8604 4690 8604 4690 8605 5184 8605 5190 8605 4690 8606 5190 8606 4691 8606 4691 8606 5190 8606 5191 8606 4691 8607 5191 8607 4697 8607 4697 8608 5191 8608 5197 8608 4697 8609 5197 8609 4700 8609 4700 8609 5197 8609 5200 8609 4700 8610 5200 8610 4705 8610 4705 8611 5200 8611 5205 8611 4705 8612 5205 8612 4710 8612 4710 8613 5205 8613 5210 8613 4710 8614 5210 8614 4711 8614 4711 8615 5210 8615 5211 8615 4711 8616 5211 8616 4718 8616 4718 8617 5211 8617 5218 8617 4718 8618 5218 8618 4719 8618 4719 8619 5218 8619 5219 8619 4719 8620 5219 8620 4725 8620 4725 8621 5219 8621 5225 8621 4725 8622 5225 8622 4729 8622 4729 8622 5225 8622 5229 8622 4729 8623 5229 8623 4731 8623 4731 8624 5229 8624 5231 8624 4731 8625 5231 8625 4738 8625 4738 8626 5231 8626 5238 8626 4738 8627 5238 8627 4739 8627 4739 8628 5238 8628 5239 8628 4739 8629 5239 8629 4745 8629 4745 8630 5239 8630 5245 8630 4745 8631 5245 8631 4748 8631 4748 8632 5245 8632 5248 8632 4748 8633 5248 8633 4752 8633 4752 8634 5248 8634 5252 8634 4752 8635 5252 8635 4756 8635 4756 8636 5252 8636 5256 8636 4756 8637 5256 8637 4757 8637 4757 8638 5256 8638 5257 8638 4757 8639 5257 8639 4750 8639 4750 8640 5257 8640 5250 8640 4750 8641 5250 8641 4747 8641 4747 8642 5250 8642 5247 8642 4747 8643 5247 8643 4743 8643 4743 8644 5247 8644 5243 8644 4743 8645 5243 8645 4737 8645 4737 8646 5243 8646 5237 8646 4737 8647 5237 8647 4736 8647 4736 8647 5237 8647 5236 8647 4736 8648 5236 8648 4730 8648 4730 8649 5236 8649 5230 8649 4730 8650 5230 8650 4727 8650 4727 8651 5230 8651 5227 8651 4727 8652 5227 8652 4722 8652 4722 8652 5227 8652 5222 8652 4722 8653 5222 8653 4717 8653 4717 8654 5222 8654 5217 8654 4717 8655 5217 8655 4716 8655 4716 8656 5217 8656 5216 8656 4716 8657 5216 8657 4709 8657 4709 8658 5216 8658 5209 8658 4709 8659 5209 8659 4708 8659 4708 8660 5209 8660 5208 8660 4708 8661 5208 8661 4702 8661 4702 8662 5208 8662 5202 8662 6015 8663 5993 8663 6354 8663 6354 8664 5993 8664 5937 8664 5937 8665 5834 8665 6354 8665 6354 8666 5834 8666 5857 8666 6354 8667 5857 8667 5890 8667 6011 8668 6338 8668 5969 8668 5969 8669 6338 8669 6354 8669 5969 8670 6354 8670 5905 8670 5905 8671 6354 8671 5890 8671 6001 8672 6016 8672 6355 8672 6001 8673 6355 8673 5928 8673 6012 8674 5975 8674 6345 8674 6345 8675 5975 8675 5959 8675 6345 8676 5959 8676 5891 8676 5891 8677 5879 8677 6345 8677 6345 8678 5879 8678 5836 8678 6345 8679 5836 8679 6355 8679 6355 8680 5836 8680 5912 8680 6355 8681 5912 8681 5928 8681 5400 8682 5563 8682 5564 8682 5400 8683 5564 8683 5404 8683 5392 8684 5548 8684 5396 8684 5396 8685 5548 8685 5555 8685 5396 8686 5555 8686 5556 8686 5533 8687 5539 8687 5388 8687 5388 8688 5539 8688 5540 8688 5388 8689 5540 8689 5392 8689 5392 8690 5540 8690 5547 8690 5392 8691 5547 8691 5548 8691 5531 8692 5384 8692 5525 8692 5525 8693 5384 8693 5380 8693 5525 8694 5380 8694 5523 8694 5523 8695 5380 8695 5517 8695 5515 8696 5376 8696 5509 8696 5509 8697 5376 8697 5372 8697 5371 8698 5504 8698 5372 8698 5372 8699 5504 8699 5506 8699 5372 8700 5506 8700 5509 8700 5375 8701 5510 8701 5371 8701 5371 8702 5510 8702 5503 8702 5371 8703 5503 8703 5504 8703 5526 8704 5520 8704 5379 8704 5379 8705 5520 8705 5518 8705 5379 8706 5518 8706 5375 8706 5375 8707 5518 8707 5512 8707 5375 8708 5512 8708 5510 8708 5528 8709 5383 8709 5534 8709 5534 8710 5383 8710 5387 8710 5550 8711 5545 8711 5391 8711 5391 8712 5545 8712 5542 8712 5391 8713 5542 8713 5387 8713 5387 8714 5542 8714 5537 8714 5387 8715 5537 8715 5534 8715 5553 8716 5395 8716 5557 8716 5557 8717 5395 8717 5399 8717 5569 8718 5565 8718 5399 8718 5399 8719 5565 8719 5561 8719 5399 8720 5561 8720 5557 8720 5407 8721 5576 8721 5403 8721 5403 8722 5576 8722 5572 8722 5411 8723 5415 8723 5594 8723 5594 8724 5589 8724 5411 8724 5411 8725 5589 8725 5586 8725 5411 8726 5586 8726 5407 8726 5407 8727 5586 8727 5581 8727 5407 8728 5581 8728 5576 8728 5610 8729 5604 8729 5419 8729 5419 8730 5604 8730 5602 8730 5419 8731 5602 8731 5415 8731 5415 8732 5602 8732 5596 8732 5415 8733 5596 8733 5594 8733 5427 8734 5618 8734 5423 8734 5423 8735 5618 8735 5612 8735 5631 8736 5627 8736 5431 8736 5431 8737 5627 8737 5625 8737 5431 8738 5625 8738 5427 8738 5427 8739 5625 8739 5620 8739 5427 8740 5620 8740 5618 8740 5428 8741 5626 8741 5432 8741 5432 8742 5626 8742 5628 8742 5432 8743 5628 8743 5435 8743 5435 8744 5628 8744 5632 8744 5435 8745 5632 8745 5635 8745 5424 8746 5619 8746 5428 8746 5428 8747 5619 8747 5621 8747 5428 8748 5621 8748 5626 8748 5603 8749 5605 8749 5420 8749 5420 8750 5605 8750 5611 8750 5420 8751 5611 8751 5424 8751 5424 8752 5611 8752 5613 8752 5424 8753 5613 8753 5619 8753 5597 8754 5416 8754 5595 8754 5595 8755 5416 8755 5412 8755 5408 8756 5587 8756 5412 8756 5412 8757 5587 8757 5588 8757 5412 8758 5588 8758 5595 8758 5564 8759 5571 8759 5404 8759 5404 8760 5571 8760 5579 8760 5404 8761 5579 8761 5408 8761 5408 8762 5579 8762 5580 8762 5408 8763 5580 8763 5587 8763 5197 8764 5396 8764 5400 8764 5400 8765 5396 8765 5556 8765 5400 8766 5556 8766 5563 8766 5197 8767 5191 8767 5396 8767 5396 8768 5191 8768 5190 8768 5396 8769 5190 8769 5392 8769 5392 8770 5190 8770 5184 8770 5392 8771 5184 8771 5388 8771 5388 8772 5184 8772 5180 8772 5180 8773 5177 8773 5388 8773 5388 8774 5177 8774 5384 8774 5388 8775 5384 8775 5533 8775 5533 8776 5384 8776 5531 8776 5163 8777 5380 8777 5170 8777 5170 8778 5380 8778 5384 8778 5170 8779 5384 8779 5171 8779 5171 8780 5384 8780 5177 8780 5163 8781 5161 8781 5380 8781 5380 8782 5161 8782 5376 8782 5380 8783 5376 8783 5517 8783 5517 8784 5376 8784 5515 8784 5161 8785 5157 8785 5376 8785 5376 8786 5157 8786 5152 8786 5376 8787 5152 8787 5372 8787 5372 8788 5152 8788 5149 8788 5372 8789 5149 8789 5371 8789 5149 8790 5148 8790 5371 8790 5371 8791 5148 8791 5150 8791 5371 8792 5150 8792 5375 8792 5375 8793 5150 8793 5154 8793 5375 8794 5154 8794 5379 8794 5379 8795 5154 8795 5159 8795 5159 8796 5162 8796 5379 8796 5379 8797 5162 8797 5383 8797 5379 8798 5383 8798 5526 8798 5526 8799 5383 8799 5528 8799 5162 8800 5168 8800 5383 8800 5383 8801 5168 8801 5169 8801 5383 8802 5169 8802 5387 8802 5387 8803 5169 8803 5175 8803 5387 8804 5175 8804 5391 8804 5391 8805 5175 8805 5179 8805 5179 8806 5182 8806 5391 8806 5391 8807 5182 8807 5395 8807 5391 8808 5395 8808 5550 8808 5550 8809 5395 8809 5553 8809 5196 8810 5399 8810 5189 8810 5189 8811 5399 8811 5395 8811 5189 8812 5395 8812 5188 8812 5188 8813 5395 8813 5182 8813 5196 8814 5198 8814 5399 8814 5399 8815 5198 8815 5403 8815 5399 8816 5403 8816 5569 8816 5569 8817 5403 8817 5572 8817 5198 8818 5202 8818 5403 8818 5403 8819 5202 8819 5208 8819 5403 8820 5208 8820 5407 8820 5407 8821 5208 8821 5209 8821 5407 8822 5209 8822 5411 8822 5209 8823 5216 8823 5411 8823 5411 8824 5216 8824 5217 8824 5411 8825 5217 8825 5415 8825 5415 8826 5217 8826 5222 8826 5415 8827 5222 8827 5419 8827 5419 8828 5222 8828 5227 8828 5227 8829 5230 8829 5419 8829 5419 8830 5230 8830 5423 8830 5419 8831 5423 8831 5610 8831 5610 8832 5423 8832 5612 8832 5230 8833 5236 8833 5423 8833 5423 8834 5236 8834 5237 8834 5423 8835 5237 8835 5427 8835 5427 8836 5237 8836 5243 8836 5427 8837 5243 8837 5431 8837 5431 8838 5243 8838 5247 8838 5247 8839 5250 8839 5431 8839 5431 8840 5250 8840 5435 8840 5431 8841 5435 8841 5631 8841 5631 8842 5435 8842 5635 8842 5250 8843 5257 8843 5435 8843 5435 8844 5257 8844 5256 8844 5435 8845 5256 8845 5432 8845 5432 8846 5256 8846 5252 8846 5432 8847 5252 8847 5428 8847 5428 8848 5252 8848 5248 8848 5231 8849 5420 8849 5238 8849 5238 8850 5420 8850 5424 8850 5238 8851 5424 8851 5239 8851 5239 8852 5424 8852 5428 8852 5239 8853 5428 8853 5245 8853 5245 8854 5428 8854 5248 8854 5231 8855 5229 8855 5420 8855 5420 8856 5229 8856 5416 8856 5420 8857 5416 8857 5603 8857 5603 8858 5416 8858 5597 8858 5229 8859 5225 8859 5416 8859 5416 8860 5225 8860 5219 8860 5416 8861 5219 8861 5412 8861 5412 8862 5219 8862 5218 8862 5412 8863 5218 8863 5408 8863 5218 8864 5211 8864 5408 8864 5408 8865 5211 8865 5210 8865 5408 8866 5210 8866 5404 8866 5404 8867 5210 8867 5205 8867 5404 8868 5205 8868 5400 8868 5400 8869 5205 8869 5200 8869 5400 8870 5200 8870 5197 8870 5990 8871 6007 8871 6328 8871 5856 8872 6328 8872 5888 8872 5888 8873 6328 8873 5904 8873 5856 8874 5831 8874 6328 8874 6328 8875 5831 8875 5935 8875 6328 8876 5935 8876 5990 8876 5904 8877 6328 8877 5968 8877 5968 8878 6328 8878 6338 8878 5968 8879 6338 8879 6011 8879 5889 8880 5958 8880 6345 8880 6345 8881 5958 8881 5974 8881 6345 8882 5974 8882 6012 8882 6008 8883 5998 8883 6329 8883 6329 8884 5998 8884 5926 8884 5926 8885 5910 8885 6329 8885 6329 8886 5910 8886 5833 8886 6329 8887 5833 8887 6345 8887 6345 8888 5833 8888 5878 8888 6345 8889 5878 8889 5889 8889 5889 8890 5878 8890 5770 8890 5998 8891 6008 8891 5770 8891 5943 8892 5918 8892 5770 8892 5822 8893 5846 8893 5770 8893 5942 8894 5982 8894 5770 8894 5831 8895 5856 8895 5770 8895 5888 8896 5904 8896 5770 8896 5968 8897 6011 8897 5770 8897 5969 8898 5905 8898 5770 8898 5890 8899 5857 8899 5770 8899 5869 8900 5921 8900 5770 8900 5949 8901 6016 8901 5770 8901 5928 8902 5912 8902 5770 8902 5974 8903 5958 8903 5770 8903 5975 8904 6012 8904 5974 8904 5975 8905 5974 8905 5959 8905 5770 8906 5879 8906 5891 8906 5959 8907 5770 8907 5891 8907 5836 8908 5879 8908 5770 8908 5912 8909 5836 8909 5770 8909 6001 8910 5928 8910 5770 8910 6016 8911 6001 8911 5770 8911 5921 8912 5949 8912 5770 8912 5770 8913 5849 8913 5825 8913 5868 8914 5849 8914 5770 8914 5825 8915 5869 8915 5770 8915 5770 8916 5985 8916 5948 8916 5948 8917 5868 8917 5770 8917 5770 8918 5834 8918 5937 8918 5993 8919 5770 8919 5937 8919 5857 8920 5834 8920 5770 8920 6015 8921 5985 8921 5993 8921 5993 8922 5985 8922 5770 8922 5905 8923 5890 8923 5770 8923 6011 8924 5969 8924 5770 8924 5904 8925 5968 8925 5770 8925 5856 8926 5888 8926 5770 8926 5935 8927 5831 8927 5770 8927 5990 8928 5935 8928 5770 8928 5942 8929 5770 8929 5862 8929 6007 8930 5990 8930 5982 8930 5982 8931 5990 8931 5770 8931 5846 8932 5862 8932 5770 8932 5863 8933 5822 8933 5770 8933 5918 8934 5863 8934 5770 8934 6008 8935 5943 8935 5770 8935 5770 8936 5910 8936 5926 8936 5833 8937 5910 8937 5770 8937 5926 8938 5998 8938 5770 8938 5878 8939 5833 8939 5770 8939 5958 8940 5889 8940 5770 8940 5959 8941 5974 8941 5770 8941 5635 8942 5632 8942 6183 8942 6144 8943 6140 8943 5553 8943 6136 8944 5545 8944 6140 8944 6140 8945 5545 8945 5550 8945 6140 8946 5550 8946 5553 8946 6132 8947 5537 8947 6136 8947 6136 8948 5537 8948 5542 8948 6136 8949 5542 8949 5545 8949 6128 8950 5528 8950 6132 8950 6132 8951 5528 8951 5534 8951 6132 8952 5534 8952 5537 8952 6124 8953 5520 8953 6128 8953 6128 8954 5520 8954 5526 8954 6128 8955 5526 8955 5528 8955 6120 8956 5512 8956 6124 8956 6124 8957 5512 8957 5518 8957 6124 8958 5518 8958 5520 8958 6116 8959 5503 8959 6120 8959 6120 8960 5503 8960 5510 8960 6120 8961 5510 8961 5512 8961 6119 8962 5506 8962 6116 8962 6116 8963 5506 8963 5504 8963 6116 8964 5504 8964 5503 8964 6123 8965 5515 8965 6119 8965 6119 8966 5515 8966 5509 8966 6119 8967 5509 8967 5506 8967 6127 8968 5523 8968 6123 8968 6123 8969 5523 8969 5517 8969 6123 8970 5517 8970 5515 8970 6131 8971 5531 8971 6127 8971 6127 8972 5531 8972 5525 8972 6127 8973 5525 8973 5523 8973 6135 8974 5539 8974 6131 8974 6131 8975 5539 8975 5533 8975 6131 8976 5533 8976 5531 8976 6139 8977 5547 8977 6135 8977 6135 8978 5547 8978 5540 8978 6135 8979 5540 8979 5539 8979 6143 8980 5555 8980 6139 8980 6139 8981 5555 8981 5548 8981 6139 8982 5548 8982 5547 8982 5564 8983 5563 8983 6143 8983 6143 8984 5563 8984 5556 8984 6143 8985 5556 8985 5555 8985 6143 8986 6147 8986 5564 8986 5564 8987 6147 8987 6151 8987 5564 8988 6151 8988 5571 8988 5571 8989 6151 8989 6155 8989 5571 8990 6155 8990 5579 8990 6159 8991 5587 8991 6155 8991 6155 8992 5587 8992 5580 8992 6155 8993 5580 8993 5579 8993 6163 8994 6167 8994 5603 8994 5603 8995 5597 8995 6163 8995 6163 8996 5597 8996 5595 8996 6163 8997 5595 8997 6159 8997 6159 8998 5595 8998 5588 8998 6159 8999 5588 8999 5587 8999 6171 9000 6175 9000 5619 9000 5619 9001 5613 9001 6171 9001 6171 9002 5613 9002 5611 9002 6171 9003 5611 9003 6167 9003 6167 9004 5611 9004 5605 9004 6167 9005 5605 9005 5603 9005 6183 9006 5632 9006 6179 9006 5632 9007 5628 9007 6179 9007 6179 9008 5628 9008 5626 9008 6179 9009 5626 9009 6175 9009 6175 9010 5626 9010 5621 9010 6175 9011 5621 9011 5619 9011 5635 9012 6183 9012 5631 9012 5631 9013 6183 9013 6180 9013 5631 9014 6180 9014 5627 9014 6176 9015 5620 9015 6180 9015 6180 9016 5620 9016 5625 9016 6180 9017 5625 9017 5627 9017 6172 9018 6168 9018 5604 9018 5604 9019 5610 9019 6172 9019 6172 9020 5610 9020 5612 9020 6172 9021 5612 9021 6176 9021 6176 9022 5612 9022 5618 9022 6176 9023 5618 9023 5620 9023 6164 9024 6160 9024 5589 9024 5589 9025 5594 9025 6164 9025 6164 9026 5594 9026 5596 9026 6164 9027 5596 9027 6168 9027 6168 9028 5596 9028 5602 9028 6168 9029 5602 9029 5604 9029 6156 9030 6152 9030 5572 9030 5572 9031 5576 9031 6156 9031 6156 9032 5576 9032 5581 9032 6156 9033 5581 9033 6160 9033 6160 9034 5581 9034 5586 9034 6160 9035 5586 9035 5589 9035 5553 9036 5557 9036 6144 9036 6144 9037 5557 9037 5561 9037 6144 9038 5561 9038 6148 9038 6148 9039 5561 9039 5565 9039 6148 9040 5565 9040 6152 9040 6152 9041 5565 9041 5569 9041 6152 9042 5569 9042 5572 9042 6328 9043 6007 9043 5982 9043 5822 9044 5863 9044 6329 9044 5863 9045 5918 9045 6329 9045 6329 9046 5918 9046 5943 9046 6329 9047 5943 9047 6008 9047 5982 9048 5942 9048 6328 9048 6328 9049 5942 9049 5862 9049 6328 9050 5862 9050 6329 9050 6329 9051 5862 9051 5846 9051 6329 9052 5846 9052 5822 9052 6337 9053 6152 9053 6348 9053 6348 9054 6152 9054 6156 9054 6348 9055 6156 9055 6353 9055 6353 9056 6156 9056 6160 9056 6353 9057 6160 9057 6360 9057 6360 9058 6160 9058 6164 9058 6360 9058 6164 9058 6368 9058 6368 9059 6164 9059 6168 9059 6368 9060 6168 9060 6372 9060 6372 9061 6168 9061 6172 9061 6372 9062 6172 9062 6378 9062 6378 9063 6172 9063 6176 9063 6378 9064 6176 9064 6386 9064 6386 9065 6176 9065 6180 9065 6386 9066 6180 9066 6390 9066 6390 9067 6180 9067 6183 9067 6390 9067 6183 9067 6393 9067 6393 9068 6183 9068 6179 9068 6393 9069 6179 9069 6389 9069 6389 9070 6179 9070 6175 9070 6389 9070 6175 9070 6385 9070 6385 9071 6175 9071 6171 9071 6385 9072 6171 9072 6377 9072 6377 9073 6171 9073 6167 9073 6377 9074 6167 9074 6371 9074 6371 9075 6167 9075 6163 9075 6371 9076 6163 9076 6367 9076 6367 9077 6163 9077 6159 9077 6367 9078 6159 9078 6359 9078 6359 9079 6159 9079 6155 9079 6359 9079 6155 9079 6352 9079 6352 9080 6155 9080 6151 9080 6352 9081 6151 9081 6346 9081 6346 9082 6151 9082 6147 9082 6346 9082 6147 9082 6335 9082 6335 9083 6147 9083 6143 9083 6335 9084 6143 9084 6330 9084 6330 9085 6143 9085 6139 9085 6330 9086 6139 9086 6323 9086 6323 9087 6139 9087 6135 9087 6323 9088 6135 9088 6315 9088 6315 9089 6135 9089 6131 9089 6315 9090 6131 9090 6311 9090 6311 9091 6131 9091 6127 9091 6311 9092 6127 9092 6307 9092 6307 9093 6127 9093 6123 9093 6307 9094 6123 9094 6299 9094 6299 9095 6123 9095 6119 9095 6299 9096 6119 9096 6295 9096 6295 9097 6119 9097 6116 9097 6295 9098 6116 9098 6292 9098 6292 9099 6116 9099 6120 9099 6292 9100 6120 9100 6296 9100 6296 9101 6120 9101 6124 9101 6296 9102 6124 9102 6300 9102 6300 9103 6124 9103 6128 9103 6300 9104 6128 9104 6308 9104 6308 9105 6128 9105 6132 9105 6308 9106 6132 9106 6312 9106 6312 9107 6132 9107 6136 9107 6312 9108 6136 9108 6316 9108 6316 9109 6136 9109 6140 9109 6316 9110 6140 9110 6324 9110 6324 9111 6140 9111 6144 9111 6324 9111 6144 9111 6331 9111 6331 9112 6144 9112 6148 9112 6331 9112 6148 9112 6337 9112 6337 9113 6148 9113 6152 9113 6372 9114 6378 9114 6354 9114 6311 9115 6307 9115 6329 9115 6296 9116 6300 9116 6328 9116 6328 9117 6300 9117 6308 9117 6308 309 6312 309 6328 309 6328 9118 6312 9118 6316 9118 6328 309 6316 309 6338 309 6338 9119 6316 9119 6324 9119 6345 9120 6346 9120 6335 9120 6346 309 6345 309 6352 309 6335 9121 6330 9121 6345 9121 6345 9122 6330 9122 6323 9122 6345 309 6323 309 6329 309 6329 309 6323 309 6315 309 6329 309 6315 309 6311 309 6389 309 6385 309 6355 309 6355 9123 6385 9123 6377 9123 6324 309 6331 309 6338 309 6338 9124 6331 9124 6337 9124 6338 9125 6337 9125 6348 9125 6307 309 6299 309 6329 309 6329 309 6299 309 6295 309 6329 9126 6295 9126 6328 9126 6328 9127 6295 9127 6292 9127 6328 309 6292 309 6296 309 6348 309 6353 309 6338 309 6338 9128 6353 9128 6360 9128 6338 9129 6360 9129 6354 9129 6354 9130 6360 9130 6368 9130 6354 9131 6368 9131 6372 9131 6377 309 6371 309 6355 309 6355 9132 6371 9132 6367 9132 6355 309 6367 309 6345 309 6345 9133 6367 9133 6359 9133 6345 9134 6359 9134 6352 9134 6378 309 6386 309 6354 309 6354 309 6386 309 6390 309 6354 9135 6390 9135 6355 9135 6355 9136 6390 9136 6393 9136 6355 9137 6393 9137 6389 9137 3225 172 3215 172 3219 172 3219 9138 3215 9138 3211 9138 3219 9139 3211 9139 3203 9139 3245 172 3237 172 3219 172 3219 9140 3237 9140 3229 9140 3219 9141 3229 9141 3225 9141 3256 9142 3255 9142 3219 9142 3219 172 3255 172 3251 172 3219 9143 3251 9143 3245 9143 3238 172 3246 172 3219 172 3219 172 3246 172 3252 172 3219 172 3252 172 3256 172 3216 9144 3226 9144 3219 9144 3219 9145 3226 9145 3230 9145 3219 172 3230 172 3238 172 3196 172 3204 172 3219 172 3219 9146 3204 9146 3212 9146 3219 9147 3212 9147 3216 9147 3185 9148 3186 9148 3219 9148 3219 172 3186 172 3190 172 3219 9149 3190 9149 3196 9149 3203 9150 3195 9150 3219 9150 3219 9151 3195 9151 3189 9151 3219 172 3189 172 3185 172 4436 9152 3203 9152 4442 9152 4442 9153 3203 9153 3211 9153 4436 9154 4435 9154 3203 9154 3203 9155 4435 9155 4429 9155 3203 9156 4429 9156 3195 9156 4429 9157 4427 9157 3195 9157 3195 9158 4427 9158 4423 9158 3195 9159 4423 9159 3189 9159 4423 9160 4418 9160 3189 9160 3189 9161 4418 9161 4415 9161 3189 9162 4415 9162 3185 9162 4415 9163 4409 9163 3185 9163 3185 9164 4409 9164 4408 9164 3185 9165 4408 9165 3186 9165 4420 9166 3190 9166 4414 9166 4414 9167 3190 9167 3186 9167 4414 9168 3186 9168 4411 9168 4411 9169 3186 9169 4408 9169 4420 9170 4421 9170 3190 9170 3190 9171 4421 9171 4428 9171 3190 9172 4428 9172 3196 9172 4428 9173 4430 9173 3196 9173 3196 9174 4430 9174 4434 9174 3196 9175 4434 9175 3204 9175 4447 9176 3212 9176 4441 9176 4441 9177 3212 9177 3204 9177 4441 9178 3204 9178 4438 9178 4438 9179 3204 9179 4434 9179 4447 9180 4448 9180 3212 9180 3212 9181 4448 9181 4453 9181 3212 9182 4453 9182 3216 9182 4453 9183 4456 9183 3216 9183 3216 9184 4456 9184 4460 9184 3216 9185 4460 9185 3226 9185 4460 9186 4465 9186 3226 9186 3226 9187 4465 9187 4468 9187 3226 9188 4468 9188 3230 9188 4468 9189 4474 9189 3230 9189 3230 9190 4474 9190 4480 9190 3230 9191 4480 9191 3238 9191 4492 9192 3246 9192 4486 9192 4486 9193 3246 9193 3238 9193 4486 9194 3238 9194 4482 9194 4482 9195 3238 9195 4480 9195 4492 9196 4494 9196 3246 9196 3246 9197 4494 9197 4500 9197 3246 9198 4500 9198 3252 9198 4500 9199 4501 9199 3252 9199 3252 9200 4501 9200 4506 9200 3252 9201 4506 9201 3256 9201 4508 9202 3255 9202 4513 9202 4513 9203 3255 9203 3256 9203 4513 9204 3256 9204 4509 9204 4509 9205 3256 9205 4506 9205 4508 9206 4507 9206 3255 9206 3255 9207 4507 9207 4502 9207 3255 9208 4502 9208 3251 9208 4502 9209 4499 9209 3251 9209 3251 9210 4499 9210 4495 9210 3251 9211 4495 9211 3245 9211 4495 9212 4490 9212 3245 9212 3245 9213 4490 9213 4487 9213 3245 9214 4487 9214 3237 9214 4487 9215 4481 9215 3237 9215 3237 9216 4481 9216 4475 9216 3237 9217 4475 9217 3229 9217 4463 9218 3225 9218 4469 9218 4469 9219 3225 9219 3229 9219 4469 9220 3229 9220 4473 9220 4473 9221 3229 9221 4475 9221 4463 9222 4462 9222 3225 9222 3225 9223 4462 9223 4455 9223 3225 9224 4455 9224 3215 9224 4455 9225 4454 9225 3215 9225 3215 9226 4454 9226 4449 9226 3215 9227 4449 9227 3211 9227 3211 9228 4449 9228 4445 9228 3211 9229 4445 9229 4442 9229 4629 9230 4625 9230 4835 9230 4858 9231 4857 9231 4638 9231 4638 9232 4857 9232 4634 9232 4622 9233 4626 9233 4836 9233 4582 9234 4586 9234 4768 9234 4589 9235 4585 9235 4767 9235 4804 9236 4808 9236 4609 9236 4609 9237 4808 9237 4813 9237 4609 9238 4813 9238 4613 9238 4613 9239 4813 9239 4815 9239 4613 9240 4815 9240 4617 9240 4801 9241 4605 9241 4794 9241 4794 9242 4605 9242 4601 9242 4794 9243 4601 9243 4793 9243 4767 9244 4773 9244 4589 9244 4589 9245 4773 9245 4775 9245 4589 9246 4775 9246 4593 9246 4593 9247 4775 9247 4781 9247 4593 9248 4781 9248 4597 9248 4597 9249 4781 9249 4784 9249 4597 9250 4784 9250 4787 9250 4768 9251 4762 9251 4582 9251 4582 9252 4762 9252 4761 9252 4582 9253 4761 9253 4581 9253 4581 9254 4761 9254 4760 9254 4581 9255 4760 9255 4585 9255 4585 9256 4760 9256 4765 9256 4585 9257 4765 9257 4767 9257 4789 9258 4782 9258 4594 9258 4594 9259 4782 9259 4780 9259 4594 9260 4780 9260 4590 9260 4590 9261 4780 9261 4774 9261 4590 9262 4774 9262 4586 9262 4586 9263 4774 9263 4770 9263 4586 9264 4770 9264 4768 9264 4790 9265 4598 9265 4602 9265 4802 9266 4799 9266 4602 9266 4602 9267 4799 9267 4796 9267 4602 9268 4796 9268 4790 9268 4606 9269 4610 9269 4809 9269 4614 9270 4816 9270 4610 9270 4610 9271 4816 9271 4810 9271 4610 9272 4810 9272 4809 9272 4836 9273 4830 9273 4622 9273 4622 9274 4830 9274 4828 9274 4622 9275 4828 9275 4618 9275 4618 9276 4828 9276 4822 9276 4618 9277 4822 9277 4614 9277 4614 9278 4822 9278 4819 9278 4614 9279 4819 9279 4816 9279 4857 9280 4850 9280 4634 9280 4634 9281 4850 9281 4848 9281 4634 9282 4848 9282 4630 9282 4630 9283 4848 9283 4842 9283 4630 9284 4842 9284 4626 9284 4626 9285 4842 9285 4838 9285 4626 9286 4838 9286 4836 9286 4864 9287 4642 9287 4866 9287 4866 9288 4642 9288 4645 9288 4866 9289 4645 9289 4869 9289 4869 9290 4645 9290 4862 9290 4637 9291 4855 9291 4641 9291 4641 9292 4855 9292 4861 9292 4835 9293 4841 9293 4629 9293 4629 9294 4841 9294 4843 9294 4629 9295 4843 9295 4633 9295 4633 9296 4843 9296 4849 9296 4633 9297 4849 9297 4637 9297 4637 9298 4849 9298 4852 9298 4637 9299 4852 9299 4855 9299 4815 9300 4821 9300 4617 9300 4617 9301 4821 9301 4823 9301 4617 9302 4823 9302 4621 9302 4621 9303 4823 9303 4829 9303 4621 9304 4829 9304 4625 9304 4625 9305 4829 9305 4832 9305 4625 9306 4832 9306 4835 9306 4617 9307 4465 9307 4613 9307 4613 9308 4465 9308 4460 9308 4613 9309 4460 9309 4609 9309 4609 9310 4460 9310 4456 9310 4456 9311 4453 9311 4609 9311 4609 9312 4453 9312 4605 9312 4609 9313 4605 9313 4804 9313 4804 9314 4605 9314 4801 9314 4441 9315 4601 9315 4447 9315 4447 9316 4601 9316 4605 9316 4447 9317 4605 9317 4448 9317 4448 9318 4605 9318 4453 9318 4441 9319 4438 9319 4601 9319 4601 9320 4438 9320 4597 9320 4601 9321 4597 9321 4793 9321 4793 9322 4597 9322 4787 9322 4438 9323 4434 9323 4597 9323 4597 9324 4434 9324 4430 9324 4597 9325 4430 9325 4593 9325 4593 9326 4430 9326 4428 9326 4593 9327 4428 9327 4589 9327 4428 9328 4421 9328 4589 9328 4589 9329 4421 9329 4420 9329 4589 9330 4420 9330 4585 9330 4585 9331 4420 9331 4414 9331 4585 9332 4414 9332 4581 9332 4414 9333 4411 9333 4581 9333 4581 9334 4411 9334 4408 9334 4581 9335 4408 9335 4582 9335 4582 9336 4408 9336 4409 9336 4582 9337 4409 9337 4586 9337 4409 9338 4415 9338 4586 9338 4586 9339 4415 9339 4418 9339 4586 9340 4418 9340 4590 9340 4590 9341 4418 9341 4423 9341 4590 9342 4423 9342 4594 9342 4594 9343 4423 9343 4427 9343 4427 9344 4429 9344 4594 9344 4594 9345 4429 9345 4598 9345 4594 9346 4598 9346 4789 9346 4789 9347 4598 9347 4790 9347 4442 9348 4602 9348 4436 9348 4436 9349 4602 9349 4598 9349 4436 9350 4598 9350 4435 9350 4435 9351 4598 9351 4429 9351 4442 9352 4445 9352 4602 9352 4602 9353 4445 9353 4606 9353 4602 9354 4606 9354 4802 9354 4802 9355 4606 9355 4809 9355 4445 9356 4449 9356 4606 9356 4606 9357 4449 9357 4454 9357 4606 9358 4454 9358 4610 9358 4610 9359 4454 9359 4455 9359 4610 9360 4455 9360 4614 9360 4455 9361 4462 9361 4614 9361 4614 9362 4462 9362 4463 9362 4614 9363 4463 9363 4618 9363 4618 9364 4463 9364 4469 9364 4618 9365 4469 9365 4622 9365 4469 9366 4473 9366 4622 9366 4622 9367 4473 9367 4475 9367 4622 9368 4475 9368 4626 9368 4626 9369 4475 9369 4481 9369 4626 9370 4481 9370 4630 9370 4481 9371 4487 9371 4630 9371 4630 9372 4487 9372 4490 9372 4630 9373 4490 9373 4634 9373 4634 9374 4490 9374 4495 9374 4634 9375 4495 9375 4638 9375 4638 9376 4495 9376 4499 9376 4499 9377 4502 9377 4638 9377 4638 9378 4502 9378 4642 9378 4638 9379 4642 9379 4858 9379 4858 9380 4642 9380 4864 9380 4513 9381 4645 9381 4508 9381 4508 9382 4645 9382 4642 9382 4508 9383 4642 9383 4507 9383 4507 9384 4642 9384 4502 9384 4513 9385 4509 9385 4645 9385 4645 9386 4509 9386 4641 9386 4645 9387 4641 9387 4862 9387 4862 9388 4641 9388 4861 9388 4509 9389 4506 9389 4641 9389 4641 9390 4506 9390 4501 9390 4641 9391 4501 9391 4637 9391 4637 9392 4501 9392 4500 9392 4637 9393 4500 9393 4633 9393 4500 9394 4494 9394 4633 9394 4633 9395 4494 9395 4492 9395 4633 9396 4492 9396 4629 9396 4629 9397 4492 9397 4486 9397 4629 9398 4486 9398 4625 9398 4486 9399 4482 9399 4625 9399 4625 9400 4482 9400 4480 9400 4625 9401 4480 9401 4621 9401 4621 9402 4480 9402 4474 9402 4621 9403 4474 9403 4617 9403 4617 9404 4474 9404 4468 9404 4617 9405 4468 9405 4465 9405 5989 9406 6026 9406 6497 9406 5989 9407 6497 9407 5956 9407 6029 9408 5957 9408 6504 9408 6504 9409 5957 9409 5925 9409 6504 9410 5925 9410 5877 9410 5877 9411 5829 9411 6504 9411 6504 9412 5829 9412 5853 9412 6504 9413 5853 9413 6497 9413 6497 9414 5853 9414 5876 9414 6497 9415 5876 9415 5956 9415 4802 9416 5302 9416 4799 9416 4799 9417 5302 9417 5299 9417 4799 9418 5299 9418 4796 9418 4796 9419 5299 9419 5296 9419 4796 9420 5296 9420 4790 9420 4790 9421 5296 9421 5290 9421 4790 9422 5290 9422 4789 9422 4789 9423 5290 9423 5289 9423 4789 9424 5289 9424 4782 9424 4782 9425 5289 9425 5282 9425 4782 9426 5282 9426 4780 9426 4780 9427 5282 9427 5280 9427 4780 9428 5280 9428 4774 9428 4774 9429 5280 9429 5274 9429 4774 9430 5274 9430 4770 9430 4770 9431 5274 9431 5270 9431 4770 9432 5270 9432 4768 9432 4768 9432 5270 9432 5268 9432 4768 9433 5268 9433 4762 9433 4762 9434 5268 9434 5262 9434 4762 9435 5262 9435 4761 9435 4761 9436 5262 9436 5261 9436 4761 9437 5261 9437 4760 9437 4760 9438 5261 9438 5260 9438 4760 9439 5260 9439 4765 9439 4765 9440 5260 9440 5265 9440 4765 9441 5265 9441 4767 9441 4767 9442 5265 9442 5267 9442 4767 9443 5267 9443 4773 9443 4773 9443 5267 9443 5273 9443 4773 9444 5273 9444 4775 9444 4775 9445 5273 9445 5275 9445 4775 9446 5275 9446 4781 9446 4781 9447 5275 9447 5281 9447 4781 9448 5281 9448 4784 9448 4784 9449 5281 9449 5284 9449 4784 9450 5284 9450 4787 9450 4787 9451 5284 9451 5287 9451 4787 9452 5287 9452 4793 9452 4793 9452 5287 9452 5293 9452 4793 9453 5293 9453 4794 9453 4794 9453 5293 9453 5294 9453 4794 9454 5294 9454 4801 9454 4801 9455 5294 9455 5301 9455 4801 9456 5301 9456 4804 9456 4804 9457 5301 9457 5304 9457 4804 9458 5304 9458 4808 9458 4808 9458 5304 9458 5308 9458 4808 9459 5308 9459 4813 9459 4813 9459 5308 9459 5313 9459 4813 9460 5313 9460 4815 9460 4815 9461 5313 9461 5315 9461 4815 9462 5315 9462 4821 9462 4821 9463 5315 9463 5321 9463 4821 9464 5321 9464 4823 9464 4823 9464 5321 9464 5323 9464 4823 9465 5323 9465 4829 9465 4829 9465 5323 9465 5329 9465 4829 9466 5329 9466 4832 9466 4832 9467 5329 9467 5332 9467 4832 9468 5332 9468 4835 9468 4835 9469 5332 9469 5335 9469 4835 9470 5335 9470 4841 9470 4841 9471 5335 9471 5341 9471 4841 9472 5341 9472 4843 9472 4843 9473 5341 9473 5343 9473 4843 9474 5343 9474 4849 9474 4849 9475 5343 9475 5349 9475 4849 9476 5349 9476 4852 9476 4852 9477 5349 9477 5352 9477 4852 9478 5352 9478 4855 9478 4855 9479 5352 9479 5355 9479 4855 9480 5355 9480 4861 9480 4861 9481 5355 9481 5361 9481 4861 9482 5361 9482 4862 9482 4862 9483 5361 9483 5362 9483 4862 9484 5362 9484 4869 9484 4869 9485 5362 9485 5369 9485 4869 9486 5369 9486 4866 9486 4866 9487 5369 9487 5366 9487 4866 9488 5366 9488 4864 9488 4864 9489 5366 9489 5364 9489 4864 9490 5364 9490 4858 9490 4858 9491 5364 9491 5358 9491 4858 9492 5358 9492 4857 9492 4857 9493 5358 9493 5357 9493 4857 9494 5357 9494 4850 9494 4850 9495 5357 9495 5350 9495 4850 9496 5350 9496 4848 9496 4848 9497 5350 9497 5348 9497 4848 9498 5348 9498 4842 9498 4842 9498 5348 9498 5342 9498 4842 9499 5342 9499 4838 9499 4838 9500 5342 9500 5338 9500 4838 9501 5338 9501 4836 9501 4836 9502 5338 9502 5336 9502 4836 9503 5336 9503 4830 9503 4830 9504 5336 9504 5330 9504 4830 9505 5330 9505 4828 9505 4828 9506 5330 9506 5328 9506 4828 9507 5328 9507 4822 9507 4822 9507 5328 9507 5322 9507 4822 9508 5322 9508 4819 9508 4819 9509 5322 9509 5319 9509 4819 9510 5319 9510 4816 9510 4816 9510 5319 9510 5316 9510 4816 9511 5316 9511 4810 9511 4810 9512 5316 9512 5310 9512 4810 9513 5310 9513 4809 9513 4809 9514 5310 9514 5309 9514 4809 9515 5309 9515 4802 9515 4802 9516 5309 9516 5302 9516 6026 9517 5997 9517 6497 9517 6497 9518 5997 9518 5941 9518 5941 9519 5842 9519 6497 9519 6497 9520 5842 9520 5861 9520 6497 9521 5861 9521 5897 9521 6022 9522 6480 9522 5973 9522 5973 9523 6480 9523 6497 9523 5973 9524 6497 9524 5909 9524 5909 9525 6497 9525 5897 9525 6005 9526 6029 9526 6504 9526 6005 9527 6504 9527 5933 9527 6025 9528 5979 9528 6493 9528 6493 9529 5979 9529 5963 9529 6493 9530 5963 9530 5899 9530 5899 9531 5884 9531 6493 9531 6493 9532 5884 9532 5844 9532 6493 9533 5844 9533 6504 9533 6504 9534 5844 9534 5917 9534 6504 9535 5917 9535 5933 9535 5473 9536 5713 9536 5714 9536 5473 9537 5714 9537 5477 9537 5465 9538 5698 9538 5469 9538 5469 9539 5698 9539 5704 9539 5469 9540 5704 9540 5706 9540 5682 9541 5687 9541 5461 9541 5461 9542 5687 9542 5689 9542 5461 9543 5689 9543 5465 9543 5465 9544 5689 9544 5696 9544 5465 9545 5696 9545 5698 9545 5679 9546 5457 9546 5674 9546 5674 9547 5457 9547 5453 9547 5674 9548 5453 9548 5671 9548 5671 9549 5453 9549 5666 9549 5663 9550 5449 9550 5658 9550 5658 9551 5449 9551 5445 9551 5441 9552 5650 9552 5445 9552 5445 9553 5650 9553 5655 9553 5445 9554 5655 9554 5658 9554 5437 9555 5643 9555 5441 9555 5441 9556 5643 9556 5647 9556 5441 9557 5647 9557 5650 9557 5645 9558 5639 9558 5438 9558 5438 9559 5639 9559 5638 9559 5438 9560 5638 9560 5437 9560 5437 9561 5638 9561 5637 9561 5437 9562 5637 9562 5643 9562 5648 9563 5442 9563 5653 9563 5653 9564 5442 9564 5446 9564 5668 9565 5664 9565 5450 9565 5450 9566 5664 9566 5661 9566 5450 9567 5661 9567 5446 9567 5446 9568 5661 9568 5656 9568 5446 9569 5656 9569 5653 9569 5672 9570 5454 9570 5676 9570 5676 9571 5454 9571 5458 9571 5690 9572 5684 9572 5458 9572 5458 9573 5684 9573 5681 9573 5458 9574 5681 9574 5676 9574 5466 9575 5699 9575 5462 9575 5462 9576 5699 9576 5693 9576 5470 9577 5474 9577 5715 9577 5715 9578 5709 9578 5470 9578 5470 9579 5709 9579 5707 9579 5470 9580 5707 9580 5466 9580 5466 9581 5707 9581 5701 9581 5466 9582 5701 9582 5699 9582 5730 9583 5724 9583 5478 9583 5478 9584 5724 9584 5722 9584 5478 9585 5722 9585 5474 9585 5474 9586 5722 9586 5717 9586 5474 9587 5717 9587 5715 9587 5486 9588 5738 9588 5482 9588 5482 9589 5738 9589 5732 9589 5753 9590 5747 9590 5490 9590 5490 9591 5747 9591 5746 9591 5490 9592 5746 9592 5486 9592 5486 9593 5746 9593 5739 9593 5486 9594 5739 9594 5738 9594 5501 9595 5763 9595 5498 9595 5498 9596 5763 9596 5762 9596 5498 9597 5762 9597 5494 9597 5494 9598 5762 9598 5756 9598 5494 9599 5756 9599 5755 9599 5497 9600 5766 9600 5501 9600 5501 9601 5766 9601 5769 9601 5501 9602 5769 9602 5763 9602 5752 9603 5754 9603 5493 9603 5493 9604 5754 9604 5760 9604 5493 9605 5760 9605 5497 9605 5497 9606 5760 9606 5761 9606 5497 9607 5761 9607 5766 9607 5745 9608 5489 9608 5744 9608 5744 9609 5489 9609 5485 9609 5481 9610 5736 9610 5485 9610 5485 9611 5736 9611 5737 9611 5485 9612 5737 9612 5744 9612 5714 9613 5721 9613 5477 9613 5477 9614 5721 9614 5728 9614 5477 9615 5728 9615 5481 9615 5481 9616 5728 9616 5729 9616 5481 9617 5729 9617 5736 9617 5321 9618 5469 9618 5473 9618 5473 9619 5469 9619 5706 9619 5473 9620 5706 9620 5713 9620 5321 9621 5315 9621 5469 9621 5469 9622 5315 9622 5313 9622 5469 9623 5313 9623 5465 9623 5465 9624 5313 9624 5308 9624 5465 9625 5308 9625 5461 9625 5461 9626 5308 9626 5304 9626 5304 9627 5301 9627 5461 9627 5461 9628 5301 9628 5457 9628 5461 9629 5457 9629 5682 9629 5682 9630 5457 9630 5679 9630 5287 9631 5453 9631 5293 9631 5293 9632 5453 9632 5457 9632 5293 9633 5457 9633 5294 9633 5294 9634 5457 9634 5301 9634 5287 9635 5284 9635 5453 9635 5453 9636 5284 9636 5449 9636 5453 9637 5449 9637 5666 9637 5666 9638 5449 9638 5663 9638 5284 9639 5281 9639 5449 9639 5449 9640 5281 9640 5275 9640 5449 9641 5275 9641 5445 9641 5445 9642 5275 9642 5273 9642 5445 9643 5273 9643 5441 9643 5273 9644 5267 9644 5441 9644 5441 9645 5267 9645 5265 9645 5441 9646 5265 9646 5437 9646 5437 9647 5265 9647 5260 9647 5437 9648 5260 9648 5438 9648 5438 9649 5260 9649 5261 9649 5261 9650 5262 9650 5438 9650 5438 9651 5262 9651 5442 9651 5438 9652 5442 9652 5645 9652 5645 9653 5442 9653 5648 9653 5262 9654 5268 9654 5442 9654 5442 9655 5268 9655 5270 9655 5442 9656 5270 9656 5446 9656 5446 9657 5270 9657 5274 9657 5446 9658 5274 9658 5450 9658 5450 9659 5274 9659 5280 9659 5280 9660 5282 9660 5450 9660 5450 9661 5282 9661 5454 9661 5450 9662 5454 9662 5668 9662 5668 9663 5454 9663 5672 9663 5296 9664 5458 9664 5290 9664 5290 9665 5458 9665 5454 9665 5290 9666 5454 9666 5289 9666 5289 9667 5454 9667 5282 9667 5296 9668 5299 9668 5458 9668 5458 9669 5299 9669 5462 9669 5458 9670 5462 9670 5690 9670 5690 9671 5462 9671 5693 9671 5299 9672 5302 9672 5462 9672 5462 9673 5302 9673 5309 9673 5462 9674 5309 9674 5466 9674 5466 9675 5309 9675 5310 9675 5466 9676 5310 9676 5470 9676 5310 9677 5316 9677 5470 9677 5470 9678 5316 9678 5319 9678 5470 9679 5319 9679 5474 9679 5474 9680 5319 9680 5322 9680 5474 9681 5322 9681 5478 9681 5478 9682 5322 9682 5328 9682 5328 9683 5330 9683 5478 9683 5478 9684 5330 9684 5482 9684 5478 9685 5482 9685 5730 9685 5730 9686 5482 9686 5732 9686 5330 9687 5336 9687 5482 9687 5482 9688 5336 9688 5338 9688 5482 9689 5338 9689 5486 9689 5486 9690 5338 9690 5342 9690 5486 9691 5342 9691 5490 9691 5490 9692 5342 9692 5348 9692 5348 9693 5350 9693 5490 9693 5490 9694 5350 9694 5494 9694 5490 9695 5494 9695 5753 9695 5753 9696 5494 9696 5755 9696 5350 9697 5357 9697 5494 9697 5494 9698 5357 9698 5358 9698 5494 9699 5358 9699 5498 9699 5498 9700 5358 9700 5364 9700 5498 9701 5364 9701 5501 9701 5501 9702 5364 9702 5366 9702 5355 9703 5493 9703 5361 9703 5361 9704 5493 9704 5497 9704 5361 9705 5497 9705 5362 9705 5362 9706 5497 9706 5501 9706 5362 9707 5501 9707 5369 9707 5369 9708 5501 9708 5366 9708 5355 9709 5352 9709 5493 9709 5493 9710 5352 9710 5489 9710 5493 9711 5489 9711 5752 9711 5752 9712 5489 9712 5745 9712 5352 9713 5349 9713 5489 9713 5489 9714 5349 9714 5343 9714 5489 9715 5343 9715 5485 9715 5485 9716 5343 9716 5341 9716 5485 9717 5341 9717 5481 9717 5341 9718 5335 9718 5481 9718 5481 9719 5335 9719 5332 9719 5481 9720 5332 9720 5477 9720 5477 9721 5332 9721 5329 9721 5477 9722 5329 9722 5473 9722 5473 9723 5329 9723 5323 9723 5473 9724 5323 9724 5321 9724 5994 9725 6018 9725 6471 9725 5859 9726 6471 9726 5896 9726 5896 9727 6471 9727 5908 9727 5859 9728 5839 9728 6471 9728 6471 9729 5839 9729 5938 9729 6471 9730 5938 9730 5994 9730 5908 9731 6471 9731 5972 9731 5972 9732 6471 9732 6480 9732 5972 9733 6480 9733 6022 9733 5898 9734 5962 9734 6493 9734 6493 9735 5962 9735 5978 9735 6493 9736 5978 9736 6025 9736 6021 9737 6002 9737 6478 9737 6478 9738 6002 9738 5930 9738 5930 9739 5914 9739 6478 9739 6478 9740 5914 9740 5841 9740 6478 9741 5841 9741 6493 9741 6493 9742 5841 9742 5882 9742 6493 9743 5882 9743 5898 9743 5898 9744 5882 9744 5772 9744 6002 9745 6021 9745 5772 9745 5951 9746 5922 9746 5772 9746 5826 9747 5850 9747 5772 9747 5950 9748 5986 9748 5772 9748 5839 9749 5859 9749 5772 9749 5896 9750 5908 9750 5772 9750 5972 9751 6022 9751 5772 9751 5973 9752 5909 9752 5772 9752 5897 9753 5861 9753 5772 9753 5877 9754 5925 9754 5772 9754 5957 9755 6029 9755 5772 9755 5933 9756 5917 9756 5772 9756 5978 9757 5962 9757 5772 9757 5979 9758 6025 9758 5978 9758 5979 9759 5978 9759 5963 9759 5772 9760 5884 9760 5899 9760 5963 9761 5772 9761 5899 9761 5844 9762 5884 9762 5772 9762 5917 9763 5844 9763 5772 9763 6005 9764 5933 9764 5772 9764 6029 9765 6005 9765 5772 9765 5925 9766 5957 9766 5772 9766 5772 9767 5853 9767 5829 9767 5876 9768 5853 9768 5772 9768 5829 9769 5877 9769 5772 9769 5772 9770 5989 9770 5956 9770 5956 9771 5876 9771 5772 9771 5772 9772 5842 9772 5941 9772 5997 9773 5772 9773 5941 9773 5861 9774 5842 9774 5772 9774 6026 9775 5989 9775 5997 9775 5997 9776 5989 9776 5772 9776 5909 9777 5897 9777 5772 9777 6022 9778 5973 9778 5772 9778 5908 9779 5972 9779 5772 9779 5859 9780 5896 9780 5772 9780 5938 9781 5839 9781 5772 9781 5994 9782 5938 9782 5772 9782 5950 9783 5772 9783 5870 9783 6018 9784 5994 9784 5986 9784 5986 9785 5994 9785 5772 9785 5850 9786 5870 9786 5772 9786 5871 9787 5826 9787 5772 9787 5922 9788 5871 9788 5772 9788 6021 9789 5951 9789 5772 9789 5772 9790 5914 9790 5930 9790 5841 9791 5914 9791 5772 9791 5930 9792 6002 9792 5772 9792 5882 9793 5841 9793 5772 9793 5962 9794 5898 9794 5772 9794 5963 9795 5978 9795 5772 9795 5755 9796 5756 9796 6244 9796 6204 9797 6200 9797 5672 9797 6196 9798 5664 9798 6200 9798 6200 9799 5664 9799 5668 9799 6200 9800 5668 9800 5672 9800 6192 9801 5656 9801 6196 9801 6196 9802 5656 9802 5661 9802 6196 9803 5661 9803 5664 9803 6188 9804 5648 9804 6192 9804 6192 9805 5648 9805 5653 9805 6192 9806 5653 9806 5656 9806 6184 9807 5639 9807 6188 9807 6188 9808 5639 9808 5645 9808 6188 9809 5645 9809 5648 9809 6187 9810 5637 9810 6184 9810 6184 9811 5637 9811 5638 9811 6184 9812 5638 9812 5639 9812 6191 9813 5647 9813 6187 9813 6187 9814 5647 9814 5643 9814 6187 9815 5643 9815 5637 9815 6195 9816 5655 9816 6191 9816 6191 9817 5655 9817 5650 9817 6191 9818 5650 9818 5647 9818 6199 9819 5663 9819 6195 9819 6195 9820 5663 9820 5658 9820 6195 9821 5658 9821 5655 9821 6203 9822 5671 9822 6199 9822 6199 9823 5671 9823 5666 9823 6199 9824 5666 9824 5663 9824 6207 9825 5679 9825 6203 9825 6203 9826 5679 9826 5674 9826 6203 9827 5674 9827 5671 9827 6211 9828 5687 9828 6207 9828 6207 9829 5687 9829 5682 9829 6207 9830 5682 9830 5679 9830 6215 9831 5696 9831 6211 9831 6211 9832 5696 9832 5689 9832 6211 9833 5689 9833 5687 9833 6219 9834 5704 9834 6215 9834 6215 9835 5704 9835 5698 9835 6215 9836 5698 9836 5696 9836 5714 9837 5713 9837 6219 9837 6219 9838 5713 9838 5706 9838 6219 9839 5706 9839 5704 9839 6219 9840 6223 9840 5714 9840 5714 9841 6223 9841 6227 9841 5714 9842 6227 9842 5721 9842 5721 9843 6227 9843 6231 9843 5721 9844 6231 9844 5728 9844 6235 9845 5736 9845 6231 9845 6231 9846 5736 9846 5729 9846 6231 9847 5729 9847 5728 9847 6239 9848 6243 9848 5752 9848 5752 9849 5745 9849 6239 9849 6239 9850 5745 9850 5744 9850 6239 9851 5744 9851 6235 9851 6235 9852 5744 9852 5737 9852 6235 9853 5737 9853 5736 9853 6247 9854 6251 9854 5766 9854 5766 9855 5761 9855 6247 9855 6247 9856 5761 9856 5760 9856 6247 9857 5760 9857 6243 9857 6243 9858 5760 9858 5754 9858 6243 9859 5754 9859 5752 9859 6244 9860 5756 9860 6248 9860 5756 9861 5762 9861 6248 9861 6248 9862 5762 9862 5763 9862 6248 9863 5763 9863 6251 9863 6251 9864 5763 9864 5769 9864 6251 9865 5769 9865 5766 9865 5755 9866 6244 9866 5753 9866 5753 9867 6244 9867 6240 9867 5753 9868 6240 9868 5747 9868 6236 9869 5739 9869 6240 9869 6240 9870 5739 9870 5746 9870 6240 9871 5746 9871 5747 9871 6232 9872 6228 9872 5724 9872 5724 9873 5730 9873 6232 9873 6232 9874 5730 9874 5732 9874 6232 9875 5732 9875 6236 9875 6236 9876 5732 9876 5738 9876 6236 9877 5738 9877 5739 9877 6224 9878 6220 9878 5709 9878 5709 9879 5715 9879 6224 9879 6224 9880 5715 9880 5717 9880 6224 9881 5717 9881 6228 9881 6228 9882 5717 9882 5722 9882 6228 9883 5722 9883 5724 9883 6216 9884 6212 9884 5693 9884 5693 9885 5699 9885 6216 9885 6216 9886 5699 9886 5701 9886 6216 9887 5701 9887 6220 9887 6220 9888 5701 9888 5707 9888 6220 9889 5707 9889 5709 9889 5672 9890 5676 9890 6204 9890 6204 9891 5676 9891 5681 9891 6204 9892 5681 9892 6208 9892 6208 9893 5681 9893 5684 9893 6208 9894 5684 9894 6212 9894 6212 9895 5684 9895 5690 9895 6212 9896 5690 9896 5693 9896 6471 9897 6018 9897 5986 9897 5826 9898 5871 9898 6478 9898 5871 9899 5922 9899 6478 9899 6478 9900 5922 9900 5951 9900 6478 9901 5951 9901 6021 9901 5986 9902 5950 9902 6471 9902 6471 9903 5950 9903 5870 9903 6471 9904 5870 9904 6478 9904 6478 9905 5870 9905 5850 9905 6478 9906 5850 9906 5826 9906 6469 9907 6212 9907 6476 9907 6476 9908 6212 9908 6216 9908 6476 9909 6216 9909 6483 9909 6483 9910 6216 9910 6220 9910 6483 9911 6220 9911 6492 9911 6492 9912 6220 9912 6224 9912 6492 9912 6224 9912 6501 9912 6501 9913 6224 9913 6228 9913 6501 9914 6228 9914 6507 9914 6507 9915 6228 9915 6232 9915 6507 9915 6232 9915 6515 9915 6515 9916 6232 9916 6236 9916 6515 9917 6236 9917 6519 9917 6519 9918 6236 9918 6240 9918 6519 9919 6240 9919 6523 9919 6523 9920 6240 9920 6244 9920 6523 9921 6244 9921 6531 9921 6531 9922 6244 9922 6248 9922 6531 9923 6248 9923 6535 9923 6535 9924 6248 9924 6251 9924 6535 9925 6251 9925 6538 9925 6538 9926 6251 9926 6247 9926 6538 9927 6247 9927 6534 9927 6534 9928 6247 9928 6243 9928 6534 9929 6243 9929 6526 9929 6526 9930 6243 9930 6239 9930 6526 9931 6239 9931 6522 9931 6522 9932 6239 9932 6235 9932 6522 9933 6235 9933 6518 9933 6518 9934 6235 9934 6231 9934 6518 9935 6231 9935 6514 9935 6514 9936 6231 9936 6227 9936 6514 9937 6227 9937 6506 9937 6506 9938 6227 9938 6223 9938 6506 9939 6223 9939 6499 9939 6499 9940 6223 9940 6219 9940 6499 9941 6219 9941 6490 9941 6490 9942 6219 9942 6215 9942 6490 9943 6215 9943 6481 9943 6481 9944 6215 9944 6211 9944 6481 9945 6211 9945 6474 9945 6474 9946 6211 9946 6207 9946 6474 9947 6207 9947 6468 9947 6468 9948 6207 9948 6203 9948 6468 9949 6203 9949 6460 9949 6460 9950 6203 9950 6199 9950 6460 9950 6199 9950 6456 9950 6456 9951 6199 9951 6195 9951 6456 9951 6195 9951 6452 9951 6452 9952 6195 9952 6191 9952 6452 9953 6191 9953 6444 9953 6444 9954 6191 9954 6187 9954 6444 9955 6187 9955 6440 9955 6440 9956 6187 9956 6184 9956 6440 9957 6184 9957 6437 9957 6437 9958 6184 9958 6188 9958 6437 9959 6188 9959 6441 9959 6441 9960 6188 9960 6192 9960 6441 9961 6192 9961 6449 9961 6449 9962 6192 9962 6196 9962 6449 9963 6196 9963 6453 9963 6453 9964 6196 9964 6200 9964 6453 9965 6200 9965 6457 9965 6457 9966 6200 9966 6204 9966 6457 9967 6204 9967 6461 9967 6461 9968 6204 9968 6208 9968 6461 9968 6208 9968 6469 9968 6469 9907 6208 9907 6212 9907 6507 9969 6515 9969 6497 9969 6468 9970 6460 9970 6478 9970 6440 9971 6437 9971 6471 9971 6471 9972 6437 9972 6441 9972 6441 9973 6449 9973 6471 9973 6471 309 6449 309 6453 309 6471 9974 6453 9974 6480 9974 6480 9975 6453 9975 6457 9975 6493 9976 6506 9976 6499 9976 6506 309 6493 309 6514 309 6499 309 6490 309 6493 309 6493 9977 6490 9977 6481 9977 6493 309 6481 309 6478 309 6478 309 6481 309 6474 309 6478 9978 6474 9978 6468 9978 6535 9979 6538 9979 6504 9979 6504 9980 6538 9980 6534 9980 6457 309 6461 309 6480 309 6480 9981 6461 9981 6469 9981 6480 9982 6469 9982 6476 9982 6460 9983 6456 9983 6478 9983 6478 309 6456 309 6452 309 6478 309 6452 309 6471 309 6471 9984 6452 9984 6444 9984 6471 309 6444 309 6440 309 6476 309 6483 309 6480 309 6480 9985 6483 9985 6492 9985 6480 309 6492 309 6497 309 6497 9986 6492 9986 6501 9986 6497 9987 6501 9987 6507 9987 6534 9988 6526 9988 6504 9988 6504 9989 6526 9989 6522 9989 6504 9990 6522 9990 6493 9990 6493 9991 6522 9991 6518 9991 6493 9992 6518 9992 6514 9992 6515 309 6519 309 6497 309 6497 9993 6519 9993 6523 9993 6497 309 6523 309 6504 309 6504 309 6523 309 6531 309 6504 9994 6531 9994 6535 9994 3002 9995 3003 9995 3000 9995 3000 9996 3003 9996 3001 9996 3000 9997 3001 9997 2998 9997 2998 9998 3001 9998 2999 9998 3003 9999 2733 9999 3001 9999 3001 9999 2733 9999 2726 9999 3002 10000 2730 10000 3003 10000 3003 10001 2730 10001 2733 10001 3000 10002 2720 10002 3002 10002 3002 10003 2720 10003 2730 10003 2998 10004 2712 10004 3000 10004 3000 10005 2712 10005 2720 10005 2999 10006 2715 10006 2998 10006 2998 10006 2715 10006 2712 10006 3001 10007 2726 10007 2999 10007 2999 10008 2726 10008 2715 10008 2707 10009 2705 10009 2715 10009 2726 10010 2728 10010 2725 10010 2715 10011 2717 10011 2714 10011 2744 172 2742 172 2733 172 2733 10012 2742 10012 2740 10012 2733 10013 2740 10013 2738 10013 2738 172 2736 172 2733 172 2733 10014 2736 10014 2734 10014 2733 10015 2734 10015 2726 10015 2726 10016 2734 10016 2731 10016 2726 172 2731 172 2728 172 2715 10017 2705 10017 2712 10017 2712 10018 2705 10018 2703 10018 2712 10019 2703 10019 2701 10019 2725 172 2723 172 2726 172 2726 10020 2723 10020 2721 10020 2726 10021 2721 10021 2715 10021 2715 10022 2721 10022 2719 10022 2715 10023 2719 10023 2717 10023 2714 172 2711 172 2715 172 2715 10024 2711 10024 2709 10024 2715 172 2709 172 2707 172 2701 10025 2700 10025 2712 10025 2712 10026 2700 10026 2702 10026 2712 172 2702 172 2704 172 2732 172 2735 172 2730 172 2730 10027 2735 10027 2737 10027 2730 10028 2737 10028 2739 10028 2713 172 2716 172 2720 172 2720 10029 2716 10029 2718 10029 2720 10030 2718 10030 2722 10030 2722 172 2724 172 2720 172 2720 10031 2724 10031 2727 10031 2720 172 2727 172 2730 172 2730 10032 2727 10032 2729 10032 2730 10033 2729 10033 2732 10033 2704 10034 2706 10034 2712 10034 2712 172 2706 172 2708 172 2712 10035 2708 10035 2720 10035 2720 10036 2708 10036 2710 10036 2720 10037 2710 10037 2713 10037 2739 10038 2741 10038 2730 10038 2730 172 2741 172 2743 172 2730 10039 2743 10039 2733 10039 2733 10040 2743 10040 2745 10040 2733 10041 2745 10041 2744 10041 2717 10042 2719 10042 2767 10042 2719 10043 2721 10043 2767 10043 2767 10044 2721 10044 2723 10044 2767 10045 2723 10045 2769 10045 2769 10046 2723 10046 2725 10046 2769 10047 2725 10047 2771 10047 2771 10048 2725 10048 2728 10048 2771 10049 2728 10049 2773 10049 2773 10050 2728 10050 2731 10050 2773 10051 2731 10051 2775 10051 2775 10052 2731 10052 2734 10052 2775 10053 2734 10053 2777 10053 2777 10054 2734 10054 2736 10054 2777 10055 2736 10055 2779 10055 2779 10056 2736 10056 2738 10056 2779 10057 2738 10057 2781 10057 2781 10058 2738 10058 2740 10058 2781 10059 2740 10059 2783 10059 2783 10060 2740 10060 2742 10060 2783 10061 2742 10061 2785 10061 2785 10062 2742 10062 2744 10062 2785 10063 2744 10063 2787 10063 2787 10064 2744 10064 2745 10064 2787 10065 2745 10065 2788 10065 2788 10066 2745 10066 2743 10066 2788 10067 2743 10067 2786 10067 2786 10068 2743 10068 2741 10068 2786 10069 2741 10069 2784 10069 2784 10070 2741 10070 2739 10070 2784 10071 2739 10071 2782 10071 2782 10072 2739 10072 2737 10072 2782 10073 2737 10073 2780 10073 2780 10074 2737 10074 2735 10074 2780 10075 2735 10075 2778 10075 2778 10076 2735 10076 2732 10076 2778 10077 2732 10077 2776 10077 2776 10078 2732 10078 2729 10078 2776 10079 2729 10079 2774 10079 2774 10080 2729 10080 2727 10080 2774 10081 2727 10081 2772 10081 2772 10082 2727 10082 2724 10082 2772 10083 2724 10083 2770 10083 2770 10084 2724 10084 2722 10084 2770 10085 2722 10085 2768 10085 2768 10086 2722 10086 2718 10086 2768 10087 2718 10087 2766 10087 2766 10088 2718 10088 2716 10088 2766 10089 2716 10089 2764 10089 2764 10090 2716 10090 2713 10090 2764 10091 2713 10091 2762 10091 2762 10092 2713 10092 2710 10092 2762 10093 2710 10093 2760 10093 2760 10094 2710 10094 2708 10094 2760 10095 2708 10095 2758 10095 2758 10096 2708 10096 2706 10096 2758 10097 2706 10097 2756 10097 2756 10098 2706 10098 2704 10098 2756 10099 2704 10099 2754 10099 2754 10100 2704 10100 2702 10100 2754 10101 2702 10101 2752 10101 2752 10102 2702 10102 2700 10102 2752 10103 2700 10103 2750 10103 2750 10104 2700 10104 2701 10104 2750 10105 2701 10105 2751 10105 2751 10106 2701 10106 2703 10106 2751 10107 2703 10107 2753 10107 2753 10108 2703 10108 2705 10108 2753 10109 2705 10109 2755 10109 2755 10110 2705 10110 2707 10110 2755 10111 2707 10111 2757 10111 2757 10112 2707 10112 2709 10112 2757 10113 2709 10113 2759 10113 2759 10114 2709 10114 2711 10114 2759 10115 2711 10115 2761 10115 2761 10116 2711 10116 2714 10116 2761 10117 2714 10117 2763 10117 2763 10118 2714 10118 2717 10118 2763 10119 2717 10119 2765 10119 2765 10120 2717 10120 2767 10120 2845 10121 2896 10121 2895 10121 2845 10122 2895 10122 2843 10122 2896 10123 2845 10123 2899 10123 2899 10124 2845 10124 2847 10124 2899 10125 2847 10125 2900 10125 2900 10126 2847 10126 2849 10126 2900 10127 2849 10127 2903 10127 2914 10128 2913 10128 2855 10128 2855 10129 2913 10129 2910 10129 2855 10130 2910 10130 2853 10130 2853 10131 2910 10131 2909 10131 2853 10132 2909 10132 2851 10132 2851 10133 2909 10133 2906 10133 2851 10134 2906 10134 2849 10134 2849 10135 2906 10135 2905 10135 2849 10136 2905 10136 2903 10136 2914 10137 2855 10137 2917 10137 2917 10138 2855 10138 2857 10138 2917 10139 2857 10139 2919 10139 2919 10140 2857 10140 2859 10140 2919 10141 2859 10141 2920 10141 2920 10142 2859 10142 2861 10142 2920 10143 2861 10143 2923 10143 2866 10144 2930 10144 2865 10144 2865 10145 2930 10145 2929 10145 2865 10146 2929 10146 2863 10146 2863 10147 2929 10147 2927 10147 2863 10148 2927 10148 2861 10148 2861 10149 2927 10149 2924 10149 2861 10150 2924 10150 2923 10150 2864 10151 2931 10151 2866 10151 2866 10152 2931 10152 2932 10152 2866 10153 2932 10153 2930 10153 2862 10154 2926 10154 2864 10154 2864 10155 2926 10155 2928 10155 2864 10156 2928 10156 2931 10156 2916 10157 2918 10157 2858 10157 2858 10158 2918 10158 2921 10158 2858 10159 2921 10159 2860 10159 2860 10160 2921 10160 2922 10160 2860 10161 2922 10161 2862 10161 2862 10162 2922 10162 2925 10162 2862 10163 2925 10163 2926 10163 2916 10164 2858 10164 2915 10164 2915 10165 2858 10165 2856 10165 2915 10166 2856 10166 2912 10166 2912 10167 2856 10167 2854 10167 2912 10168 2854 10168 2911 10168 2911 10169 2854 10169 2852 10169 2911 10170 2852 10170 2908 10170 2897 10171 2898 10171 2846 10171 2846 10172 2898 10172 2901 10172 2846 10173 2901 10173 2848 10173 2848 10174 2901 10174 2902 10174 2848 10175 2902 10175 2850 10175 2850 10176 2902 10176 2904 10176 2850 10177 2904 10177 2852 10177 2852 10178 2904 10178 2907 10178 2852 10179 2907 10179 2908 10179 2897 10180 2846 10180 2894 10180 2894 10181 2846 10181 2844 10181 2894 10182 2844 10182 2892 10182 2892 10183 2844 10183 2842 10183 2892 10184 2842 10184 2891 10184 2891 10185 2842 10185 2840 10185 2891 10186 2840 10186 2888 10186 2888 10187 2840 10187 2887 10187 2887 10188 2840 10188 2838 10188 2887 10189 2838 10189 2884 10189 2884 10190 2838 10190 2882 10190 2882 10191 2838 10191 2836 10191 2882 10192 2836 10192 2881 10192 2881 10193 2836 10193 2878 10193 2878 10194 2836 10194 2834 10194 2878 10195 2834 10195 2877 10195 2877 10196 2834 10196 2832 10196 2877 10197 2832 10197 2874 10197 2871 10198 2869 10198 2829 10198 2829 10199 2869 10199 2867 10199 2829 10200 2867 10200 2828 10200 2828 10201 2867 10201 2868 10201 2828 10202 2868 10202 2830 10202 2830 10203 2868 10203 2870 10203 2830 10204 2870 10204 2832 10204 2832 10205 2870 10205 2873 10205 2832 10206 2873 10206 2874 10206 2871 10207 2829 10207 2872 10207 2872 10208 2829 10208 2831 10208 2872 10209 2831 10209 2875 10209 2875 10210 2831 10210 2833 10210 2875 10211 2833 10211 2876 10211 2876 10212 2833 10212 2835 10212 2876 10213 2835 10213 2879 10213 2841 10214 2886 10214 2839 10214 2839 10215 2886 10215 2885 10215 2839 10216 2885 10216 2837 10216 2837 10217 2885 10217 2883 10217 2837 10218 2883 10218 2835 10218 2835 10219 2883 10219 2880 10219 2835 10220 2880 10220 2879 10220 2895 10221 2893 10221 2843 10221 2843 10222 2893 10222 2890 10222 2843 10223 2890 10223 2841 10223 2841 10224 2890 10224 2889 10224 2841 10225 2889 10225 2886 10225 2772 10226 2811 10226 2774 10226 2774 10227 2811 10227 2813 10227 2774 10228 2813 10228 2776 10228 2776 10229 2813 10229 2815 10229 2776 10230 2815 10230 2778 10230 2778 10231 2815 10231 2817 10231 2778 10232 2817 10232 2780 10232 2780 10233 2817 10233 2819 10233 2780 10234 2819 10234 2782 10234 2782 10235 2819 10235 2821 10235 2782 10236 2821 10236 2784 10236 2784 10237 2821 10237 2823 10237 2784 10238 2823 10238 2786 10238 2786 10239 2823 10239 2825 10239 2786 10240 2825 10240 2788 10240 2788 10241 2825 10241 2827 10241 2788 10242 2827 10242 2787 10242 2787 10243 2827 10243 2826 10243 2787 10244 2826 10244 2785 10244 2785 10245 2826 10245 2824 10245 2785 10246 2824 10246 2783 10246 2783 10247 2824 10247 2822 10247 2783 10248 2822 10248 2781 10248 2781 10249 2822 10249 2820 10249 2781 10250 2820 10250 2779 10250 2779 10251 2820 10251 2818 10251 2779 10252 2818 10252 2777 10252 2777 10253 2818 10253 2816 10253 2777 10254 2816 10254 2775 10254 2775 10255 2816 10255 2814 10255 2775 10256 2814 10256 2773 10256 2773 10257 2814 10257 2812 10257 2773 10258 2812 10258 2771 10258 2771 10259 2812 10259 2810 10259 2771 10260 2810 10260 2769 10260 2769 10261 2810 10261 2808 10261 2769 10262 2808 10262 2767 10262 2767 10263 2808 10263 2806 10263 2767 10264 2806 10264 2765 10264 2765 10265 2806 10265 2804 10265 2765 10266 2804 10266 2763 10266 2763 10267 2804 10267 2802 10267 2763 10268 2802 10268 2761 10268 2761 10269 2802 10269 2800 10269 2761 10270 2800 10270 2759 10270 2759 10271 2800 10271 2798 10271 2759 10272 2798 10272 2757 10272 2757 10273 2798 10273 2796 10273 2757 10274 2796 10274 2755 10274 2755 10275 2796 10275 2794 10275 2755 10276 2794 10276 2753 10276 2753 10277 2794 10277 2792 10277 2753 10278 2792 10278 2751 10278 2751 10279 2792 10279 2790 10279 2751 10280 2790 10280 2750 10280 2750 10281 2790 10281 2789 10281 2750 10282 2789 10282 2752 10282 2752 10283 2789 10283 2791 10283 2752 10284 2791 10284 2754 10284 2754 10285 2791 10285 2793 10285 2754 10286 2793 10286 2756 10286 2756 10287 2793 10287 2795 10287 2756 10288 2795 10288 2758 10288 2758 10289 2795 10289 2797 10289 2758 10290 2797 10290 2760 10290 2760 10291 2797 10291 2799 10291 2760 10292 2799 10292 2762 10292 2762 10293 2799 10293 2801 10293 2762 10294 2801 10294 2764 10294 2764 10295 2801 10295 2803 10295 2764 10296 2803 10296 2766 10296 2766 10297 2803 10297 2805 10297 2766 10298 2805 10298 2768 10298 2768 10299 2805 10299 2807 10299 2768 10300 2807 10300 2770 10300 2770 10301 2807 10301 2809 10301 2770 10302 2809 10302 2772 10302 2772 10303 2809 10303 2811 10303 2811 10304 2850 10304 2813 10304 2813 10305 2850 10305 2852 10305 2813 10306 2852 10306 2815 10306 2815 10307 2852 10307 2854 10307 2815 10308 2854 10308 2817 10308 2817 10309 2854 10309 2856 10309 2817 10310 2856 10310 2819 10310 2819 10311 2856 10311 2858 10311 2819 10312 2858 10312 2821 10312 2821 10313 2858 10313 2860 10313 2821 10314 2860 10314 2823 10314 2823 10315 2860 10315 2862 10315 2823 10316 2862 10316 2825 10316 2825 10317 2862 10317 2864 10317 2825 10318 2864 10318 2827 10318 2827 10319 2864 10319 2866 10319 2827 10320 2866 10320 2826 10320 2826 10321 2866 10321 2865 10321 2826 10322 2865 10322 2824 10322 2824 10323 2865 10323 2863 10323 2824 10324 2863 10324 2822 10324 2822 10325 2863 10325 2861 10325 2822 10326 2861 10326 2820 10326 2820 10327 2861 10327 2859 10327 2820 10328 2859 10328 2818 10328 2818 10329 2859 10329 2857 10329 2818 10330 2857 10330 2816 10330 2816 10331 2857 10331 2855 10331 2816 10332 2855 10332 2814 10332 2814 10333 2855 10333 2853 10333 2814 10334 2853 10334 2812 10334 2812 10335 2853 10335 2851 10335 2812 10336 2851 10336 2810 10336 2810 10337 2851 10337 2849 10337 2810 10338 2849 10338 2808 10338 2808 10339 2849 10339 2847 10339 2808 10340 2847 10340 2806 10340 2806 10341 2847 10341 2845 10341 2806 10342 2845 10342 2804 10342 2804 10343 2845 10343 2843 10343 2804 10344 2843 10344 2802 10344 2802 10345 2843 10345 2841 10345 2802 10346 2841 10346 2800 10346 2800 10347 2841 10347 2839 10347 2800 10348 2839 10348 2798 10348 2798 10349 2839 10349 2837 10349 2798 10350 2837 10350 2796 10350 2796 10351 2837 10351 2835 10351 2796 10352 2835 10352 2794 10352 2794 10353 2835 10353 2833 10353 2794 10354 2833 10354 2792 10354 2792 10355 2833 10355 2831 10355 2792 10356 2831 10356 2790 10356 2790 10357 2831 10357 2829 10357 2790 10358 2829 10358 2789 10358 2789 10359 2829 10359 2828 10359 2789 10360 2828 10360 2791 10360 2791 10361 2828 10361 2830 10361 2791 10362 2830 10362 2793 10362 2793 10363 2830 10363 2832 10363 2793 10364 2832 10364 2795 10364 2795 10365 2832 10365 2834 10365 2795 10366 2834 10366 2797 10366 2797 10367 2834 10367 2836 10367 2797 10368 2836 10368 2799 10368 2799 10369 2836 10369 2838 10369 2799 10370 2838 10370 2801 10370 2801 10371 2838 10371 2840 10371 2801 10372 2840 10372 2803 10372 2803 10373 2840 10373 2842 10373 2803 10374 2842 10374 2805 10374 2805 10375 2842 10375 2844 10375 2805 10376 2844 10376 2807 10376 2807 10377 2844 10377 2846 10377 2807 10378 2846 10378 2809 10378 2809 10379 2846 10379 2848 10379 2809 10380 2848 10380 2811 10380 2811 10381 2848 10381 2850 10381 6658 309 6660 309 6664 309 6664 10382 6660 10382 6662 10382 6664 10383 6662 10383 6665 10383 6655 10384 6654 10384 6664 10384 6664 10385 6654 10385 6656 10385 6664 10386 6656 10386 6658 10386 6661 10387 6659 10387 6664 10387 6664 309 6659 309 6657 309 6664 309 6657 309 6655 309 6668 309 6666 309 6664 309 6664 10388 6666 10388 6663 10388 6664 309 6663 309 6661 309 6674 10389 6672 10389 6664 10389 6664 10390 6672 10390 6670 10390 6664 10391 6670 10391 6668 10391 6671 309 6673 309 6664 309 6664 10392 6673 10392 6675 10392 6664 10393 6675 10393 6674 10393 6665 309 6667 309 6664 309 6664 10394 6667 10394 6669 10394 6664 309 6669 309 6671 309 2899 10395 3154 10395 2896 10395 2896 10396 3154 10396 3148 10396 2899 10397 2900 10397 3154 10397 3154 10398 2900 10398 2903 10398 3154 10399 2903 10399 3160 10399 2903 10400 2905 10400 3160 10400 3160 10401 2905 10401 2906 10401 3160 10402 2906 10402 3166 10402 2913 10403 3173 10403 2910 10403 2910 10404 3173 10404 3166 10404 2910 10405 3166 10405 2909 10405 2909 10406 3166 10406 2906 10406 2919 10407 3178 10407 2917 10407 2917 10408 3178 10408 3173 10408 2917 10409 3173 10409 2914 10409 2914 10410 3173 10410 2913 10410 2919 10411 2920 10411 3178 10411 3178 10412 2920 10412 2923 10412 3178 10413 2923 10413 3180 10413 2929 10414 3182 10414 2927 10414 2927 10415 3182 10415 3180 10415 2927 10416 3180 10416 2924 10416 2924 10417 3180 10417 2923 10417 2929 10418 2930 10418 3182 10418 3182 10419 2930 10419 2932 10419 3182 10420 2932 10420 3183 10420 2932 10421 2931 10421 3183 10421 3183 10422 2931 10422 2928 10422 3183 10423 2928 10423 3181 10423 2922 10424 3179 10424 2925 10424 2925 10425 3179 10425 3181 10425 2925 10426 3181 10426 2926 10426 2926 10427 3181 10427 2928 10427 2922 10428 2921 10428 3179 10428 3179 10429 2921 10429 2918 10429 3179 10430 2918 10430 3176 10430 2912 10431 3169 10431 2915 10431 2915 10432 3169 10432 3176 10432 2915 10433 3176 10433 2916 10433 2916 10434 3176 10434 2918 10434 2912 10435 2911 10435 3169 10435 3169 10436 2911 10436 2908 10436 3169 10437 2908 10437 3161 10437 2902 10438 3157 10438 2904 10438 2904 10439 3157 10439 3161 10439 2904 10440 3161 10440 2907 10440 2907 10441 3161 10441 2908 10441 2902 10442 2901 10442 3157 10442 3157 10443 2901 10443 2898 10443 3157 10444 2898 10444 3151 10444 2892 10445 3145 10445 2894 10445 2894 10446 3145 10446 3151 10446 2894 10447 3151 10447 2897 10447 2897 10448 3151 10448 2898 10448 2892 10449 2891 10449 3145 10449 3145 10450 2891 10450 2888 10450 3145 10451 2888 10451 3137 10451 2888 10452 2887 10452 3137 10452 3137 10453 2887 10453 2884 10453 3137 10454 2884 10454 3131 10454 2878 10455 3128 10455 2881 10455 2881 10456 3128 10456 3131 10456 2881 10457 3131 10457 2882 10457 2882 10458 3131 10458 2884 10458 2878 10459 2877 10459 3128 10459 3128 10460 2877 10460 2874 10460 3128 10461 2874 10461 3126 10461 2868 10462 3124 10462 2870 10462 2870 10463 3124 10463 3126 10463 2870 10464 3126 10464 2873 10464 2873 10465 3126 10465 2874 10465 2868 10466 2867 10466 3124 10466 3124 10467 2867 10467 2869 10467 3124 10468 2869 10468 3125 10468 2875 10469 3127 10469 2872 10469 2872 10470 3127 10470 3125 10470 2872 10471 3125 10471 2871 10471 2871 10472 3125 10472 2869 10472 2875 10473 2876 10473 3127 10473 3127 10474 2876 10474 2879 10474 3127 10475 2879 10475 3129 10475 2885 10476 3134 10476 2883 10476 2883 10477 3134 10477 3129 10477 2883 10478 3129 10478 2880 10478 2880 10479 3129 10479 2879 10479 2885 10480 2886 10480 3134 10480 3134 10481 2886 10481 2889 10481 3134 10482 2889 10482 3140 10482 2889 10483 2890 10483 3140 10483 3140 10484 2890 10484 2893 10484 3140 10485 2893 10485 3148 10485 3148 10486 2893 10486 2895 10486 3148 10487 2895 10487 2896 10487 6641 10488 6660 10488 6639 10488 6639 10489 6660 10489 6658 10489 6639 10490 6658 10490 6637 10490 6637 10491 6658 10491 6656 10491 6637 10492 6656 10492 6635 10492 6635 10493 6656 10493 6654 10493 6635 10494 6654 10494 6633 10494 6633 10495 6654 10495 6655 10495 6633 10496 6655 10496 6634 10496 6634 10497 6655 10497 6657 10497 6634 10498 6657 10498 6636 10498 6636 10499 6657 10499 6659 10499 6636 10500 6659 10500 6638 10500 6638 10501 6659 10501 6661 10501 6638 10502 6661 10502 6640 10502 6640 10503 6661 10503 6663 10503 6640 10504 6663 10504 6642 10504 6642 10505 6663 10505 6666 10505 6642 10506 6666 10506 6644 10506 6644 10507 6666 10507 6668 10507 6644 10508 6668 10508 6646 10508 6646 10509 6668 10509 6670 10509 6646 10510 6670 10510 6648 10510 6648 10511 6670 10511 6672 10511 6648 10512 6672 10512 6650 10512 6650 10513 6672 10513 6674 10513 6650 10514 6674 10514 6652 10514 6652 10515 6674 10515 6675 10515 6652 10516 6675 10516 6653 10516 6653 10517 6675 10517 6673 10517 6653 10518 6673 10518 6651 10518 6651 10519 6673 10519 6671 10519 6651 10520 6671 10520 6649 10520 6649 10521 6671 10521 6669 10521 6649 10522 6669 10522 6647 10522 6647 10523 6669 10523 6667 10523 6647 10524 6667 10524 6645 10524 6645 10525 6667 10525 6665 10525 6645 10526 6665 10526 6643 10526 6643 10527 6665 10527 6662 10527 6643 10528 6662 10528 6641 10528 6641 10529 6662 10529 6660 10529 3168 309 3176 309 3163 309 3163 309 3176 309 3169 309 3163 309 3169 309 3159 309 3159 309 3169 309 3161 309 3159 10530 3161 10530 3156 10530 3156 10531 3161 10531 3157 10531 3156 309 3157 309 3150 309 3170 309 3182 309 3172 309 3172 309 3182 309 3183 309 3172 10532 3183 10532 3171 10532 3171 309 3183 309 3181 309 3171 10533 3181 10533 3168 10533 3168 10534 3181 10534 3179 10534 3168 10535 3179 10535 3176 10535 3157 309 3151 309 3150 309 3150 10536 3151 10536 3145 10536 3150 10537 3145 10537 3147 10537 3147 10538 3145 10538 3137 10538 3147 309 3137 309 3142 309 3142 309 3137 309 3131 309 3142 309 3131 309 3139 309 3155 309 3160 309 3158 309 3158 309 3160 309 3166 309 3158 309 3166 309 3162 309 3162 309 3166 309 3173 309 3162 309 3173 309 3167 309 3167 10539 3173 10539 3178 10539 3167 309 3178 309 3170 309 3170 10540 3178 10540 3180 10540 3170 10541 3180 10541 3182 10541 3141 10542 3134 10542 3146 10542 3146 309 3134 309 3140 309 3146 309 3140 309 3149 309 3149 10543 3140 10543 3148 10543 3149 309 3148 309 3155 309 3155 10544 3148 10544 3154 10544 3155 10545 3154 10545 3160 10545 3131 309 3128 309 3139 309 3139 309 3128 309 3126 309 3139 309 3126 309 3136 309 3136 309 3126 309 3124 309 3136 309 3124 309 3135 309 3135 309 3124 309 3125 309 3135 309 3125 309 3138 309 3138 309 3125 309 3127 309 3138 10546 3127 10546 3141 10546 3141 10547 3127 10547 3129 10547 3141 10548 3129 10548 3134 10548 3149 10549 6639 10549 3146 10549 3146 10550 6639 10550 6637 10550 3146 10551 6637 10551 3141 10551 3141 10552 6637 10552 6635 10552 3141 10553 6635 10553 3138 10553 3138 10554 6635 10554 6633 10554 3138 10555 6633 10555 3135 10555 3135 10556 6633 10556 6634 10556 3135 10556 6634 10556 3136 10556 3136 10557 6634 10557 6636 10557 3136 10558 6636 10558 3139 10558 3139 10559 6636 10559 6638 10559 3139 10559 6638 10559 3142 10559 3142 10560 6638 10560 6640 10560 3142 10561 6640 10561 3147 10561 3147 10562 6640 10562 6642 10562 3147 10563 6642 10563 3150 10563 3150 10564 6642 10564 6644 10564 3150 10565 6644 10565 3156 10565 3156 10566 6644 10566 6646 10566 3156 10567 6646 10567 3159 10567 3159 10568 6646 10568 6648 10568 3159 10569 6648 10569 3163 10569 3163 10570 6648 10570 6650 10570 3163 10571 6650 10571 3168 10571 3168 10572 6650 10572 6652 10572 3168 10572 6652 10572 3171 10572 3171 10573 6652 10573 6653 10573 3171 10573 6653 10573 3172 10573 3172 10574 6653 10574 6651 10574 3172 10575 6651 10575 3170 10575 3170 10576 6651 10576 6649 10576 3170 10577 6649 10577 3167 10577 3167 10578 6649 10578 6647 10578 3167 10578 6647 10578 3162 10578 3162 10579 6647 10579 6645 10579 3162 10580 6645 10580 3158 10580 3158 10581 6645 10581 6643 10581 3158 10582 6643 10582 3155 10582 3155 10583 6643 10583 6641 10583 3155 10584 6641 10584 3149 10584 3149 10549 6641 10549 6639 10549</p>
        </triangles>
      </mesh>
    </geometry>
  </library_geometries>
  <library_animations>
    <animation id="action_container-Object-1_001" name="Object-1.001"/>
  </library_animations>
  <library_visual_scenes>
    <visual_scene id="Scene" name="Scene">
      <node id="Object-1_001" name="Object-1.001" type="NODE">
        <matrix sid="transform">1 0 0 0 0 -4.37114e-8 -1 0 0 1 -4.37114e-8 0 0 0 0 1</matrix>
        <instance_geometry url="#Mesh-1_002-mesh" name="Object-1.001"/>
      </node>
    </visual_scene>
  </library_visual_scenes>
  <scene>
    <instance_visual_scene url="#Scene"/>
  </scene>
</COLLADA>